Date,Open,High,Low,Close,Volume,DailyReturn,CNYUSD,SSE_Close,SSE_Return,Vol_20d,Vol_60d,SP500,VIX,Tesla,Brent_Oil,Copper,SSE,CATL_Close,PBoC_LPR_1y,Beijing_Temp_C
2015-01-06,39.43,41.5,39.1,40.38,138891,0.0017365418010419,6.2125,3351.446044921875,0.0002766741335407,,,2002.6099853515625,21.1200008392334,14.085332870483398,51.099998474121094,2.803999900817871,3351.446044921875,,5.51,-1.3
2015-01-07,40.3,40.3,38.95,38.99,111674,-0.034422981674096,6.2127,3373.9541015625,0.0067159239143144,,,2025.9000244140625,19.309999465942383,14.063332557678223,51.150001525878906,2.7960000038146973,3373.9541015625,,5.51,-1.7
2015-01-08,38.98,39.25,38.43,38.56,68918,-0.0110284688381636,6.2143,3293.4560546875,-0.0238586668495937,,,2062.139892578125,17.010000228881836,14.041333198547363,50.959999084472656,2.806999921798706,3293.4560546875,,5.51,-2.4
2015-01-09,38.59,39.55,38.4,38.49,85151,-0.0018153526970954,6.2085,3285.412109375,-0.0024424025033068,,,2044.81005859375,17.549999237060547,13.77733325958252,50.11000061035156,2.7904999256134033,3285.412109375,,5.51,-1.9
2015-01-12,38.53,40.38,38.53,39.53,113489,0.0270200051961548,6.2027,3229.31591796875,-0.0170743241757033,,,2028.260009765625,19.600000381469727,13.480667114257812,47.43000030517578,2.763000011444092,3229.31591796875,,5.51,-2.3
2015-01-13,40.05,40.94,39.55,40.37,133271,0.0212496837844673,6.197,3235.301025390625,0.0018533669587952,,,2023.030029296875,20.559999465942383,13.616666793823242,46.59000015258789,2.678999900817871,3235.301025390625,,5.51,-1.5
2015-01-14,40.35,40.75,39.05,39.53,69894,-0.020807530344315,6.1957,3222.43701171875,-0.0039761411908562,,,2011.27001953125,21.479999542236328,12.845999717712402,48.689998626708984,2.552999973297119,3222.43701171875,,5.51,-2.1
2015-01-15,39.65,39.93,38.63,39.13,59576,-0.0101188970402226,6.187,3336.455078125,0.0353825586013352,,,1992.6700439453125,22.389999389648438,12.791333198547363,47.66999816894531,2.6110000610351562,3336.455078125,,5.51,-1.8
2015-01-16,39.16,39.73,38.84,39.62,72732,0.0125223613595706,6.2065,3376.4951171875,0.0120007727138353,,,2019.4200439453125,20.950000762939453,12.871333122253418,47.689998626708984,2.6540000438690186,3376.4951171875,,5.51,-2.6
2015-01-19,39.47,40.48,37.84,38.36,108004,-0.0318021201413427,6.2065,3116.35107421875,-0.0770455854191907,,,2019.4200439453125,20.950000762939453,12.871333122253418,47.689998626708984,2.6540000438690186,3116.35107421875,,5.51,-0.6
2015-01-20,38.49,39.4,38.33,39.0,87505,0.0166840458811261,6.2137,3173.052001953125,0.018194653421258,,,2022.550048828125,19.889999389648438,12.795332908630371,47.9900016784668,2.615499973297119,3173.052001953125,,5.51,-1.6
2015-01-21,39.14,39.83,39.0,39.53,92544,0.0135897435897436,6.2112,3323.611083984375,0.0474492954854113,,,2032.1199951171875,18.850000381469727,13.104666709899902,49.029998779296875,2.615000009536743,3323.611083984375,,5.51,-0.5
2015-01-22,39.7,40.0,39.25,39.86,95295,0.0083480900581836,6.2085,3343.343994140625,0.0059371898990643,,,2063.14990234375,16.399999618530273,13.441332817077637,48.52000045776367,2.6005001068115234,3343.343994140625,,5.51,-1.4
2015-01-23,40.0,41.01,39.93,40.16,141481,0.0075263421976918,6.2279,3351.763916015625,0.0025184132681999,,,2051.820068359375,16.65999984741211,13.419333457946777,48.790000915527344,2.5374999046325684,3351.763916015625,,5.51,-0.6
2015-01-26,40.35,40.85,39.61,40.15,95294,-0.0002490039840636,6.2535,3383.181884765625,0.0093735625590682,,,2057.090087890625,15.520000457763672,13.770000457763672,48.15999984741211,2.573499917984009,3383.181884765625,,5.51,-1.0
2015-01-27,40.15,40.45,39.65,40.05,106373,-0.0024906600249066,6.243,3352.9599609375,-0.008932988192037,,,2029.550048828125,17.219999313354492,13.732000350952148,49.599998474121094,2.5134999752044678,3352.9599609375,,5.51,-4.6
2015-01-28,40.26,40.95,39.93,40.45,108934,0.0099875156054933,6.2475,3305.738037109375,-0.0140836527659941,,,2002.1600341796875,20.440000534057617,13.291333198547363,48.470001220703125,2.5215001106262207,3305.738037109375,,5.51,-3.7
2015-01-29,40.59,40.64,39.47,39.81,92448,-0.0158220024721879,6.2463,3262.304931640625,-0.0131387015489978,,,2021.25,18.760000228881836,13.680000305175781,49.130001068115234,2.4704999923706055,3262.304931640625,,5.51,-1.5
2015-01-30,39.75,40.03,38.3,38.31,101893,-0.0376789751318764,6.2495,3210.363037109375,-0.0159218391964138,,,1994.989990234375,20.969999313354492,13.573332786560059,52.9900016784668,2.5280001163482666,3210.363037109375,,5.51,-3.3
2015-02-02,38.05,38.96,37.55,38.52,52506,0.0054815974941269,6.2594,3128.300048828125,-0.0255619029164813,0.2937278521619229,,2020.8499755859375,19.43000030517578,14.062666893005371,54.75,2.510999917984009,3128.300048828125,,5.51,-1.8
2015-02-03,39.24,39.35,38.66,38.78,58743,0.0067497403946001,6.2573,3204.906982421875,0.0244883586606237,0.2951330293518089,,2050.030029296875,17.329999923706055,14.557332992553711,57.90999984741211,2.5999999046325684,3204.906982421875,,5.51,0.7
2015-02-04,39.4,39.4,38.05,38.32,91585,-0.0118617844249613,6.2472,3174.1259765625,-0.0096043367337027,0.2720762710109023,,2041.510009765625,18.329999923706055,14.569999694824219,54.15999984741211,2.611999988555908,3174.1259765625,,5.51,0.5
2015-02-05,38.38,38.57,37.75,37.78,69630,-0.0140918580375782,6.2516,3136.531005859375,-0.0118441961600527,0.2738264792440073,,2062.52001953125,16.850000381469727,14.732666969299316,56.56999969482422,2.611999988555908,3136.531005859375,,5.51,0.2
2015-02-06,38.04,38.17,35.96,36.28,109645,-0.0397035468501852,6.2417,3075.906982421875,-0.0193283673345641,0.3066097629717349,,2055.469970703125,17.290000915527344,14.490667343139648,57.79999923706055,2.6029999256134033,3075.906982421875,,5.51,0.9
2015-02-09,36.41,36.64,36.08,36.28,48008,0.0,6.2467,3095.1240234375,0.0062476014799686,0.2861021310538147,,2046.739990234375,18.549999237060547,14.498666763305664,58.34000015258789,2.5989999771118164,3095.1240234375,,5.51,-1.7
2015-02-10,36.54,37.37,36.16,37.19,59570,0.025082690187431,6.2405,3141.593017578125,0.0150136129566194,0.2908942551315348,,2068.590087890625,17.229999542236328,14.419333457946777,56.43000030517578,2.5625,3141.593017578125,,5.51,1.4
2015-02-11,36.85,37.39,36.51,36.66,71371,-0.0142511427803173,6.2422,3157.7041015625,0.0051283167151916,0.2867512503739941,,2068.530029296875,16.959999084472656,14.186667442321777,54.65999984741211,2.552500009536743,3157.7041015625,,5.51,1.2
2015-02-12,36.7,38.02,36.5,37.93,102849,0.0346426623022368,6.244,3173.416015625,0.0049757398277836,0.315811876729864,,2088.47998046875,15.34000015258789,13.525333404541016,57.04999923706055,2.6089999675750732,3173.416015625,,5.51,-0.2
2015-02-13,38.54,41.72,38.11,41.72,369387,0.0999209069338253,6.2399,3203.826904296875,0.0095830135482206,0.4776844621089493,,2096.989990234375,14.6899995803833,13.584667205810547,57.38999938964844,2.6135001182556152,3203.826904296875,,5.51,0.6
2015-02-16,43.91,45.89,43.63,45.89,377528,0.0999520613614572,6.2399,3222.363037109375,0.0057856224341084,0.5703203175112758,,2096.989990234375,14.6899995803833,13.584667205810547,57.38999938964844,2.6135001182556152,3222.363037109375,,5.51,3.1
2015-02-17,48.85,50.47,45.89,50.47,350388,0.099803878840706,6.2546,3246.906005859375,0.0076164505573574,0.6541842832975445,,2100.340087890625,15.800000190734863,13.623332977294922,62.529998779296875,2.5945000648498535,3246.906005859375,,5.51,2.1
2015-02-25,52.55,52.6,49.42,49.94,508311,-0.0105012878937983,6.2591,3228.843017578125,-0.0055631386460383,0.6598258946441555,,2113.860107421875,13.84000015258789,13.583999633789062,61.630001068115234,2.7074999809265137,3228.843017578125,,5.51,0.5
2015-02-26,49.94,50.85,48.32,49.33,330743,-0.0122146575891068,6.2584,3298.35888671875,0.021529652808196,0.6655715990374294,,2110.739990234375,13.90999984741211,13.812666893005371,60.04999923706055,2.7139999866485596,3298.35888671875,,5.51,-0.7
2015-02-27,49.0,50.85,48.15,50.63,368404,0.0263531319683762,6.2695,3310.302978515625,0.0036212226161833,0.6674279578030117,,2104.5,13.34000015258789,13.555999755859375,62.58000183105469,2.7160000801086426,3310.302978515625,,5.51,-1.1
2015-03-02,52.15,55.69,51.35,51.83,502599,0.0237013628283624,6.272,3336.284912109375,0.0078488083303482,0.6667955857682327,,2117.389892578125,13.039999961853027,13.155332565307617,59.540000915527344,2.7109999656677246,3336.284912109375,,5.3,4.5
2015-03-03,51.05,54.73,50.58,51.41,328627,-0.0081034150106116,6.2741,3263.052001953125,-0.0219504365141129,0.6688922550033368,,2107.780029296875,13.859999656677246,13.303999900817871,61.02000045776367,2.6735000610351562,3263.052001953125,,5.3,1.1
2015-03-04,51.05,53.93,50.41,52.04,298977,0.0122544252091032,6.2701,3279.532958984375,0.005050779767342,0.6687885014068804,,2098.530029296875,14.229999542236328,13.496000289916992,60.54999923706055,2.677000045776367,3279.532958984375,,5.3,-0.7
2015-03-05,51.55,57.24,51.44,57.24,372516,0.099923136049193,6.2658,3248.47607421875,-0.0094699108543927,0.7253249563987351,,2101.0400390625,14.039999961853027,13.375332832336426,60.47999954223633,2.671999931335449,3248.47607421875,,5.3,0.8
2015-03-06,59.2,59.65,51.85,52.35,514541,-0.0854297693920335,6.262,3241.18701171875,-0.0022438405989346,0.7918107966442042,,2071.260009765625,15.199999809265137,12.925333023071289,59.72999954223633,2.628999948501587,3241.18701171875,,5.3,3.0
2015-03-09,50.55,52.05,49.13,51.25,259237,-0.0210124164278892,6.2635,3302.407958984375,0.018888434096606,0.8023859155186458,,2079.429931640625,15.0600004196167,12.725333213806152,58.529998779296875,2.687000036239624,3302.407958984375,,5.3,-0.4
2015-03-10,51.15,52.93,50.75,51.25,215636,0.0,6.2615,3286.068115234375,-0.0049478574279554,0.8037255543073042,,2044.1600341796875,16.690000534057617,12.687999725341797,56.38999938964844,2.634999990463257,3286.068115234375,,5.3,0.7
2015-03-11,50.65,51.55,49.63,50.05,188309,-0.0234146341463414,6.2613,3290.89990234375,0.0014703855610826,0.8099115938866014,,2040.239990234375,16.8700008392334,12.916000366210938,57.540000915527344,2.622499942779541,3290.89990234375,,5.3,2.5
2015-03-12,50.63,50.63,48.35,49.17,193815,-0.0175824175824175,6.2614,3349.322998046875,0.0177529239529639,0.811647186809118,,2065.949951171875,15.420000076293945,12.73799991607666,57.08000183105469,2.674499988555908,3349.322998046875,,5.3,4.2
2015-03-13,49.55,50.4,48.85,50.03,175096,0.0174903396379906,6.2585,3372.910888671875,0.0070425846174748,0.7860005820604751,,2053.39990234375,16.0,12.578666687011719,54.66999816894531,2.678499937057495,3372.910888671875,,5.3,4.5
2015-03-16,50.59,51.54,50.06,51.19,201115,0.0231860883469916,6.262,3449.304931640625,0.0226492918106209,0.7835250360409797,,2081.18994140625,15.609999656677246,13.046667098999023,53.439998626708984,2.677500009536743,3449.304931640625,,5.3,9.3
2015-03-17,51.35,52.71,50.53,51.55,223455,0.007032623559289,6.249,3502.846923828125,0.0155225453384411,0.7841301261701674,,2074.280029296875,15.65999984741211,12.982000350952148,53.43000030517578,2.6414999961853027,3502.846923828125,,5.3,8.8
2015-03-18,51.55,54.04,51.06,53.4,269896,0.0358874878758486,6.2289,3577.301025390625,0.0212553112315658,0.7772964276739536,,2099.5,13.970000267028809,13.380666732788086,55.90999984741211,2.5869998931884766,3577.301025390625,,5.3,8.8
2015-03-19,53.4,55.84,53.15,53.93,262973,0.0099250936329589,6.1955,3582.27099609375,0.0013893073766646,0.7761114982973062,,2089.27001953125,14.069999694824219,13.043333053588867,54.43000030517578,2.674499988555908,3582.27099609375,,5.3,10.0
2015-03-20,53.05,53.67,52.05,52.85,218476,-0.0200259595772297,6.2037,3617.318115234375,0.0097834918627992,0.7250576099091778,,2108.10009765625,13.020000457763672,13.20533275604248,55.31999969482422,2.7750000953674316,3617.318115234375,,5.3,10.6
2015-03-23,52.84,53.38,52.53,53.16,196599,0.0058656575212865,6.2135,3687.72802734375,0.019464672408225,0.6479881618056399,,2104.419921875,13.40999984741211,13.308667182922363,55.91999816894531,2.808000087738037,3687.72802734375,,5.3,8.6
2015-03-24,53.2,54.93,51.96,53.45,278551,0.0054552294958616,6.2046,3691.409912109375,0.0009984154846356,0.5501661906075916,,2091.5,13.619999885559082,13.447999954223633,55.11000061035156,2.815000057220459,3691.409912109375,,5.3,7.9
2015-03-25,53.25,53.73,52.0,52.24,213325,-0.0226379794200187,6.2116,3660.72705078125,-0.0083119626534762,0.5559019065003842,,2061.050048828125,15.4399995803833,12.953332901000977,56.47999954223633,2.805000066757202,3660.72705078125,,5.3,9.5
2015-03-26,52.43,55.05,52.06,54.27,295858,0.0388591117917305,6.2103,3682.094970703125,0.0058370699660097,0.5670170263572114,,2056.14990234375,15.800000190734863,12.694000244140625,59.189998626708984,2.821500062942505,3682.094970703125,,5.3,12.3
2015-03-27,54.53,54.53,51.95,52.9,195416,-0.0252441496222591,6.2145,3691.095947265625,0.0024445259109602,0.5712758524738262,,2061.02001953125,15.069999694824219,12.333333015441895,56.40999984741211,2.7750000953674316,3691.095947265625,,5.3,13.3
2015-03-30,53.1,53.65,52.35,52.76,184940,-0.0026465028355388,6.2065,3786.568115234375,0.0258655340670501,0.5661267288938892,,2086.239990234375,14.510000228881836,12.704667091369629,56.290000915527344,2.7874999046325684,3786.568115234375,,5.3,17.1
2015-03-31,52.78,53.73,52.32,52.45,187405,-0.0058756633813493,6.199,3747.89892578125,-0.0102121996162035,0.5656811337459609,,2067.889892578125,15.289999961853027,12.584667205810547,55.11000061035156,2.746999979019165,3747.89892578125,,5.3,13.3
2015-04-01,54.05,57.69,54.05,57.69,336530,0.0999046711153479,6.1976,3810.2939453125,0.0166479995236914,0.6645045436760381,,2059.68994140625,15.109999656677246,12.505999565124512,57.099998474121094,2.756500005722046,3810.2939453125,,5.3,9.8
2015-04-02,60.05,62.49,57.6,59.89,468449,0.0381348587276824,6.1968,3825.783935546875,0.0040653005927353,0.5793972108450571,,2066.9599609375,14.670000076293945,12.733332633972168,54.95000076293945,2.747999906539917,3825.783935546875,,5.3,9.4
2015-04-03,59.11,61.8,58.08,61.4,308114,0.0252128902988812,6.193,3863.928955078125,0.0099705106649723,0.4803372306108294,,2066.9599609375,14.670000076293945,12.733332633972168,54.95000076293945,2.747999906539917,3863.928955078125,,5.3,10.6
2015-04-07,61.41,61.63,59.75,60.44,193109,-0.0156351791530944,6.1955,3961.3779296875,0.0252201776332621,0.4763288517765075,0.5672138678869201,2076.330078125,14.779999732971191,13.550000190734863,59.099998474121094,2.7769999504089355,3961.3779296875,,5.3,6.6
2015-04-08,60.42,60.93,56.9,57.93,221233,-0.0415287888815353,6.202,3994.81103515625,0.008439766682748,0.5081315189133778,0.5759171736988414,2081.89990234375,13.979999542236328,13.844667434692383,55.54999923706055,2.748500108718872,3994.81103515625,,5.3,8.1
2015-04-09,57.75,57.75,53.41,56.05,224860,-0.0324529604695322,6.205,3957.533935546875,-0.0093313799529736,0.5161660719425758,0.5753307549449189,2091.179931640625,13.09000015258789,14.005999565124512,56.56999969482422,2.744999885559082,3957.533935546875,,5.3,10.4
2015-04-10,56.73,58.0,56.63,56.95,159685,0.016057091882248,6.2082,4034.31005859375,0.0193999910796129,0.5094056393822852,0.574443964459733,2102.06005859375,12.579999923706055,14.0600004196167,57.869998931884766,2.750499963760376,4034.31005859375,,5.3,12.8
2015-04-13,56.95,59.25,55.55,59.25,215658,0.0403863037752414,6.2152,4121.71484375,0.0216653613348491,0.5214934847770476,0.5781307116630452,2092.429931640625,13.9399995803833,13.985333442687988,57.93000030517578,2.736999988555908,4121.71484375,,5.3,10.8
2015-04-14,58.93,59.15,57.03,57.1,160445,-0.0362869198312235,6.2113,4135.56494140625,0.0033602755603658,0.5423385686883665,0.5836958410063692,2095.840087890625,13.670000076293945,13.830666542053223,58.43000030517578,2.7195000648498535,4135.56494140625,,5.3,14.1
2015-04-15,56.1,57.02,55.5,56.05,128143,-0.0183887915936953,6.2037,4084.1630859375,-0.0124292221732761,0.549172615968646,0.5851542215532419,2106.6298828125,12.84000015258789,13.85533332824707,60.31999969482422,2.7295000553131104,4084.1630859375,,5.3,17.6
2015-04-16,55.91,58.33,55.49,57.75,150819,0.0303300624442461,6.1947,4194.8232421875,0.0270949406087681,0.5453340551326118,0.5844822370532766,2104.989990234375,12.600000381469727,13.779999732971191,60.400001525878906,2.7855000495910645,4194.8232421875,,5.3,15.2
2015-04-17,58.67,59.04,57.05,57.2,163226,-0.0095238095238094,6.1976,4287.2958984375,0.0220444702699267,0.5471208174178693,0.5844091181333454,2081.179931640625,13.890000343322754,13.78600025177002,63.45000076293945,2.7834999561309814,4287.2958984375,,5.3,16.6
2015-04-20,56.63,56.63,54.75,54.85,169069,-0.0410839160839161,6.2014,4217.0771484375,-0.0163783306922181,0.5639758215849273,0.5925140365790601,2100.39990234375,13.300000190734863,13.684666633605957,63.45000076293945,2.7355000972747803,4217.0771484375,,5.3,14.8
2015-04-21,54.86,56.54,54.86,56.16,127653,0.0238833181403828,6.201,4293.623046875,0.0181514105014326,0.5690289882621229,0.5882733506805062,2097.2900390625,13.25,13.96066665649414,62.08000183105469,2.7049999237060547,4293.623046875,,5.3,17.8
2015-04-22,56.55,58.83,56.35,57.3,155828,0.0202991452991452,6.1927,4398.494140625,0.0244248488060281,0.5721895115461322,0.5885732905045635,2107.9599609375,12.710000038146973,14.629332542419434,62.72999954223633,2.6695001125335693,4398.494140625,,5.3,17.9
2015-04-23,58.05,63.03,58.05,63.03,440926,0.1,6.1975,4414.5078125,0.0036407168824201,0.6557149754608251,0.6185268591778448,2112.929931640625,12.479999542236328,14.573332786560059,64.8499984741211,2.697999954223633,4414.5078125,,5.3,20.7
2015-04-28,64.05,66.55,58.94,59.56,385419,-0.0550531492939869,6.2035,4476.21484375,0.0139782358239965,0.6853786318999543,0.6321057712071819,2114.760009765625,12.40999984741211,15.36533260345459,64.63999938964844,2.7799999713897705,4476.21484375,,5.3,21.2
2015-04-29,59.57,64.05,57.55,61.24,222429,0.0282068502350569,6.1989,4476.6201171875,9.053931762581512e-05,0.6797916693705459,0.633532202901747,2106.85009765625,13.390000343322754,15.49666690826416,65.83999633789062,2.7950000762939453,4476.6201171875,,5.3,21.5
2015-04-30,62.25,62.61,59.93,60.05,161950,-0.0194317439581973,6.2018,4441.65478515625,-0.0078106542695022,0.6859262041196876,0.6357914245694376,2085.510009765625,14.550000190734863,15.069999694824219,66.77999877929688,2.8864998817443848,4441.65478515625,,5.3,23.7
2015-05-04,60.05,64.65,60.05,61.44,186162,0.0231473771856787,6.2085,4480.4638671875,0.0087375277702688,0.6862362311627592,0.6362416184939861,2114.489990234375,12.850000381469727,15.36733341217041,66.44999694824219,2.9240000247955322,4480.4638671875,,5.3,17.1
2015-05-05,61.05,61.05,57.85,58.44,158617,-0.048828125,6.2058,4298.7060546875,-0.0405667399375979,0.6246975817821526,0.6467590222119429,2089.4599609375,14.3100004196167,15.529999732971191,67.5199966430664,2.940000057220459,4298.7060546875,,5.3,20.0
2015-05-06,59.55,60.65,57.75,58.2,130049,-0.0041067761806981,6.2001,4229.26611328125,-0.0161536845094419,0.6095382440537241,0.6454417435340177,2080.14990234375,15.149999618530273,15.362000465393066,67.7699966430664,2.932499885559082,4229.26611328125,,5.3,17.9
2015-05-07,57.82,59.35,57.11,58.8,112170,0.0103092783505154,6.2063,4112.2138671875,-0.0276767275831067,0.6033866493949046,0.6386653231053131,2088.0,15.130000114440918,15.786666870117188,65.54000091552734,2.9260001182556152,4112.2138671875,,5.3,18.5
2015-05-08,59.26,59.9,58.03,59.55,133633,0.0127551020408163,6.2084,4205.9169921875,0.0227865398119693,0.6029716623835921,0.6387195920243322,2116.10009765625,12.859999656677246,15.77400016784668,65.38999938964844,2.930999994277954,4205.9169921875,,5.3,18.0
2015-05-11,59.85,63.85,59.43,63.14,248832,0.0602854743912679,6.2086,4333.583984375,0.0303541397570712,0.6182281322370058,0.6476106334668853,2105.330078125,13.850000381469727,15.965999603271484,64.91000366210938,2.9175000190734863,4333.583984375,,5.05,13.8
2015-05-12,63.16,65.22,62.05,64.55,241221,0.0223313272093759,6.2086,4401.21923828125,0.0156072327547158,0.6046142858244216,0.6467066646727747,2099.1201171875,13.859999656677246,16.31599998474121,66.86000061035156,2.950500011444092,4401.21923828125,,5.05,18.3
2015-05-13,64.25,64.53,61.81,63.18,176840,-0.0212238574748256,6.2043,4375.759765625,-0.0057846408637876,0.6122662253521379,0.6479830302386429,2098.47998046875,13.760000228881836,16.211999893188477,66.80999755859375,2.950000047683716,4375.759765625,,5.05,21.6
2015-05-14,63.18,64.05,61.13,62.8,153779,-0.0060145615701171,6.2013,4378.31103515625,0.0005830460692317,0.5996260653565402,0.6407149900089858,2121.10009765625,12.739999771118164,16.273332595825195,66.58999633789062,2.946000099182129,4378.31103515625,,5.05,21.2
2015-05-15,62.65,63.25,60.43,60.87,148110,-0.0307324840764331,6.2051,4308.69091796875,-0.0159011355357067,0.5950345899816942,0.6458323505227787,2122.72998046875,12.380000114440918,16.589332580566406,66.56999969482422,2.9489998817443848,4308.69091796875,,5.05,20.2
2015-05-18,61.39,62.65,60.53,62.55,208027,0.0275998028585509,6.2041,4283.4912109375,-0.0058485761710496,0.5946221162027282,0.6461130292450631,2129.199951171875,12.729999542236328,16.583332061767578,66.2699966430664,2.930000066757202,4283.4912109375,,5.05,21.8
2015-05-19,63.6,66.94,62.85,64.61,252954,0.0329336530775379,6.2064,4417.5517578125,0.0312970285856286,0.5960958988909866,0.6459415404388344,2127.830078125,12.850000381469727,16.47599983215332,64.0199966430664,2.8615000247955322,4417.5517578125,,5.05,20.5
2015-05-20,64.62,68.73,64.46,66.24,275732,0.0252282928339264,6.2036,4446.2880859375,0.0065050348474535,0.5966336689224658,0.6447121729081691,2125.85009765625,12.880000114440918,16.290000915527344,65.02999877929688,2.8515000343322754,4446.2880859375,,5.05,22.2
2015-05-21,67.05,72.86,66.06,72.86,258846,0.0999396135265702,6.1958,4529.421875,0.0186973465181961,0.6502666177686539,0.6447233021006187,2130.820068359375,12.109999656677246,16.374666213989258,66.54000091552734,2.871000051498413,4529.421875,,5.05,23.1
2015-05-22,75.21,80.12,75.21,76.05,352264,0.0437825967609113,6.1972,4657.59619140625,0.0282981625345397,0.6576357624438092,0.6211437391446853,2126.06005859375,12.130000114440918,16.51533317565918,65.37000274658203,2.8334999084472656,4657.59619140625,,5.05,23.0
2015-06-04,83.65,83.65,80.06,83.65,266185,0.0999342537804077,6.2006,4947.10205078125,0.0621577842899236,0.7220260875021094,0.6212250254050287,2095.840087890625,14.710000038146973,16.39466667175293,62.029998779296875,2.7155001163482666,4947.10205078125,,5.05,21.3
2015-06-05,85.95,87.65,79.05,79.54,417002,-0.0491332934847579,6.2024,5023.09619140625,0.015361344852993,0.6966266449621716,0.6314176389126609,2092.830078125,14.210000038146973,16.609333038330078,63.310001373291016,2.7219998836517334,5023.09619140625,,5.05,23.9
2015-06-08,78.81,78.81,73.3,75.0,278891,-0.0570781996479758,6.2053,5131.880859375,0.021656895234231,0.699266970909401,0.6442821573157996,2079.280029296875,15.289999961853027,17.086000442504883,62.689998626708984,2.7160000801086426,5131.880859375,,5.05,24.0
2015-06-09,75.0,77.0,73.58,74.19,184408,-0.0108,6.2047,5113.5341796875,-0.0035750400662525,0.7013477661173781,0.6442121613260446,2080.14990234375,14.470000267028809,17.066667556762695,64.87999725341797,2.740499973297119,5113.5341796875,,5.05,25.7
2015-06-10,74.19,77.97,74.05,75.88,270899,0.0227793503167541,6.2055,5106.0361328125,-0.0014663140230458,0.6933787530213205,0.6441139464721807,2105.199951171875,13.220000267028809,16.713333129882812,65.69999694824219,2.7715001106262207,5106.0361328125,,5.05,23.9
2015-06-11,75.7,75.7,72.95,74.05,194653,-0.0241170268845545,6.2065,5121.5927734375,0.0030467157341542,0.7041074251608828,0.6465669093182255,2108.860107421875,12.850000381469727,16.76066780090332,65.11000061035156,2.693000078201294,5121.5927734375,,5.05,23.8
2015-06-12,74.05,76.55,73.54,74.95,206112,0.012153950033761,6.2081,5166.35009765625,0.0087389463002365,0.6685727212546836,0.646563388532863,2094.110107421875,13.779999732971191,16.71266746520996,63.869998931884766,2.69950008392334,5166.35009765625,,5.05,24.0
2015-06-15,75.02,77.55,72.59,75.82,303138,0.0116077384923281,6.208,5062.9931640625,-0.0200057935757467,0.6654530740278002,0.6169464387229388,2084.429931640625,15.390000343322754,16.691999435424805,62.61000061035156,2.6589999198913574,5062.9931640625,,5.05,26.8
2015-06-16,74.55,75.05,72.04,72.92,143026,-0.038248483249802,6.2085,4887.43212890625,-0.0346753450908042,0.6909806769887751,0.594435465712391,2096.2900390625,14.8100004196167,16.874666213989258,62.630001068115234,2.626499891281128,4887.43212890625,,5.05,28.5
2015-06-17,72.95,73.82,70.14,70.95,184206,-0.0270159078442128,6.2086,4967.89794921875,0.0164638235765142,0.7044644357285638,0.5957357998852352,2100.43994140625,14.5,17.360666275024414,63.869998931884766,2.622999906539917,4967.89794921875,,5.05,27.6
2015-06-18,71.01,72.92,67.45,67.69,201249,-0.0459478505990134,6.2075,4785.35595703125,-0.0367443119913939,0.704236322867124,0.6051178946853443,2121.239990234375,13.1899995803833,17.459333419799805,64.26000213623047,2.628499984741211,4785.35595703125,,5.05,27.2
2015-06-19,66.9,66.93,61.63,61.95,204947,-0.0847983453981384,6.2085,4478.36376953125,-0.0641524246590117,0.7678519488108623,0.6301387507636883,2109.989990234375,13.960000038146973,17.500667572021484,63.02000045776367,2.5920000076293945,4478.36376953125,,5.05,21.5
2015-06-23,61.85,63.4,58.14,63.17,196983,0.0196933010492332,6.2066,4576.4921875,0.0219116675238333,0.7672646364092122,0.6292336871684276,2124.199951171875,12.109999656677246,17.844667434692383,64.44999694824219,2.634000062942505,4576.4921875,,5.05,27.2
2015-06-24,63.4,64.55,61.55,63.63,183030,0.0072819376286212,6.2061,4690.14990234375,0.0248351161079634,0.7670837151771513,0.6287119946870647,2108.580078125,13.260000228881836,17.67799949645996,63.4900016784668,2.6465001106262207,4690.14990234375,,5.05,26.0
2015-06-25,63.91,64.67,61.25,62.04,158427,-0.024988213107025,6.2084,4527.77880859375,-0.0346195957764292,0.7641225081082497,0.6304360351195873,2102.31005859375,14.010000228881836,17.91933250427246,63.20000076293945,2.6454999446868896,4527.77880859375,,5.05,26.3
2015-06-26,59.95,60.96,55.84,55.84,202336,-0.0999355254674403,6.208,4192.873046875,-0.0739668998589544,0.8380672999468424,0.665365027736548,2101.489990234375,14.020000457763672,17.805999755859375,63.2599983215332,2.6449999809265137,4192.873046875,,5.05,26.2
2015-06-29,57.15,57.32,50.26,50.26,239643,-0.0999283667621777,6.2085,4053.030029296875,-0.0333525522987994,0.8907432974809815,0.6936049736354674,2057.639892578125,18.850000381469727,17.468000411987305,62.0099983215332,2.6384999752044678,4053.030029296875,,4.8,26.0
2015-06-30,49.38,55.28,45.63,55.28,296002,0.0998806207719857,6.2,4277.22216796875,0.0553146996324545,0.9671316294060046,0.7230198807677068,2063.110107421875,18.229999542236328,17.884000778198242,63.59000015258789,2.623500108718872,4277.22216796875,,4.8,22.8
2015-07-01,55.15,58.02,52.63,53.04,245697,-0.0405209840810419,6.2008,4053.699951171875,-0.0522587342950729,0.8857566340908938,0.7268270560283445,2077.419921875,16.09000015258789,17.94333267211914,62.0099983215332,2.635499954223633,4053.699951171875,,4.8,26.0
2015-07-02,53.05,55.23,47.8,49.32,255483,-0.0701357466063348,6.2044,3912.76708984375,-0.0347664758185625,0.8790078739221763,0.741237590139145,2076.780029296875,16.790000915527344,18.667999267578125,62.06999969482422,2.634500026702881,3912.76708984375,,4.8,26.7
2015-07-03,48.55,53.0,45.66,49.6,275336,0.0056772100567721,6.2044,3686.9150390625,-0.0577218233529635,0.7647306081731631,0.7412449413785395,2076.780029296875,16.790000915527344,18.667999267578125,62.06999969482422,2.634500026702881,3686.9150390625,,4.8,26.1
2015-07-06,54.25,54.25,45.95,50.8,299274,0.0241935483870967,6.2089,3775.912109375,0.0241386279232325,0.7778139125264057,0.7413978389593909,2068.760009765625,17.010000228881836,18.648000717163086,56.540000915527344,2.5429999828338623,3775.912109375,,4.8,26.4
2015-07-07,48.95,49.9,45.73,47.04,436156,-0.074015748031496,6.2097,3727.125,-0.012920615724574,0.7904512827768072,0.7525244254068587,2081.340087890625,16.09000015258789,17.858667373657227,56.849998474121094,2.4509999752044678,3727.125,,4.8,27.6
2015-07-08,42.34,46.64,42.34,44.73,509342,-0.0491071428571429,6.2087,3507.19189453125,-0.0590087816933293,0.7950252414909583,0.757343850738422,2046.6800537109375,19.65999984741211,16.997333526611328,57.04999923706055,2.503999948501587,3507.19189453125,,4.8,28.9
2015-07-09,44.73,49.2,43.56,49.2,230353,0.0999329309188465,6.2086,3709.330078125,0.057635336095793,0.8957377592410741,0.7854395790032306,2051.31005859375,19.969999313354492,17.19466781616211,58.61000061035156,2.558000087738037,3709.330078125,,4.8,29.2
2015-07-10,51.95,54.12,50.15,54.12,206392,0.0999999999999998,6.2092,3877.802978515625,0.045418686620573,0.9912725394690424,0.8115742407279489,2076.6201171875,16.829999923706055,17.27666664123535,58.72999954223633,2.5455000400543213,3877.802978515625,,4.8,28.8
2015-07-13,55.95,59.53,54.25,59.53,347982,0.0999630450849964,6.2081,3970.387939453125,0.0238756227303069,1.067716658251632,0.8116043890301791,2099.60009765625,13.899999618530273,17.477333068847656,57.849998474121094,2.555500030517578,3970.387939453125,,4.8,33.9
2015-07-14,58.05,61.07,55.89,56.25,330450,-0.0550982697799429,6.2088,3924.487060546875,-0.0115608045375465,1.076593248347599,0.8162534604550239,2108.949951171875,13.369999885559082,17.709999084472656,58.5099983215332,2.5445001125335693,3924.487060546875,,4.8,32.9
2015-07-15,55.0,56.03,50.63,50.63,240411,-0.099911111111111,6.2082,3805.702880859375,-0.0302674407775846,1.1175075317640395,0.839843188612799,2107.39990234375,13.229999542236328,17.542667388916016,57.04999923706055,2.5304999351501465,3805.702880859375,,4.8,27.3
2015-07-16,50.63,53.5,48.05,52.24,184014,0.0317993284613864,6.2094,3823.176025390625,0.0045913054902761,1.1290773977757709,0.8421386638089542,2124.2900390625,12.109999656677246,17.778667449951172,57.5099983215332,2.5315001010894775,3823.176025390625,,4.8,25.4
2015-07-17,52.85,56.55,52.4,55.6,183379,0.0643185298621744,6.2085,3957.35205078125,0.0350954349210002,1.1537130680623178,0.8483238960022302,2126.639892578125,11.949999809265137,18.310667037963867,57.52000045776367,2.504499912261963,3957.35205078125,,4.8,22.1
2015-07-20,55.6,56.45,53.88,55.04,191993,-0.0100719424460432,6.2095,3992.110107421875,0.008783160101655,1.1170337430453363,0.8458228786172927,2128.280029296875,12.25,18.817333221435547,56.650001525878906,2.4839999675750732,3992.110107421875,,4.8,23.7
2015-07-21,54.05,56.53,52.55,54.87,154057,-0.0030886627906977,6.2095,4017.675048828125,0.0064038668068602,1.1136688952330074,0.8452853848779657,2119.2099609375,12.220000267028809,17.784666061401367,57.040000915527344,2.4774999618530273,4017.675048828125,,4.8,24.8
2015-07-22,55.37,56.85,54.95,55.61,156527,0.0134864224530708,6.2093,4026.044921875,0.0020832628187081,1.1147705800644343,0.8416902282094849,2114.14990234375,12.119999885559082,17.857999801635742,56.130001068115234,2.43149995803833,4026.044921875,,4.8,24.7
2015-07-23,55.61,57.23,54.24,56.63,167036,0.0183420248156807,6.2091,4123.9228515625,0.024311186682417,1.1147557089112503,0.8389840314700955,2102.14990234375,12.640000343322754,17.81333351135254,55.27000045776367,2.385499954223633,4123.9228515625,,4.8,25.6
2015-07-24,56.75,58.1,55.54,55.64,186910,-0.0174819000529754,6.2095,4070.907958984375,-0.012855452074725,1.0557463918581993,0.8388955114782595,2079.64990234375,13.739999771118164,17.694000244140625,54.619998931884766,2.381500005722046,4070.907958984375,,4.8,25.8
2015-07-27,54.03,55.54,50.08,50.08,181208,-0.0999281092739037,6.2091,3725.55810546875,-0.0848336186902599,1.055746062428336,0.861767772980116,2067.639892578125,15.600000381469727,16.867332458496094,53.470001220703125,2.3505001068115234,3725.55810546875,,4.8,27.3
2015-07-28,47.85,51.02,45.55,49.85,204326,-0.0045926517571884,6.2084,3663.001953125,-0.0167910821876389,0.9902646813022502,0.8616168992762855,2093.25,13.4399995803833,17.654666900634766,53.29999923706055,2.4030001163482666,3663.001953125,,4.8,27.0
2015-07-29,50.73,54.83,49.15,54.83,199882,0.0998996990972918,6.2089,3789.16796875,0.0344433383436677,1.0442570360282295,0.8817044834383785,2108.570068359375,12.5,17.58799934387207,53.380001068115234,2.4079999923706055,3789.16796875,,4.8,27.5
2015-07-30,54.07,55.83,51.23,51.85,162351,-0.0543498084989968,6.2096,3705.76611328125,-0.0220105986740575,1.030868876250927,0.8877800093287259,2108.6298828125,12.130000114440918,17.785999298095703,53.310001373291016,2.381500005722046,3705.76611328125,,4.8,25.0
2015-07-31,51.03,55.68,50.81,55.65,224726,0.073288331726133,6.2097,3663.72607421875,-0.0113444933591008,1.059435124576577,0.8994685574771384,2103.840087890625,12.119999885559082,17.74333381652832,52.209999084472656,2.367500066757202,3663.72607421875,,4.8,24.8
2015-08-03,54.65,57.89,54.35,57.83,249985,0.0391734052111409,6.2087,3622.905029296875,-0.0111419478680812,1.0638199844788905,0.8793101291179244,2098.0400390625,12.5600004196167,17.332666397094727,49.52000045776367,2.3475000858306885,3622.905029296875,,4.8,25.4
2015-08-04,57.93,60.53,55.24,59.71,261999,0.0325090783330452,6.2086,3756.544921875,0.0368874953931821,1.0203748395689092,0.8741603258130762,2093.320068359375,13.0,17.75200080871582,49.9900016784668,2.365000009536743,3756.544921875,,4.8,24.4
2015-08-05,58.73,63.04,58.46,59.5,200544,-0.003516998827667,6.2096,3694.572998046875,-0.0164970538398867,0.9955355141269416,0.8724413079222242,2099.840087890625,12.510000228881836,18.0086669921875,49.59000015258789,2.3529999256134033,3694.572998046875,,4.8,26.0
2015-08-06,59.0,65.45,57.23,65.45,360399,0.1,6.2096,3661.5390625,-0.0089412052663022,0.9956103281707828,0.8945479036121091,2083.56005859375,13.770000457763672,16.408666610717773,49.52000045776367,2.3480000495910645,3661.5390625,,4.8,25.3
2015-08-07,67.05,67.76,63.93,65.05,338396,-0.0061115355233003,6.2087,3744.205078125,0.0225768493013311,0.9472802798819124,0.8937414736342332,2077.570068359375,13.390000343322754,16.167333602905273,48.61000061035156,2.3415000438690186,3744.205078125,,4.8,25.0
2015-08-10,66.0,67.93,63.05,66.86,232231,0.02782475019216,6.2094,3928.4150390625,0.0491986835907363,0.8902482219863094,0.8887290531652087,2104.179931640625,12.229999542236328,16.076000213623047,50.40999984741211,2.4075000286102295,3928.4150390625,,4.8,27.3
2015-08-11,65.6,68.63,65.11,65.75,204553,-0.0166018546215973,6.3232,3927.907958984375,-0.0001290800674274,0.8645638207997941,0.889571282106999,2084.070068359375,13.710000038146973,15.824666976928711,49.18000030517578,2.3410000801086426,3927.907958984375,,4.8,27.1
2015-08-12,64.55,64.97,61.85,62.04,174192,-0.056425855513308,6.3845,3886.320068359375,-0.010587796623359,0.8033553405223124,0.8978876242760354,2086.050048828125,13.609999656677246,15.878000259399414,49.65999984741211,2.3605000972747803,3886.320068359375,,4.8,27.5
2015-08-13,62.02,64.25,61.05,63.89,131595,0.0298194713088331,6.3982,3954.555908203125,0.0175579567929298,0.8027198108743466,0.899402986638061,2083.389892578125,13.489999771118164,16.167333602905273,49.220001220703125,2.365499973297119,3954.555908203125,,4.8,28.0
2015-08-14,63.65,66.4,63.65,63.8,134380,-0.0014086711535452,6.3908,3965.3349609375,0.0027257302677186,0.7787149702013406,0.8913962770223869,2091.5400390625,12.829999923706055,16.209999084472656,49.029998779296875,2.364000082015991,3965.3349609375,,4.8,27.5
2015-08-17,62.75,65.28,62.15,64.25,109520,0.0070532915360501,6.3937,3993.66796875,0.0071451738860923,0.7757998083752699,0.8904366033902187,2102.43994140625,13.020000457763672,16.999332427978516,49.029998779296875,2.3324999809265137,3993.66796875,,4.8,27.1
2015-08-18,64.23,64.23,57.83,57.83,171938,-0.0999221789883268,6.3928,3748.1640625,-0.0614732892596581,0.8664828804913026,0.913313358657012,2096.919921875,13.789999961853027,17.381332397460938,48.810001373291016,2.296999931335449,3748.1640625,,4.8,25.1
2015-08-19,56.05,59.65,52.25,58.53,166605,0.0121044440601765,6.3956,3794.10888671875,0.0122579544151824,0.8662971908699287,0.913545740698228,2079.610107421875,15.25,17.016666412353516,47.15999984741211,2.2829999923706055,3794.10888671875,,4.8,23.7
2015-08-20,57.05,57.45,54.05,54.45,111733,-0.0697078421322398,6.3875,3664.291015625,-0.034215641925348,0.9025630674416998,0.9226748896362889,2035.72998046875,19.139999389648438,16.14533233642578,46.619998931884766,2.322999954223633,3664.291015625,,4.8,24.2
2015-08-21,53.05,54.09,49.61,49.85,166083,-0.0844811753902663,6.3887,3507.743896484375,-0.0427223488726982,0.9494765152076508,0.936737305282474,1970.8900146484375,28.030000686645508,15.38466739654541,45.459999084472656,2.306999921798706,3507.743896484375,,4.8,24.7
2015-08-24,47.35,47.35,44.87,44.87,161168,-0.0998996990972919,6.4029,3209.905029296875,-0.0849089545807514,0.9494383580374024,0.9549197445076306,1893.2099609375,40.7400016784668,14.591333389282227,42.689998626708984,2.2690000534057617,3209.905029296875,,4.8,23.7
2015-08-25,40.85,46.04,40.39,40.39,200305,-0.0998439937597502,6.4122,2964.967041015625,-0.0763069268547497,1.008878644288102,0.9726496343312028,1867.6099853515625,36.02000045776367,14.66866683959961,43.209999084472656,2.322999954223633,2964.967041015625,,4.8,24.7
2015-08-26,41.65,44.42,39.9,44.42,247529,0.0997771725674672,6.4083,2927.2880859375,-0.0127080519131903,1.0087040660004007,0.9725738600723944,1940.510009765625,30.31999969482422,14.989333152770996,43.13999938964844,2.250999927520752,2927.2880859375,,4.55,25.0
2015-08-27,46.04,48.86,46.04,48.86,209849,0.0999549752363799,6.4053,3083.591064453125,0.0533951472922991,1.0629991468179465,0.991572343244336,1987.6600341796875,26.100000381469727,16.19933319091797,47.560001373291016,2.3340001106262207,3083.591064453125,,4.55,24.8
2015-08-28,50.55,52.3,47.89,51.06,230970,0.0450266066311912,6.389,3232.35009765625,0.0482421404439721,1.0413803683331937,0.9728608030693628,1988.8699951171875,26.049999237060547,16.565332412719727,50.04999923706055,2.3464999198913574,3232.35009765625,,4.55,25.4
2015-08-31,50.92,52.83,49.05,49.9,178550,-0.0227183705444575,6.376,3205.986083984375,-0.0081562989389643,1.0318709965999089,0.9693985590905266,1972.1800537109375,28.43000030517578,16.604000091552734,54.150001525878906,2.3380000591278076,3205.986083984375,,4.55,20.5
2015-09-01,49.05,49.7,45.37,49.64,196695,-0.0052104208416833,6.363,3166.6240234375,-0.0122776766697489,1.0221672443981182,0.9635138081983252,1913.8499755859375,31.399999618530273,15.908666610717773,49.560001373291016,2.302500009536743,3166.6240234375,,4.55,20.1
2015-09-02,47.25,51.55,45.81,45.85,135880,-0.0763497179693795,6.3544,3160.1669921875,-0.0020390899589621,1.050961745514181,0.9744899625378944,1948.8599853515625,26.09000015258789,16.512666702270508,50.5,2.3329999446868896,3160.1669921875,,4.55,23.0
2015-09-07,47.85,50.1,47.06,47.74,128833,0.0412213740458016,6.3549,3080.419921875,-0.0252350810921223,0.9875262630782744,0.9775550349450436,1921.219970703125,27.799999237060547,16.1286678314209,49.61000061035156,2.319499969482422,3080.419921875,,4.55,21.2
2015-09-08,48.45,52.01,47.31,51.85,148379,0.0860913280268118,6.3657,3170.451904296875,0.0292271783410211,1.0493414593875592,0.9946887145084256,1969.4100341796875,24.899999618530273,16.544666290283203,49.52000045776367,2.438499927520752,3170.451904296875,,4.55,21.4
2015-09-09,52.63,56.05,52.22,55.55,221248,0.0713596914175505,6.3768,3243.089111328125,0.0229106793680755,1.080619088960294,1.0061272120452711,1942.0400390625,26.229999542236328,16.5939998626709,47.58000183105469,2.442500114440918,3243.089111328125,,4.55,20.9
2015-09-10,53.85,55.04,52.45,52.75,134767,-0.0504050405040503,6.377,3197.89306640625,-0.0139361094840116,1.0912092233408437,1.010299184628926,1952.2900390625,24.3700008392334,16.565332412719727,48.88999938964844,2.4544999599456787,3197.89306640625,,4.55,17.2
2015-09-11,52.58,54.04,51.73,52.9,93251,0.0028436018957345,6.3735,3200.23388671875,0.000731988301013,1.0770154710383033,1.0078623991883249,1961.050048828125,23.200000762939453,16.682666778564453,48.13999938964844,2.4619998931884766,3200.23388671875,,4.55,17.3
2015-09-14,52.9,54.18,47.66,47.9,133427,-0.0945179584120983,6.3664,3114.798095703125,-0.0266967334388248,1.1124254162451062,1.0239972715956454,1953.030029296875,24.25,16.87933349609375,46.369998931884766,2.4140000343322754,3114.798095703125,,4.55,19.7
2015-09-15,46.75,49.45,46.29,47.2,97656,-0.0146137787056366,6.3685,3005.172119140625,-0.0351952111161649,1.1117528558995002,1.0205847202095135,1978.0899658203125,22.540000915527344,16.904666900634766,46.630001068115234,2.436000108718872,3005.172119140625,,4.55,19.6
2015-09-16,48.07,51.92,47.36,51.92,135238,0.0999999999999998,6.3694,3152.262939453125,0.0489458887814262,1.1803948955671626,1.0283000345133848,1995.31005859375,21.350000381469727,17.483333587646484,46.61000061035156,2.4614999294281006,3152.262939453125,,4.55,20.3
2015-09-17,53.05,56.26,52.66,52.9,241314,0.018875192604006,6.3645,3086.06103515625,-0.0210013902927653,1.1319768095159932,1.028231512574546,1990.199951171875,21.139999389648438,17.471332550048828,49.08000183105469,2.4614999294281006,3086.06103515625,,4.55,21.6
2015-09-18,54.05,56.85,53.52,55.23,184409,0.0440453686200377,6.3628,3097.9169921875,0.0038417765871081,1.1428900024044193,1.0322314819223046,1958.030029296875,22.280000686645508,17.374666213989258,47.470001220703125,2.3970000743865967,3097.9169921875,,4.55,22.2
2015-09-21,54.55,56.8,53.28,56.12,150531,0.0161144305630998,6.3676,3156.5400390625,0.0189233756175,1.1141286359446536,1.0314649033707457,1966.969970703125,20.139999389648438,17.613332748413086,48.91999816894531,2.3984999656677246,3156.5400390625,,4.55,21.4
2015-09-22,56.1,56.71,54.56,55.29,111336,-0.0147897362794012,6.375,3185.618896484375,0.0092122567944714,1.0673146399148004,1.0106345025443682,1942.739990234375,22.440000534057617,17.395999908447266,49.08000183105469,2.306999921798706,3185.618896484375,,4.55,20.8
2015-09-23,54.65,60.81,54.25,59.06,234873,0.0681859287393742,6.3836,3115.887939453125,-0.0218892966475696,1.0084447494962556,0.9969699452416446,1938.760009765625,22.1299991607666,17.40399932861328,47.75,2.305500030517578,3115.887939453125,,4.55,19.4
2015-09-24,59.55,59.8,56.93,57.85,160830,-0.0204876396884524,6.3818,3142.68701171875,0.00860078179523,0.923566191492548,0.9781940298780186,1932.239990234375,23.469999313354492,17.541332244873047,48.16999816894531,2.312000036239624,3142.68701171875,,4.55,20.8
2015-09-25,57.72,60.23,56.33,58.57,176074,0.0124459809853068,6.3737,3092.346923828125,-0.0160181677981015,0.8738497119539574,0.9742300391559936,1931.3399658203125,23.6200008392334,17.12733268737793,48.599998474121094,2.2915000915527344,3092.346923828125,,4.55,19.7
2015-09-28,59.25,62.65,58.9,61.85,175365,0.0560013658869729,6.3685,3100.756103515625,0.0027193519662049,0.8302508311753631,0.967778752432614,1881.77001953125,27.6299991607666,16.562000274658203,47.34000015258789,2.25600004196167,3100.756103515625,,4.55,16.6
2015-09-29,60.5,62.55,59.6,61.13,130594,-0.0116410670978173,6.3621,3038.136962890625,-0.0201947971831781,0.8257544069617964,0.9684242977409292,1884.0899658203125,26.829999923706055,16.44333267211914,48.22999954223633,2.253499984741211,3038.136962890625,,4.55,14.6
2015-09-30,63.1,64.05,59.55,60.06,153534,-0.0175036806805168,6.3556,3052.781005859375,0.0048200733369232,0.8231904641689598,0.9687240379761825,1920.030029296875,24.5,16.559999465942383,48.369998931884766,2.3454999923706055,3052.781005859375,,4.55,15.6
2015-10-08,63.18,64.85,60.65,60.73,245788,0.011155511155511,6.3529,3143.35693359375,0.0296699722517035,0.8210730135749637,0.9548170260540572,2013.4300537109375,17.420000076293945,15.114666938781738,53.04999923706055,2.3469998836517334,3143.35693359375,,4.55,14.9
2015-10-09,60.75,62.23,59.3,60.99,149604,0.004281244854273,6.345,3183.152099609375,0.012660085016221,0.7539176237140696,0.9478887358574408,2014.8900146484375,17.079999923706055,14.712667465209961,52.650001525878906,2.4170000553131104,3183.152099609375,,4.55,12.2
2015-10-12,61.15,64.04,58.55,59.51,433965,-0.0242662731595344,6.345,3287.662109375,0.0328322387668658,0.7600201040632591,0.9298468903234332,2017.4599609375,16.170000076293945,14.371999740600586,49.86000061035156,2.4195001125335693,3287.662109375,,4.55,14.5
2015-10-13,59.04,60.55,58.21,60.51,199955,0.0168038985044529,6.3417,3293.22998046875,0.0016935654907701,0.7086863011365737,0.9088870104882466,2003.68994140625,17.670000076293945,14.616666793823242,49.2400016784668,2.3914999961853027,3293.22998046875,,4.55,16.1
2015-10-14,60.5,60.51,58.4,58.7,170179,-0.029912411171707,6.3462,3262.44091796875,-0.0093491990181679,0.6805289944204808,0.8887504890004655,1994.239990234375,18.030000686645508,14.458666801452637,49.150001525878906,2.4200000762939453,3262.44091796875,,4.55,16.5
2015-10-15,58.35,60.69,58.25,60.4,170152,0.028960817717206,6.3459,3338.072998046875,0.0231826665922321,0.6547714719667896,0.8826355242887522,2023.8599853515625,16.049999237060547,14.753999710083008,48.709999084472656,2.4260001182556152,3338.072998046875,,4.55,16.7
2015-10-16,60.95,62.56,59.86,60.65,200108,0.0041390728476822,6.3523,3391.35205078125,0.0159610208541121,0.6546628217482278,0.8563277782682835,2033.1099853515625,15.050000190734863,15.133999824523926,48.72999954223633,2.4070000648498535,3391.35205078125,,4.55,17.7
2015-10-19,61.55,66.71,61.42,66.71,323398,0.0999175597691672,6.3591,3386.699951171875,-0.0013717536663004,0.6147437947846092,0.8767550831857394,2033.6600341796875,14.979999542236328,15.206666946411133,48.61000061035156,2.371500015258789,3386.699951171875,,4.55,15.2
2015-10-20,68.93,69.02,64.56,66.27,327913,-0.0065957127866885,6.348,3425.330078125,0.0114064214456783,0.6098475562773378,0.8684710282095668,2030.77001953125,15.75,14.20199966430664,48.709999084472656,2.369499921798706,3425.330078125,,4.55,11.5
2015-10-21,65.56,66.0,59.65,59.8,338379,-0.0976309038780745,6.3487,3320.676025390625,-0.0305529833176433,0.6580629149404754,0.8928993163365594,2018.93994140625,16.700000762939453,14.005999565124512,47.849998474121094,2.364000082015991,3320.676025390625,,4.55,10.4
2015-10-22,59.84,62.36,57.74,61.49,306107,0.0282608695652175,6.3577,3368.739013671875,0.0144738565020343,0.660975021869312,0.894304822976457,2052.510009765625,14.449999809265137,14.114666938781738,48.08000183105469,2.384500026702881,3368.739013671875,,4.55,9.9
2015-10-23,63.06,64.71,61.75,62.74,301703,0.0203285087006017,6.3488,3412.43408203125,0.0129707490494337,0.6492564115277633,0.8947420412163408,2075.14990234375,14.460000038146973,13.939332962036133,47.9900016784668,2.3499999046325684,3412.43408203125,,4.55,12.6
2015-10-26,64.05,69.01,62.8,69.01,633459,0.0999362448198917,6.3517,3429.5810546875,0.0050248509550823,0.7279489102533733,0.9158676313224492,2071.179931640625,15.289999961853027,14.350666999816895,47.540000915527344,2.3564999103546143,3429.5810546875,,4.3,10.3
2015-10-27,68.25,69.24,65.05,68.4,295275,-0.0088392986523692,6.3517,3434.3359375,0.0013864325515797,0.7254137582873332,0.91513483176571,2065.889892578125,15.430000305175781,14.023332595825195,46.810001373291016,2.3580000400543213,3434.3359375,,4.3,8.7
2015-10-28,68.32,71.75,67.38,68.86,309746,0.0067251461988302,6.3581,3375.196044921875,-0.0172201827818787,0.6940407886422029,0.8885783664220626,2090.35009765625,14.329999923706055,14.197333335876465,49.04999923706055,2.3545000553131104,3375.196044921875,,4.3,7.7
2015-10-29,69.55,69.9,66.43,68.94,188264,0.0011617775196048,6.3552,3387.31494140625,0.0035905755763752,0.6862153437658408,0.8883397267909159,2089.409912109375,14.609999656677246,14.108667373657227,48.79999923706055,2.315500020980835,3387.31494140625,,4.3,6.4
2015-10-30,68.2,69.81,65.85,67.15,183150,-0.0259646069045546,6.318,3382.56103515625,-0.0014034438285878,0.6976170303267348,0.869341742516155,2079.360107421875,15.069999694824219,13.795332908630371,49.560001373291016,2.313499927520752,3382.56103515625,,4.3,6.5
2015-11-02,66.05,66.93,63.05,63.71,217541,-0.051228592702904,6.318,3325.0849609375,-0.0169918808918387,0.7030973887464607,0.8684568288820672,2104.050048828125,14.149999618530273,14.252667427062988,48.790000915527344,2.315500020980835,3325.0849609375,,4.3,9.0
2015-11-03,63.86,66.23,62.45,65.54,200332,0.0287239051954169,6.318,3316.695068359375,-0.002523211489838,0.7069911906940185,0.8582126532366632,2109.7900390625,14.539999961853027,13.890000343322754,50.540000915527344,2.3269999027252197,3316.695068359375,,4.3,10.3
2015-11-04,65.45,70.28,65.07,69.95,308797,0.0672871528837351,6.3357,3459.639892578125,0.0430985729084401,0.7356001649025001,0.8650172308913296,2102.31005859375,15.510000228881836,15.442000389099121,48.58000183105469,2.319499969482422,3459.639892578125,,4.3,10.8
2015-11-05,69.05,69.55,67.25,67.35,267192,-0.0371694067190851,6.318,3522.819091796875,0.0182617848043338,0.7532172441996132,0.8672124212769949,2099.929931640625,15.050000190734863,15.451333045959473,47.97999954223633,2.253499984741211,3522.819091796875,,4.3,8.3
2015-11-06,66.85,68.85,66.65,67.8,251362,0.0066815144766148,6.318,3590.031982421875,0.019079291009155,0.7531823921901237,0.8671129391126162,2099.199951171875,14.329999923706055,15.490667343139648,47.41999816894531,2.241499900817871,3590.031982421875,,4.3,2.8
2015-11-09,67.2,73.1,66.75,71.65,352804,0.0567846607669617,6.3619,3646.881103515625,0.0158352687029263,0.7643281610986348,0.8509753541065372,2078.580078125,16.520000457763672,15.022000312805176,47.189998626708984,2.2300000190734863,3646.881103515625,,4.3,5.2
2015-11-10,71.05,71.3,68.93,69.85,260701,-0.025122121423587,6.3603,3640.485107421875,-0.0017538263278131,0.7741086758024535,0.8527278755501393,2081.719970703125,15.289999961853027,14.433333396911621,47.439998626708984,2.2165000438690186,3640.485107421875,,4.3,5.8
2015-11-11,70.05,71.07,67.45,68.85,265270,-0.0143163922691481,6.3603,3650.2490234375,0.0026820370713009,0.7658271101284714,0.8517785961309363,2075.0,16.059999465942383,14.60533332824707,45.810001373291016,2.2165000438690186,3650.2490234375,,4.3,6.5
2015-11-12,69.0,71.33,68.05,70.65,322356,0.0261437908496733,6.369,3632.902099609375,-0.0047522576450932,0.7649229996637772,0.8523156885059708,2045.969970703125,18.3700008392334,14.196000099182129,44.060001373291016,2.1730000972747803,3632.902099609375,,4.3,7.3
2015-11-13,70.05,74.88,68.23,70.75,402412,0.0014154281670204,6.3735,3580.839111328125,-0.0143309637457194,0.7652117697273972,0.8433970735896036,2023.0400390625,20.079999923706055,13.812666893005371,43.61000061035156,2.1700000762939453,3580.839111328125,,4.3,8.1
2015-11-16,68.55,69.85,68.24,69.54,195330,-0.0171024734982331,6.37,3606.95703125,0.0072937987744967,0.6894404191667582,0.8426446928646744,2053.18994140625,18.15999984741211,14.287332534790039,43.58000183105469,2.118000030517578,3606.95703125,,4.3,6.6
2015-11-17,70.35,70.65,66.75,67.93,302548,-0.0231521426517112,6.3771,3604.794921875,-0.0005994275385783,0.6949710576076885,0.8442854740645568,2050.43994140625,18.84000015258789,14.266667366027832,43.56999969482422,2.1054999828338623,3604.794921875,,4.3,5.4
2015-11-18,68.0,68.85,65.72,66.23,187859,-0.0250257618136316,6.3834,3568.468017578125,-0.0100773844515903,0.5976959416783895,0.8460945107033031,2083.580078125,16.850000381469727,14.73799991607666,44.13999938964844,2.078000068664551,3568.468017578125,,4.3,4.0
2015-11-19,66.55,68.72,65.55,68.45,175349,0.0335195530726257,6.3825,3617.06201171875,0.0136176067436371,0.6006041224511188,0.8213340583176411,2081.239990234375,16.989999771118164,14.786666870117188,44.18000030517578,2.0764999389648438,3617.06201171875,,4.3,3.8
2015-11-20,68.17,68.25,66.32,66.65,169425,-0.0262965668371073,6.3835,3630.5,0.0037151666843733,0.6086408676586047,0.8235090101707199,2089.169921875,15.470000267028809,14.667332649230957,44.65999984741211,2.053999900817871,3630.5,,4.3,1.1
2015-11-23,66.05,67.04,64.75,64.95,171632,-0.0255063765941485,6.389,3610.31494140625,-0.0055598563816967,0.4985110879407426,0.8116246859653964,2086.590087890625,15.619999885559082,14.516667366027832,44.83000183105469,2.0195000171661377,3610.31494140625,,4.3,-4.0
2015-11-24,65.04,65.04,62.91,64.56,187262,-0.0060046189376443,6.3883,3616.113037109375,0.0016059805854129,0.4981392291802021,0.7906536898931084,2089.139892578125,15.930000305175781,14.550000190734863,46.119998931884766,2.053499937057495,3616.113037109375,,4.3,-5.6
2015-11-25,64.25,65.74,63.87,65.17,157093,0.0094485749690209,6.3877,3647.929931640625,0.0087986448998518,0.4988957624624203,0.7595180425888841,2088.8701171875,15.1899995803833,15.309332847595215,46.16999816894531,2.0445001125335693,3647.929931640625,,4.3,-6.8
2015-11-26,65.55,65.75,63.73,63.78,156348,-0.0213288322847936,6.3877,3635.552001953125,-0.0033931380041428,0.5032031479076698,0.7286006907979891,2088.8701171875,15.1899995803833,15.309332847595215,46.16999816894531,2.0445001125335693,3635.552001953125,,4.3,-9.1
2015-11-27,63.1,64.48,60.05,60.35,201412,-0.0537786139855753,6.3945,3436.302978515625,-0.0548057140512521,0.5287734637188221,0.7144075308682988,2090.110107421875,15.119999885559082,15.440667152404785,44.86000061035156,2.05049991607666,3436.302978515625,,4.3,-5.4
2015-11-30,60.85,62.88,58.33,62.73,203184,0.0394366197183098,6.3883,3445.405029296875,0.0026487916921638,0.5210734309361099,0.6908280419073547,2080.409912109375,16.1299991607666,15.350666999816895,44.61000061035156,2.0445001125335693,3445.405029296875,,4.3,-1.2
2015-12-01,62.7,62.72,61.4,62.0,90904,-0.0116371751952812,6.3883,3456.30908203125,0.0031648101287529,0.510884912519808,0.6865866438889345,2102.6298828125,14.670000076293945,15.812666893005371,44.439998626708984,2.066499948501587,3456.30908203125,,4.3,-0.9
2015-12-02,61.8,63.6,61.55,63.17,120696,0.0188709677419354,6.3883,3536.905029296875,0.0233185011388679,0.4485378234362362,0.6849227753198136,2079.510009765625,15.90999984741211,15.465999603271484,42.4900016784668,2.0290000438690186,3536.905029296875,,4.3,-2.5
2015-12-03,63.16,63.94,62.66,63.34,115976,0.0026911508627514,6.3883,3584.823974609375,0.0135482702859075,0.4322980289422217,0.6846186043761253,2049.6201171875,18.110000610351562,15.513999938964844,43.84000015258789,2.055999994277954,3584.823974609375,,4.3,-4.6
2015-12-04,63.2,63.2,61.56,61.87,109078,-0.0232080833596464,6.3883,3524.991943359375,-0.0166903679716993,0.436679500530108,0.6660664090500261,2091.68994140625,14.8100004196167,15.358667373657227,43.0,2.0739998817443848,3524.991943359375,,4.3,-1.8
2015-12-07,61.89,63.05,61.25,62.11,95078,0.0038791013415224,6.4081,3536.927001953125,0.0033858399637576,0.3746455779308207,0.6619835964645829,2077.070068359375,15.84000015258789,15.408666610717773,40.72999954223633,2.0445001125335693,3536.927001953125,,4.3,0.4
2015-12-08,61.85,61.98,60.05,60.35,104372,-0.0283368217678312,6.4162,3470.070068359375,-0.0189025483299007,0.3768916894388383,0.6435729974889736,2063.590087890625,17.600000381469727,15.114666938781738,40.2599983215332,2.0480000972747803,3470.070068359375,,4.3,-0.1
2015-12-09,59.92,63.54,59.63,62.93,210746,0.0427506213753106,6.427,3472.43896484375,0.0006826653173304,0.4147620027610933,0.633244874188937,2047.6199951171875,19.610000610351562,14.968000411987305,40.11000061035156,2.059999942779541,3472.43896484375,,4.3,1.8
2015-12-10,63.55,64.03,62.26,62.47,130993,-0.0073097092006991,6.4363,3455.4951171875,-0.0048795235359917,0.3990440493207521,0.6238521976912589,2052.22998046875,19.34000015258789,15.137999534606934,39.72999954223633,2.065000057220459,3455.4951171875,,4.3,0.6
2015-12-11,62.2,62.5,60.67,61.64,99867,-0.0132863774611813,6.4538,3434.5810546875,-0.0060524069028412,0.3989141314425213,0.6248080897354464,2012.3699951171875,24.389999389648438,14.468000411987305,37.93000030517578,2.1080000400543213,3434.5810546875,,4.3,-0.5
2015-12-14,60.85,62.05,60.56,62.05,81755,0.0066515249837766,6.4588,3520.66796875,0.0250647495842351,0.3995056493800757,0.5906187855513069,2021.93994140625,22.729999542236328,14.571999549865723,37.91999816894531,2.1040000915527344,3520.66796875,,4.3,0.4
2015-12-15,62.19,63.26,62.19,62.61,102444,0.0090249798549557,6.46,3510.35400390625,-0.0029295477265389,0.3968401783299405,0.5892523167534668,2043.4100341796875,20.950000762939453,14.739333152770996,38.45000076293945,2.0510001182556152,3510.35400390625,,4.3,-1.6
2015-12-16,62.65,63.05,62.08,62.95,77039,0.0054304424213384,6.4723,3516.18701171875,0.001661657999737,0.3898706905514225,0.555290411285927,2073.070068359375,17.860000610351562,15.633999824523926,37.189998626708984,2.061000108718872,3516.18701171875,,4.3,-2.7
2015-12-17,63.04,64.47,63.03,63.85,146786,0.0142970611596504,6.4822,3579.9990234375,0.0181480710514194,0.3720432899771903,0.5548390065375017,2041.8900146484375,18.940000534057617,15.559332847595215,37.18000030517578,2.0344998836517334,3579.9990234375,,4.3,-2.8
2015-12-18,63.75,63.94,62.56,63.84,139513,-0.0001566170712606,6.48,3578.964111328125,-0.000289081673654,0.3619641225243457,0.5484809085219771,2005.550048828125,20.700000762939453,15.36400032043457,36.880001068115234,2.1029999256134033,3578.964111328125,,4.3,-0.9
2015-12-21,63.9,64.93,62.65,63.07,184738,-0.0120614035087719,6.4793,3642.471923828125,0.0177447469503775,0.3533806315610366,0.5486424414943823,2021.1500244140625,18.700000762939453,15.503999710083008,36.349998474121094,2.128999948501587,3642.471923828125,,4.3,-1.7
2015-12-22,63.15,63.31,62.1,62.87,104193,-0.0031710797526558,6.4778,3651.76708984375,0.0025518840529197,0.3530159505391745,0.5475917243102969,2038.969970703125,16.600000381469727,15.329999923706055,36.11000061035156,2.0969998836517334,3651.76708984375,,4.3,-1.3
2015-12-23,63.05,63.15,62.05,62.08,96203,-0.0125656115794496,6.4763,3636.089111328125,-0.0042932580665476,0.3529485194884935,0.531117895464777,2064.2900390625,15.569999694824219,15.313332557678223,37.36000061035156,2.1115000247955322,3636.089111328125,,4.3,-1.3
2015-12-24,63.05,64.56,62.8,63.52,211588,0.0231958762886599,6.4758,3612.485107421875,-0.0064915911528989,0.3562970144951722,0.5309823748707522,2060.989990234375,15.739999771118164,15.371333122253418,37.88999938964844,2.1115000247955322,3612.485107421875,,4.3,-0.7
2015-12-25,63.55,64.0,62.63,63.5,100885,-0.0003148614609572,6.4758,3628.0009765625,0.0042950679876154,0.2943528367717569,0.5305646379963165,2060.989990234375,15.739999771118164,15.371333122253418,37.88999938964844,2.1115000247955322,3628.0009765625,,4.3,-1.7
2015-12-28,63.5,64.22,62.1,62.19,126179,-0.0206299212598425,6.4778,3533.779052734375,-0.0259707548142391,0.2712647649781578,0.5203282578377706,2056.5,16.90999984741211,15.263333320617676,36.619998931884766,2.066499948501587,3533.779052734375,,4.3,-3.1
2015-12-29,62.15,65.5,61.35,64.6,194985,0.0387522109663933,6.4778,3563.736083984375,0.008477335680288,0.3006920527809982,0.5254824287915091,2078.360107421875,16.079999923706055,15.812666893005371,37.790000915527344,2.125,3563.736083984375,,4.3,-1.6
2015-12-30,65.05,67.05,65.05,66.05,223650,0.0224458204334365,6.4896,3572.8759765625,0.0025646940072807,0.3035707746284227,0.5257045737003174,2063.360107421875,17.290000915527344,15.87266731262207,36.459999084472656,2.13700008392334,3572.8759765625,,4.3,-1.2
2015-12-31,66.06,67.0,64.06,64.45,143745,-0.0242240726722179,6.4778,3539.181884765625,-0.0094305237623424,0.3179275838374923,0.5281019337399757,2043.93994140625,18.209999084472656,16.000667572021484,37.279998779296875,2.125499963760376,3539.181884765625,,4.3,-1.0
2016-01-04,64.45,64.45,58.45,58.81,114880,-0.0875096974398759,6.5338,3296.258056640625,-0.0686384130667777,0.4410960134892535,0.5586786494903435,2012.6600341796875,20.700000762939453,14.894000053405762,37.220001220703125,2.070499897003174,3296.258056640625,,4.3,-2.2
2016-01-05,55.85,60.66,55.85,59.4,166705,0.0100323074307089,6.5219,3287.7109375,-0.00259297633673,0.4427504551326542,0.5567340624073033,2016.7099609375,19.34000015258789,14.895333290100098,36.41999816894531,2.0885000228881836,3287.7109375,,4.3,-4.1
2016-01-06,59.55,60.83,59.42,60.47,98825,0.018013468013468,6.5554,3361.840087890625,0.0225473442768644,0.4364981718010907,0.5568901869049594,1990.260009765625,20.59000015258789,14.602666854858398,34.22999954223633,2.0804998874664307,3361.840087890625,,4.3,-3.5
2016-01-07,59.05,59.52,55.05,55.46,41293,-0.0828510004961137,6.5926,3125.001953125,-0.0704489590741445,0.4984286294874128,0.5793892474745822,1943.0899658203125,24.989999771118164,14.376667022705078,33.75,2.015500068664551,3125.001953125,,4.3,-4.2
2016-01-08,58.05,60.73,56.75,59.48,203567,0.0724846736386584,6.5932,3186.412109375,0.0196512377179765,0.5705143522189249,0.5954188006825978,1922.030029296875,27.010000228881836,14.066666603088379,33.54999923706055,2.0164999961853027,3186.412109375,,4.3,-4.3
2016-01-11,58.04,61.04,57.25,57.93,200494,-0.0260591795561533,6.5675,3016.7041015625,-0.0532599054947062,0.5756965479285973,0.5978278827318612,1923.6700439453125,24.299999237060547,13.856666564941406,31.549999237060547,1.9674999713897705,3016.7041015625,,4.3,-5.5
2016-01-12,58.8,60.23,58.0,59.87,153174,0.0334886932504747,6.57,3022.861083984375,0.0020409633210913,0.5890572212219343,0.5649725431491985,1938.6800537109375,22.469999313354492,13.998000144958496,30.860000610351562,1.9529999494552612,3022.861083984375,,4.3,-6.4
2016-01-13,60.53,61.35,57.41,57.41,148989,-0.0410890262234842,6.57,2949.596923828125,-0.0242366943504006,0.6042744098885695,0.5707786091382033,1890.280029296875,25.219999313354492,13.354000091552734,30.309999465942383,1.9505000114440918,2949.596923828125,,4.3,-4.3
2016-01-14,56.55,60.03,56.35,59.95,146239,0.0442431632119841,6.5891,3007.64892578125,0.0196813339084251,0.627256915387454,0.5423330667760848,1921.8399658203125,23.950000762939453,13.745332717895508,31.030000686645508,1.9709999561309814,3007.64892578125,,4.3,-3.1
2016-01-15,59.06,59.85,57.07,58.1,109584,-0.0308590492076731,6.584,2900.969970703125,-0.0354692178876611,0.6324564046373196,0.542994168485347,1880.3299560546875,27.020000457763672,13.666000366210938,31.010000228881836,1.9394999742507935,2900.969970703125,,4.3,-2.3
2016-01-18,57.06,58.65,56.57,57.73,105705,-0.006368330464716,6.584,2913.8369140625,0.0044353935026277,0.6323476781500121,0.5414014046313051,1880.3299560546875,27.020000457763672,13.666000366210938,31.010000228881836,1.9394999742507935,2913.8369140625,,4.3,-8.1
2016-01-19,57.55,59.15,57.03,58.92,137400,0.0206131993764075,6.5783,3007.739013671875,0.0322262715377765,0.6376106386470272,0.5012704779384971,1881.3299560546875,26.049999237060547,13.64799976348877,28.760000228881836,1.9735000133514404,3007.739013671875,,4.3,-7.2
2016-01-20,59.05,59.75,57.15,57.79,113693,-0.0191785471826205,6.5781,2976.694091796875,-0.0103216807488559,0.6403206405368351,0.5023076167654488,1859.3299560546875,27.59000015258789,13.24666690826416,27.8799991607666,1.9559999704360962,2976.694091796875,,4.3,-5.4
2016-01-21,57.15,58.35,56.05,56.07,115329,-0.0297629347637999,6.5794,2880.48193359375,-0.0323218158252354,0.6464591752862006,0.5050627958877475,1868.989990234375,26.690000534057617,13.33133316040039,29.25,1.9930000305175781,2880.48193359375,,4.3,-5.3
2016-01-22,56.25,56.9,53.45,55.21,123018,-0.0153379703941501,6.5788,2916.56201171875,0.0125257088767731,0.639167477158081,0.5056251034376594,1906.9000244140625,22.34000015258789,13.50333309173584,32.18000030517578,1.9984999895095825,2916.56201171875,,4.3,-9.3
2016-01-25,55.75,56.05,54.3,55.05,89777,-0.0028980257199783,6.579,2938.514892578125,0.0075269720894561,0.638917443335767,0.5033930117330815,1877.0799560546875,24.149999618530273,13.092000007629395,30.5,1.9954999685287476,2938.514892578125,,4.3,-5.6
2016-01-26,54.22,54.94,49.55,50.02,151616,-0.0913714804722978,6.5814,2749.784912109375,-0.0642263140967669,0.7057589431416896,0.5260954709749651,1903.6300048828125,22.5,12.904000282287598,31.799999237060547,2.0339999198913574,2749.784912109375,,4.3,-4.9
2016-01-27,50.53,50.73,45.06,48.23,132860,-0.0357856857257098,6.5773,2735.55810546875,-0.0051737888945326,0.6869933486080599,0.5258415293521428,1882.949951171875,23.110000610351562,12.538000106811523,33.099998474121094,2.062999963760376,2735.55810546875,,4.3,-4.1
2016-01-28,47.05,48.25,45.12,45.35,94022,-0.0597138710346256,6.5744,2655.660888671875,-0.02920691636458,0.6917061482290902,0.516055513461205,1893.3599853515625,22.420000076293945,12.646666526794434,33.88999938964844,2.0490000247955322,2655.660888671875,,4.3,-2.4
2016-01-29,45.25,48.45,45.25,47.64,105753,0.0504961411245865,6.5752,2737.60009765625,0.0308545452222077,0.7320428619025359,0.5251201012438909,1940.239990234375,20.200000762939453,12.74666690826416,34.7400016784668,2.063999891281128,2737.60009765625,,4.3,-4.9
2016-02-01,47.9,49.63,47.35,48.65,116493,0.0212006717044499,6.5778,2688.85400390625,-0.0178061411495905,0.6875531847203601,0.5273625318836348,1939.3800048828125,19.979999542236328,13.129332542419434,34.689998626708984,2.051500082015991,2688.85400390625,,4.3,-4.3
2016-02-02,48.66,50.84,48.65,50.51,105173,0.0382322713257965,6.5795,2749.570068359375,0.0225806475044458,0.704725900068153,0.5193942419775454,1903.030029296875,21.979999542236328,12.185333251953125,32.720001220703125,2.052000045776367,2749.570068359375,,4.3,-4.0
2016-02-03,50.44,50.73,49.78,50.46,66780,-0.0009899029895069,6.5765,2739.2470703125,-0.0037544044305932,0.6989396980941834,0.5178079836118819,1912.530029296875,21.649999618530273,11.565333366394043,35.040000915527344,2.0920000076293945,2739.2470703125,,4.3,-2.4
2016-02-04,51.05,52.35,50.76,51.26,71641,0.0158541418945699,6.5638,2781.02294921875,0.0152508619463391,0.6445857644152192,0.5191479488915489,1915.449951171875,21.84000015258789,11.688667297363281,34.459999084472656,2.128000020980835,2781.02294921875,,4.3,-1.7
2016-02-05,51.55,51.95,50.06,50.12,65891,-0.0222395630120951,6.571,2763.491943359375,-0.0063037976239281,0.5818294187697196,0.5164635085818478,1880.050048828125,23.3799991607666,10.84000015258789,34.060001373291016,2.1005001068115234,2763.491943359375,,4.3,-1.8
2016-02-15,48.24,50.52,47.95,50.05,52055,-0.0013966480446927,6.571,2746.196044921875,-0.0062587113666322,0.578181570315616,0.5163423256236476,1864.780029296875,25.399999618530273,10.06933307647705,33.36000061035156,2.0269999504089355,2746.196044921875,,4.3,-2.4
2016-02-16,50.3,52.68,50.3,52.13,80021,0.0415584415584415,6.5154,2836.571044921875,0.0329091581670277,0.5862636764325172,0.5245091130301346,1895.5799560546875,24.110000610351562,10.344667434692383,32.18000030517578,2.0490000247955322,2836.571044921875,,4.3,0.5
2016-02-17,52.25,55.03,52.25,53.86,129987,0.0331862651064644,6.527,2867.337890625,0.0108464921963455,0.5869881082927874,0.5285282485401933,1926.8199462890625,22.309999465942383,11.245332717895508,34.5,2.0739998817443848,2867.337890625,,4.3,1.2
2016-02-18,54.66,54.81,53.15,53.3,67410,-0.0103973264017824,6.5163,2862.89306640625,-0.0015501571102878,0.5607011842080087,0.5268082535071335,1917.8299560546875,21.639999389648438,11.118000030517578,34.279998779296875,2.071500062942505,2862.89306640625,,4.3,1.3
2016-02-19,53.95,55.3,53.55,54.34,93275,0.0195121951219512,6.5202,2860.02099609375,-0.0010032055846589,0.5587020798048732,0.5234248589565778,1917.780029296875,20.530000686645508,11.10533332824707,33.0099983215332,2.075500011444092,2860.02099609375,,4.3,1.2
2016-02-22,55.25,55.55,54.06,54.56,109221,0.0040485829959513,6.5197,2927.175048828125,0.0234802656435371,0.5590281722208531,0.5214203535540739,1945.5,19.3799991607666,11.849332809448242,34.689998626708984,2.11299991607666,2927.175048828125,,4.3,0.4
2016-02-23,54.81,55.76,54.1,54.75,99202,0.003482404692082,6.5263,2903.3310546875,-0.0081457356471287,0.5530235392274754,0.5194070629887713,1921.27001953125,20.979999542236328,11.814000129699707,33.27000045776367,2.1045000553131104,2903.3310546875,,4.3,-2.0
2016-02-24,54.28,55.3,53.07,55.07,99758,0.0058447488584474,6.529,2928.89599609375,0.0088053828256942,0.5504866941206784,0.5196145350752289,1929.800048828125,20.719999313354492,11.933333396911621,34.40999984741211,2.0950000286102295,2928.89599609375,,4.3,-0.9
2016-02-25,56.08,56.7,51.2,51.85,213720,-0.0584710368621753,6.532,2741.2451171875,-0.0640688092566341,0.5785292656264132,0.5316647975971622,1951.699951171875,19.110000610351562,12.495332717895508,35.290000915527344,2.065000057220459,2741.2451171875,,4.3,-0.6
2016-02-26,52.86,53.14,51.27,52.4,88413,0.0106075216972034,6.539,2767.2099609375,0.0094719160965217,0.5786752276451372,0.5310528102121934,1948.050048828125,19.809999465942383,12.689332962036133,35.099998474121094,2.118000030517578,2767.2099609375,,4.3,1.0
2016-02-29,53.15,53.35,49.05,50.56,124177,-0.0351145038167938,6.5525,2687.97900390625,-0.0286320727916169,0.5905442269258879,0.5247266713454547,1932.22998046875,20.549999237060547,12.795332908630371,35.970001220703125,2.128499984741211,2687.97900390625,,4.3,-1.1
2016-03-01,50.59,51.93,50.13,51.59,80230,0.020371835443038,6.55,2733.169921875,0.0168122287797178,0.4958083247853281,0.51966457317007,1978.3499755859375,17.700000762939453,12.423333168029785,35.959999084472656,2.1414999961853027,2733.169921875,,4.3,1.6
2016-03-02,51.14,54.26,51.14,53.95,118288,0.0457452994766427,6.5499,2849.680908203125,0.0426285191402211,0.497826437250833,0.5286855596106452,1986.449951171875,17.09000015258789,12.555999755859375,36.93000030517578,2.177500009536743,2849.680908203125,,4.3,7.0
2016-03-03,54.05,54.97,53.6,53.63,97766,-0.0059314179796107,6.5312,2859.758056640625,0.0035362374813585,0.4363449840759135,0.526992212391552,1993.4000244140625,16.700000762939453,13.049332618713379,37.06999969482422,2.2044999599456787,2859.758056640625,,4.3,7.5
2016-03-04,53.46,55.05,52.8,53.75,115790,0.0022375536080552,6.5064,2874.14697265625,0.0050315151598969,0.4078470432873645,0.5269751451795306,1999.989990234375,16.860000610351562,13.402667045593262,38.720001220703125,2.2709999084472656,2874.14697265625,,4.3,7.2
2016-03-07,54.58,55.04,53.67,54.0,68695,0.0046511627906977,6.5155,2897.340087890625,0.0080695647978434,0.4040770549041128,0.5253176783724353,2001.760009765625,17.350000381469727,13.685999870300293,40.84000015258789,2.2804999351501465,2897.340087890625,,4.3,3.6
2016-03-08,54.05,54.05,51.6,53.16,77847,-0.0155555555555556,6.5044,2901.386962890625,0.0013967552573181,0.3912621109076611,0.5259428608300692,1979.260009765625,18.670000076293945,13.506667137145996,39.650001525878906,2.2184998989105225,2901.386962890625,,4.3,0.5
2016-03-09,52.17,52.75,51.85,52.05,56794,-0.0208803611738148,6.5105,2862.555908203125,-0.0133836179675987,0.4001213617585408,0.5245707751123597,1989.260009765625,18.34000015258789,13.914667129516602,41.06999969482422,2.2300000190734863,2862.555908203125,,4.3,-0.8
2016-03-10,52.05,52.5,51.3,51.55,52084,-0.0096061479346781,6.507,2804.72607421875,-0.020202167517027,0.3985105420725445,0.5164397092716307,1989.5699462890625,18.049999237060547,13.678667068481445,40.04999923706055,2.2174999713897705,2804.72607421875,,4.3,-0.1
2016-03-11,51.45,52.15,50.67,51.31,40148,-0.0046556741028127,6.494,2810.306884765625,0.0019897880930954,0.3899504819311286,0.5163691334725447,2022.18994140625,16.5,13.833333015441895,40.38999938964844,2.2385001182556152,2810.306884765625,,4.3,0.6
2016-03-14,52.15,54.05,51.67,53.38,97799,0.0403430130578834,6.4984,2859.4990234375,0.0175041875101045,0.4133378079103611,0.5233428528298116,2019.6400146484375,16.920000076293945,14.34333324432373,39.529998779296875,2.236999988555908,2859.4990234375,,4.3,5.7
2016-03-15,53.25,55.54,53.25,54.49,161424,0.0207943049831398,6.511,2864.367919921875,0.0017027096160788,0.3941384183722784,0.5251239045017054,2015.9300537109375,16.84000015258789,14.555999755859375,38.7400016784668,2.2309999465942383,2864.367919921875,,4.3,7.3
2016-03-16,54.67,54.8,52.95,53.05,86342,-0.0264268673151037,6.5189,2870.429931640625,0.0021163523291083,0.3893766291493635,0.5270780590186029,2027.219970703125,14.989999771118164,14.795332908630371,40.33000183105469,2.2314999103546143,2870.429931640625,,4.3,8.5
2016-03-17,53.73,55.35,53.33,55.11,143350,0.0388312912346842,6.4745,2904.83203125,0.0119849989125886,0.4113223735567124,0.5335503318505269,2040.5899658203125,14.4399995803833,15.092000007629395,41.540000915527344,2.2890000343322754,2904.83203125,,4.3,10.9
2016-03-18,55.11,57.44,55.11,57.0,150854,0.0342950462710942,6.4682,2955.14990234375,0.0173221275972013,0.4228594442720553,0.537661495997824,2049.580078125,14.020000457763672,15.515999794006348,41.20000076293945,2.2795000076293945,2955.14990234375,,4.3,11.3
2016-03-21,57.71,57.91,56.07,57.08,142482,0.0014035087719297,6.4812,3018.802001953125,0.0215393809833106,0.4228543326141259,0.5376853816978449,2051.60009765625,13.789999961853027,15.887999534606934,41.540000915527344,2.2894999980926514,3018.802001953125,,4.3,11.0
2016-03-22,56.95,58.25,56.15,57.76,132023,0.0119131044148563,6.4876,2999.363037109375,-0.00643929771849,0.4241451033570441,0.5378790128066199,2049.800048828125,14.170000076293945,15.616000175476074,41.790000915527344,2.2844998836517334,2999.363037109375,,4.3,10.8
2016-03-23,57.25,58.03,56.73,57.35,82493,-0.0070983379501384,6.5035,3009.9599609375,0.0035330580850052,0.425487934536837,0.5380103100144878,2036.7099609375,14.9399995803833,14.838666915893555,40.470001220703125,2.2304999828338623,3009.9599609375,,4.3,8.2
2016-03-24,56.95,58.44,56.15,56.53,91008,-0.0142981691368788,6.5124,2960.969970703125,-0.0162759607669719,0.3665138476761453,0.538181674068233,2035.93994140625,14.739999771118164,15.183333396911621,40.439998626708984,2.2244999408721924,2960.969970703125,,4.3,6.2
2016-03-25,56.53,57.66,56.15,57.01,81351,0.0084910666902529,6.5131,2979.1259765625,0.0061317764242856,0.366129102635971,0.5361997338796872,2035.93994140625,14.739999771118164,15.183333396911621,40.439998626708984,2.2244999408721924,2979.1259765625,,4.3,6.0
2016-03-28,57.62,59.91,57.25,58.1,140569,0.0191194527275917,6.5051,2957.820068359375,-0.0071517312026224,0.3378696729581976,0.5378182814573504,2037.050048828125,15.239999771118164,15.350666999816895,40.27000045776367,2.241499900817871,2957.820068359375,,4.3,13.1
2016-03-29,58.35,59.43,56.91,56.92,145902,-0.0203098106712564,6.5063,2919.83203125,-0.0128432549078097,0.3475354436651103,0.5377685387186296,2055.010009765625,13.819999694824219,15.342000007629395,39.13999938964844,2.2084999084472656,2919.83203125,,4.3,13.8
2016-03-30,57.2,58.97,57.2,58.85,104242,0.0339072382290934,6.4648,3000.64501953125,0.0276772730130827,0.3313606545709892,0.5363323809584183,2063.949951171875,13.5600004196167,15.12600040435791,39.2599983215332,2.187000036239624,3000.64501953125,,4.3,12.6
2016-03-31,58.88,59.82,58.43,58.86,101934,0.0001699235344094,6.448,3003.9150390625,0.0010897722022982,0.3295007480587297,0.5341146268094622,2059.739990234375,13.949999809265137,15.317999839782715,39.599998474121094,2.18149995803833,3003.9150390625,,4.3,15.3
2016-04-01,58.84,58.85,57.31,58.35,58376,-0.0086646279306829,6.4776,3009.530029296875,0.0018692240497346,0.33290924301342,0.5322174377556806,2072.780029296875,13.100000381469727,15.839332580566406,39.65999984741211,2.1610000133514404,3009.530029296875,,4.3,16.6
2016-04-05,59.23,60.28,58.58,59.02,143295,0.0114824335904026,6.476,3053.06494140625,0.0144656845705395,0.3338807496575579,0.5013358793725591,2045.1700439453125,15.420000076293945,17.031333923339844,37.869998931884766,2.134999990463257,3053.06494140625,,4.3,15.0
2016-04-06,58.59,59.0,57.95,58.4,96696,-0.010504913588614,6.478,3050.592041015625,-0.0008099730723336,0.3302862748824313,0.501444504907283,2066.659912109375,14.09000015258789,17.69466781616211,39.84000015258789,2.140500068664551,3050.592041015625,,4.3,15.1
2016-04-07,58.53,58.71,56.74,57.1,88806,-0.0222602739726026,6.4599,3008.419921875,-0.0138242408600085,0.3317487592597098,0.5021305441539332,2041.9100341796875,16.15999984741211,17.14666748046875,39.43000030517578,2.07450008392334,3008.419921875,,4.3,15.7
2016-04-08,56.65,58.0,56.62,57.75,71666,0.0113835376532398,6.4628,2984.9580078125,-0.0077987497330084,0.3279658130528286,0.472341265962773,2047.5999755859375,15.359999656677246,16.67133331298828,41.939998626708984,2.0864999294281006,2984.9580078125,,4.3,15.5
2016-04-11,57.75,58.88,57.46,57.88,84676,0.0022510822510823,6.458,3033.95703125,0.0164153141549245,0.3259286713240691,0.4483341060819398,2041.989990234375,16.260000228881836,16.661333084106445,42.83000183105469,2.0885000228881836,3033.95703125,,4.3,10.7
2016-04-12,57.8,58.45,56.85,57.95,89769,0.001209398756047,6.4639,3023.64599609375,-0.0033985435686944,0.3002090043568045,0.4450502897440662,2061.719970703125,14.850000381469727,16.521333694458008,44.689998626708984,2.1449999809265137,3023.64599609375,,4.3,12.0
2016-04-13,58.65,59.38,58.48,58.64,119291,0.0119068162208799,6.4768,3066.637939453125,0.0142185769812062,0.2953446193913578,0.4403693597777783,2082.419921875,13.84000015258789,16.968666076660156,44.18000030517578,2.1675000190734863,3066.637939453125,,4.3,16.4
2016-04-14,58.85,59.13,58.38,58.8,65735,0.0027285129604364,6.481,3082.362060546875,0.0051274788234552,0.273003534154871,0.431966853090092,2082.780029296875,13.720000267028809,16.790666580200195,43.84000015258789,2.1710000038146973,3082.362060546875,,4.3,15.1
2016-04-15,58.64,58.94,57.65,58.29,65159,-0.008673469387755,6.473,3078.116943359375,-0.0013772286007007,0.2463918879193993,0.4227333996257822,2080.72998046875,13.619999885559082,16.96733283996582,43.099998474121094,2.1519999504089355,3078.116943359375,,4.3,15.5
2016-04-18,58.32,60.23,57.71,60.07,125881,0.0305369703208098,6.4717,3033.659912109375,-0.014442931203738,0.2403319744731062,0.4223870930084625,2094.340087890625,13.350000381469727,16.92533302307129,42.90999984741211,2.1640000343322754,3033.659912109375,,4.3,13.3
2016-04-19,59.81,65.55,59.71,62.49,228642,0.0402863326119526,6.4571,3042.822998046875,0.0030204723676916,0.2746563020324682,0.4297122851652403,2100.800048828125,13.239999771118164,16.4913330078125,44.029998779296875,2.2230000495910645,3042.822998046875,,4.3,12.0
2016-04-20,62.05,62.36,58.1,60.26,171497,-0.0356857097135542,6.4675,2972.583984375,-0.0230835029566162,0.3079757599627106,0.434582951356342,2102.39990234375,13.279999732971191,16.6646671295166,45.79999923706055,2.242000102996826,2972.583984375,,4.3,16.5
2016-04-21,60.06,63.85,59.82,62.18,154118,0.0318619316296051,6.481,2952.89111328125,-0.0066248325353507,0.3228976364450873,0.4371679622066663,2091.47998046875,13.949999809265137,16.55266761779785,44.529998779296875,2.252000093460083,2952.89111328125,,4.3,19.9
2016-04-22,61.32,63.04,60.72,61.95,88990,-0.0036989385654551,6.5004,2959.239990234375,0.0021500545430102,0.3169610598871282,0.4324192804988241,2091.580078125,13.220000267028809,16.916667938232422,45.11000061035156,2.2690000534057617,2959.239990234375,,4.3,17.9
2016-04-25,61.96,62.05,60.05,60.8,88200,-0.0185633575464084,6.49,2946.669921875,-0.0042477353647749,0.327141034069455,0.4330227930088484,2087.7900390625,14.079999923706055,16.788000106811523,44.47999954223633,2.258500099182129,2946.669921875,,4.3,21.9
2016-04-26,60.55,63.01,60.55,62.08,72851,0.0210526315789474,6.4905,2964.699951171875,0.0061187814634502,0.3284405619680525,0.4346494472996352,2091.699951171875,13.960000038146973,16.916000366210938,45.7400016784668,2.248500108718872,2964.699951171875,,4.3,18.1
2016-04-27,62.55,63.34,62.08,62.38,91475,0.0048324742268042,6.494,2953.6708984375,-0.0037201244362066,0.3161403259944686,0.3882620283880719,2095.14990234375,13.770000457763672,16.764667510986328,47.18000030517578,2.2204999923706055,2953.6708984375,,4.3,15.7
2016-04-28,62.62,62.84,60.56,61.94,76025,-0.0070535428021802,6.4735,2945.589111328125,-0.0027361840188933,0.2990562705042129,0.3800711760796213,2075.81005859375,15.220000267028809,16.513999938964844,48.13999938964844,2.2244999408721924,2945.589111328125,,4.3,19.1
2016-04-29,62.25,64.66,62.25,63.76,161383,0.0293832741362609,6.4738,2938.323974609375,-0.0024664460806193,0.3133751587066385,0.3590984073899262,2065.300048828125,15.699999809265137,16.05066680908203,48.130001068115234,2.2790000438690186,2938.323974609375,,4.3,20.0
2016-05-03,63.85,64.37,62.82,64.35,135670,0.0092534504391468,6.49,2992.64306640625,0.0184864202403332,0.3100633024920071,0.3469871436916264,2063.3701171875,15.600000381469727,15.48799991607666,46.75,2.2144999504089355,2992.64306640625,,4.3,16.5
2016-05-04,63.98,64.74,63.42,63.6,96593,-0.0116550116550115,6.4945,2991.27197265625,-0.0004581547881172,0.3145774933973745,0.3470727116060078,2051.1201171875,16.049999237060547,14.837332725524902,44.619998931884766,2.183000087738037,2991.27197265625,,4.3,18.5
2016-05-05,63.56,63.6,62.65,63.52,71386,-0.0012578616352201,6.5032,2997.842041015625,0.0021964129037523,0.3106376741816552,0.340148604797219,2050.6298828125,15.90999984741211,14.10200023651123,45.0099983215332,2.1510000228881836,2997.842041015625,,4.3,19.6
2016-05-06,63.06,63.52,61.05,61.25,102812,-0.0357367758186398,6.497,2913.248046875,-0.0282182960220165,0.3291075855794457,0.3496692760056322,2057.139892578125,14.720000267028809,14.328666687011719,45.369998931884766,2.1510000228881836,2913.248046875,,4.3,18.3
2016-05-09,60.16,60.85,58.3,59.05,101204,-0.0359183673469388,6.514,2832.113037109375,-0.0278503609923148,0.3562102469402765,0.3578417559802706,2058.68994140625,14.569999694824219,13.928000450134277,43.630001068115234,2.1040000915527344,2832.113037109375,,4.3,18.0
2016-05-10,59.05,59.54,58.48,58.75,56623,-0.0050804403048263,6.515,2832.591064453125,0.0001687882289607,0.3569150408594911,0.3544641618802359,2084.389892578125,13.630000114440918,13.912667274475098,45.52000045776367,2.0899999141693115,2832.591064453125,,4.3,20.0
2016-05-11,59.05,59.43,57.87,58.36,69451,-0.0066382978723403,6.491,2837.037109375,0.0015696035257857,0.3579356308873881,0.354897823894846,2064.4599609375,14.6899995803833,13.93066692352295,47.599998474121094,2.1010000705718994,2837.037109375,,4.3,22.8
2016-05-12,58.08,60.02,57.46,59.56,82474,0.0205620287868404,6.514,2835.862060546875,-0.0004141816912588,0.3628486302570893,0.347640593577155,2064.110107421875,14.40999984741211,13.8186674118042,48.08000183105469,2.072999954223633,2835.862060546875,,4.3,17.9
2016-05-13,59.51,60.43,58.9,59.22,58160,-0.0057085292142378,6.5285,2827.10888671875,-0.0030866007024463,0.3635590618252417,0.3420505296718519,2046.6099853515625,15.039999961853027,13.840666770935059,47.83000183105469,2.075000047683716,2827.10888671875,,4.3,16.8
2016-05-16,59.38,60.63,59.08,60.61,65887,0.0234718000675446,6.5184,2850.862060546875,0.00840193101147,0.3705176708358401,0.343924902144435,2066.659912109375,14.680000305175781,13.88599967956543,48.970001220703125,2.0910000801086426,2850.862060546875,,4.3,20.2
2016-05-17,60.61,61.05,59.71,60.39,54326,-0.0036297640653357,6.517,2843.68408203125,-0.0025178273670133,0.3554165415831643,0.3422658665873839,2047.2099609375,15.569999694824219,13.644000053405762,49.279998779296875,2.0920000076293945,2843.68408203125,,4.3,22.8
2016-05-18,59.84,59.84,58.16,58.61,58726,-0.0294750786554065,6.537,2807.513916015625,-0.0127194740949524,0.3376726000162968,0.3482476537988013,2047.6300048828125,15.949999809265137,14.07800006866455,48.93000030517578,2.0815000534057617,2807.513916015625,,4.3,22.7
2016-05-19,58.97,59.53,58.49,58.62,37542,0.000170619348234,6.544,2806.906005859375,-0.0002165297036578,0.3148312522786725,0.3482304661813304,2040.0400390625,16.329999923706055,14.347332954406738,48.810001373291016,2.062999963760376,2806.906005859375,,4.3,22.6
2016-05-20,58.35,59.22,58.04,59.15,36587,0.0090412828386217,6.5485,2825.48291015625,0.0066182851360523,0.292697486630072,0.348467218234168,2052.320068359375,15.199999809265137,14.685333251953125,48.720001220703125,2.058500051498413,2825.48291015625,,4.3,21.6
2016-05-23,59.25,60.26,59.25,59.48,51619,0.005579036348267,6.5533,2843.64501953125,0.0064279664583055,0.293972996184222,0.3254010164002743,2048.0400390625,15.819999694824219,14.414667129516602,48.349998474121094,2.057499885559082,2843.64501953125,,4.3,19.9
2016-05-24,59.6,60.21,59.08,59.28,62206,-0.003362474781439,6.5552,2821.666015625,-0.0077291658260049,0.2874018367788242,0.3251731211656412,2076.06005859375,14.420000076293945,14.52733325958252,48.61000061035156,2.069499969482422,2821.666015625,,4.3,21.1
2016-05-25,59.81,60.05,59.06,59.17,42040,-0.001855600539811,6.5538,2815.0859375,-0.0023319833348677,0.2752189492709818,0.3158542118280594,2090.5400390625,13.899999618530273,14.638667106628418,49.7400016784668,2.1050000190734863,2815.0859375,,4.3,21.6
2016-05-26,59.44,59.77,57.65,58.82,57423,-0.0059151597093122,6.554,2822.443115234375,0.0026134824647339,0.2741908623660933,0.3142043037644771,2090.10009765625,13.430000305175781,15.008000373840332,49.59000015258789,2.1064999103546143,2822.443115234375,,4.3,22.6
2016-05-27,58.65,58.74,57.65,57.84,59010,-0.0166609996599795,6.5615,2821.0458984375,-0.0004950380715676,0.278262271222738,0.3032547530998196,2099.06005859375,13.119999885559082,14.869333267211914,49.31999969482422,2.114000082015991,2821.0458984375,,4.3,23.7
2016-05-30,57.86,58.41,57.43,57.97,42735,0.0022475795297371,6.5615,2822.450927734375,0.0004980526185884,0.2514011014727616,0.3028801443093981,2099.06005859375,13.119999885559082,14.869333267211914,49.31999969482422,2.114000082015991,2822.450927734375,,4.3,26.8
2016-05-31,58.0,60.0,58.0,59.85,87393,0.0324305675349319,6.5798,2916.615966796875,0.0333628613830632,0.2801884974554766,0.3094536547090296,2096.949951171875,14.1899995803833,14.881999969482422,49.689998626708984,2.0975000858306885,2916.615966796875,,4.3,24.8
2016-06-01,59.94,60.25,59.61,59.79,69499,-0.0010025062656642,6.5748,2913.508056640625,-0.00106558771934,0.2786079977317492,0.3094620747441348,2099.330078125,14.199999809265137,14.637332916259766,49.709999084472656,2.072499990463257,2913.508056640625,,4.3,24.7
2016-06-02,59.89,60.18,59.05,59.97,49215,0.0030105368790767,6.5815,2925.22900390625,0.0040229671714515,0.2793601490991247,0.3073246661190958,2105.260009765625,13.630000114440918,14.597332954406738,50.040000915527344,2.069499969482422,2925.22900390625,,4.3,25.5
2016-06-03,60.03,60.49,59.99,60.05,62745,0.0013340003335,6.5638,2938.681884765625,0.0045989154494949,0.2507866280729681,0.3035494756726554,2099.1298828125,13.470000267028809,14.599332809448242,49.63999938964844,2.111999988555908,2938.681884765625,,4.3,23.8
2016-06-06,60.5,60.97,59.83,60.2,58725,0.0024979184013322,6.5611,2934.097900390625,-0.0015598777121007,0.2139471028881111,0.3024883062029855,2109.409912109375,13.649999618530273,14.711999893188477,50.54999923706055,2.117000102996826,2934.097900390625,,4.3,25.6
2016-06-07,60.31,62.03,60.06,61.31,89951,0.0184385382059799,6.571,2936.044921875,0.0006635843623745,0.2211737597888236,0.3037679498445391,2112.1298828125,14.050000190734863,15.489333152770996,51.439998626708984,2.0510001182556152,2936.044921875,,4.3,21.7
2016-06-08,61.32,61.43,60.05,60.4,66884,-0.0148426031642473,6.56,2927.158935546875,-0.0030265157940602,0.2273658980988817,0.2958600267568243,2119.1201171875,14.079999923706055,15.701333045959473,52.5099983215332,2.0625,2927.158935546875,,4.3,24.2
2016-06-13,59.58,60.05,57.48,57.49,106828,-0.0481788079470197,6.5823,2833.071044921875,-0.0321430754860674,0.2775838703537915,0.3107680496304947,2079.06005859375,20.969999313354492,14.524666786193848,50.349998474121094,2.057499885559082,2833.071044921875,,4.3,23.1
2016-06-14,57.11,57.91,56.87,57.11,56651,-0.0066098451904679,6.593,2842.18896484375,0.0032183873179665,0.2777782936032642,0.3058910575962783,2075.320068359375,20.5,14.330666542053223,49.83000183105469,2.0445001125335693,2842.18896484375,,4.3,20.5
2016-06-15,56.57,59.94,56.57,59.19,112731,0.0364209420416739,6.5785,2887.2099609375,0.0158402543429145,0.2964929269656939,0.3046691344288352,2071.5,20.139999389648438,14.513333320617676,48.970001220703125,2.0934998989105225,2887.2099609375,,4.3,23.6
2016-06-16,58.78,61.03,58.12,59.47,102583,0.0047305288055414,6.5899,2872.81689453125,-0.0049851124791687,0.2970009115752369,0.296950571137841,2077.989990234375,19.3700008392334,14.528667449951172,47.189998626708984,2.049999952316284,2872.81689453125,,4.3,26.7
2016-06-17,59.53,60.39,58.9,59.26,67172,-0.0035311921977467,6.5849,2885.10498046875,0.0042773648264502,0.2771619785713192,0.297085555729127,2071.219970703125,19.40999984741211,14.364666938781738,49.16999816894531,2.052500009536743,2885.10498046875,,4.3,26.3
2016-06-20,59.56,60.21,59.33,59.65,44497,0.0065811677354032,6.5768,2888.80908203125,0.0012838706347171,0.2779335007519454,0.296433690748406,2083.25,18.3700008392334,14.646666526794434,50.650001525878906,2.0934998989105225,2888.80908203125,,4.3,29.4
2016-06-21,60.0,60.65,59.26,59.44,98047,-0.0035205364626991,6.5893,2878.55810546875,-0.0035485129932131,0.2766978051387296,0.2961217652303449,2088.89990234375,18.479999542236328,14.640666961669922,50.619998931884766,2.116499900817871,2878.55810546875,,4.3,28.4
2016-06-22,60.47,61.85,60.2,60.97,133208,0.0257402422611037,6.575,2905.550048828125,0.0093768971722665,0.290617615664691,0.2987775643769613,2085.449951171875,21.170000076293945,13.11066722869873,49.880001068115234,2.135499954223633,2905.550048828125,,4.3,28.2
2016-06-23,60.41,61.04,59.82,60.08,65657,-0.0145973429555519,6.574,2891.9599609375,-0.004677285767666,0.2957492169521099,0.3001921747114407,2113.320068359375,17.25,13.09333324432373,50.90999984741211,2.1635000705718994,2891.9599609375,,4.3,26.7
2016-06-24,60.04,60.54,57.35,59.16,82357,-0.0153129161118509,6.615,2854.285888671875,-0.0130271763006746,0.301181396927512,0.2996333054094183,2037.4100341796875,25.760000228881836,12.876667022705078,48.40999984741211,2.111999988555908,2854.285888671875,,4.3,26.7
2016-06-27,59.05,59.99,58.91,59.72,47691,0.0094658553076403,6.6481,2895.702880859375,0.0145104568368137,0.3020118957226912,0.2970129021735175,2000.5400390625,23.850000381469727,13.236666679382324,47.15999984741211,2.126499891281128,2895.702880859375,,4.3,27.9
2016-06-28,59.35,60.45,58.92,60.35,70131,0.010549229738781,6.645,2912.556884765625,0.0058203498769349,0.2963810732337598,0.2897182895747424,2036.0899658203125,18.75,13.452667236328125,48.58000183105469,2.1700000762939453,2912.556884765625,,4.3,21.8
2016-06-29,60.09,60.55,59.81,60.45,67588,0.0016570008285003,6.635,2931.592041015625,0.0065355483182372,0.2963896759683688,0.2897252495920558,2070.77001953125,16.639999389648438,14.012666702270508,50.61000061035156,2.183500051498413,2931.592041015625,,4.3,24.8
2016-06-30,60.5,61.53,60.08,61.06,87860,0.0100909842845327,6.6459,2929.60595703125,-0.0006774762506474,0.2761486510885663,0.2897110100467329,2098.860107421875,15.630000114440918,14.152000427246094,49.68000030517578,2.194499969482422,2929.60595703125,,4.3,26.2
2016-07-01,61.03,62.1,60.51,61.44,91118,0.0062233868326235,6.6547,2932.47607421875,0.0009796939348145,0.2765938154806768,0.2890919582074853,2102.949951171875,14.770000457763672,14.433333396911621,49.84000015258789,2.2149999141693115,2932.47607421875,,4.3,25.9
2016-07-04,61.3,61.98,60.67,61.5,82443,0.0009765625,6.6547,2988.60400390625,0.0191401151337451,0.2765414311391567,0.2881245892336139,2102.949951171875,14.770000457763672,14.433333396911621,49.84000015258789,2.2149999141693115,2988.60400390625,,4.3,25.2
2016-07-05,61.45,61.61,60.26,60.85,91867,-0.0105691056910568,6.677,3006.39208984375,0.0059519715272582,0.279791003329023,0.2850690678752909,2088.550048828125,15.579999923706055,14.26533317565918,47.959999084472656,2.18149995803833,3006.39208984375,,4.3,26.0
2016-07-06,60.82,61.25,60.43,60.87,49595,0.0003286770747739,6.69,3017.2919921875,0.0036255757792114,0.2797234327472968,0.284284751750686,2099.72998046875,14.960000038146973,14.295999526977539,48.79999923706055,2.1514999866485596,3017.2919921875,,4.3,26.8
2016-07-07,60.85,62.58,60.65,61.98,123338,0.0182355840315426,6.679,3016.846923828125,-0.0001475058961901,0.2795536283713823,0.2864558426739864,2097.89990234375,14.760000228881836,14.395999908447266,46.400001525878906,2.122499942779541,3016.846923828125,,4.3,27.6
2016-07-08,62.22,63.14,61.88,62.24,91200,0.0041949015811553,6.6878,2988.093994140625,-0.0095307884070614,0.2736274229533068,0.2865170702245261,2129.89990234375,13.199999809265137,14.45199966430664,46.7599983215332,2.118499994277954,2988.093994140625,,4.3,28.5
2016-07-11,62.64,62.96,61.2,61.28,68910,-0.0154241645244216,6.6917,2994.9169921875,0.0022833947192606,0.2123705355904679,0.287689037225567,2137.159912109375,13.539999961853027,14.985333442687988,46.25,2.1470000743865967,2994.9169921875,,4.3,32.0
2016-07-12,61.03,61.52,60.23,61.12,88768,-0.0026109660574412,6.686,3049.381103515625,0.0181855161495958,0.210365163327665,0.287751867260389,2152.139892578125,13.550000190734863,14.976667404174805,48.470001220703125,2.2109999656677246,3049.381103515625,,4.3,28.0
2016-07-13,61.05,61.17,60.5,60.98,89923,-0.0022905759162303,6.6832,3060.68896484375,0.0037082479835295,0.1712043101569997,0.287150362344411,2152.429931640625,13.039999961853027,14.835332870483398,46.2599983215332,2.23799991607666,3060.68896484375,,4.3,29.5
2016-07-14,60.78,61.41,60.52,61.25,70836,0.0044276812069532,6.6801,3054.01806640625,-0.0021795414411998,0.1711329532198759,0.2805553984756564,2163.75,12.819999694824219,14.768667221069336,47.369998931884766,2.240999937057495,3054.01806640625,,4.3,27.3
2016-07-15,61.74,64.23,61.51,63.04,191155,0.0292244897959184,6.6865,3054.2958984375,9.097262203727752e-05,0.1959776241850229,0.2747064145291202,2161.739990234375,12.670000076293945,14.69333267211914,47.61000061035156,2.2304999828338623,3054.2958984375,,4.3,23.8
2016-07-18,63.4,63.93,62.51,62.7,98432,-0.0053934010152283,6.7013,3043.56396484375,-0.0035137177112538,0.1978129053971391,0.264588888930003,2166.889892578125,12.4399995803833,15.083333015441895,46.959999084472656,2.2339999675750732,3043.56396484375,,4.3,27.1
2016-07-19,62.81,63.01,62.23,62.85,51609,0.0023923444976077,6.6931,3036.597900390625,-0.0022887852969709,0.1965075604924322,0.256583179951524,2163.780029296875,11.970000267028809,15.017333030700684,46.65999984741211,2.2614998817443848,3036.597900390625,,4.3,22.9
2016-07-20,62.86,63.35,62.55,62.55,54593,-0.0047732696897375,6.676,3027.89990234375,-0.0028643891394892,0.1784142025233881,0.2566642640387143,2173.02001953125,11.770000457763672,15.223999977111816,47.16999816894531,2.252000093460083,3027.89990234375,,4.3,22.6
2016-07-21,62.7,62.9,61.86,61.99,66112,-0.008952837729816,6.6735,3039.009033203125,0.0036689227575772,0.1727623848526295,0.2543947710758978,2165.169921875,12.739999771118164,14.699999809265137,46.20000076293945,2.25600004196167,3039.009033203125,,4.3,24.6
2016-07-22,62.7,62.85,61.05,61.55,76550,-0.0070979190191967,6.676,3012.81591796875,-0.0086189659024367,0.1643375327513024,0.2511783971457443,2175.030029296875,12.020000457763672,14.817999839782715,45.689998626708984,2.2339999675750732,3012.81591796875,,4.3,26.4
2016-07-25,61.55,62.03,60.36,60.57,76704,-0.0159220146222582,6.6783,3015.827880859375,0.0009997168670881,0.1735576565719181,0.2530603351182314,2168.47998046875,12.869999885559082,15.333999633789062,44.720001220703125,2.2160000801086426,3015.827880859375,,4.3,26.9
2016-07-26,60.95,61.4,60.64,61.22,53647,0.0107313851741785,6.669,3050.166015625,0.0113859729806067,0.1736950282693014,0.2536767495997885,2169.179931640625,13.050000190734863,15.300666809082031,44.869998931884766,2.2249999046325684,3050.166015625,,4.3,26.8
2016-07-27,61.19,61.19,58.58,59.43,100834,-0.0292388108461286,6.668,2991.9990234375,-0.0190701069677944,0.2036476411383649,0.2530545260287505,2166.580078125,12.829999923706055,15.232666969299316,43.470001220703125,2.184999942779541,2991.9990234375,,4.3,28.0
2016-07-28,59.55,60.37,59.06,59.8,52084,0.0062258118795219,6.6538,2994.322998046875,0.0007767297352607,0.2013623484345048,0.2526038759296056,2170.06005859375,12.720000267028809,15.37399959564209,42.70000076293945,2.2060000896453857,2994.322998046875,,4.3,28.4
2016-07-29,59.8,60.3,59.24,59.4,37383,-0.0066889632107023,6.6371,2979.339111328125,-0.0050040983315839,0.2004625231324,0.2519213770933288,2173.60009765625,11.869999885559082,15.652667045593262,42.459999084472656,2.2204999923706055,2979.339111328125,,4.3,27.6
2016-08-01,59.41,59.82,58.75,58.95,34770,-0.0075757575757574,6.6421,2953.385009765625,-0.0087113620144201,0.2012951667058203,0.2522800209933029,2170.840087890625,12.4399995803833,15.333999633789062,42.45000076293945,2.196500062942505,2953.385009765625,,4.3,26.0
2016-08-02,58.65,59.14,58.6,59.01,38070,0.0010178117048345,6.6239,2971.279052734375,0.0060588250125133,0.1989711846631841,0.2417642795796914,2157.030029296875,13.369999885559082,15.146666526794434,41.79999923706055,2.2065000534057617,2971.279052734375,,4.3,27.2
2016-08-03,59.01,59.13,58.69,58.89,26518,-0.002033553634977,6.632,2978.4609375,0.0024171020756249,0.1988662680659112,0.2302652236373701,2163.7900390625,12.859999656677246,15.052666664123535,43.099998474121094,2.196000099182129,2978.4609375,,4.3,27.8
2016-08-04,58.92,59.22,58.75,59.13,31542,0.0040753948038716,6.6388,2982.426025390625,0.0013312539508922,0.1860968694107048,0.2301569749545758,2164.25,12.420000076293945,15.37399959564209,44.290000915527344,2.1740000247955322,2982.426025390625,,4.3,27.8
2016-08-05,59.14,59.55,58.77,58.82,42907,-0.0052426856079824,6.653,2976.696044921875,-0.0019212481449558,0.1847483144438511,0.2299972982177793,2182.8701171875,11.390000343322754,15.335332870483398,44.27000045776367,2.1530001163482666,2976.696044921875,,4.3,27.5
2016-08-08,58.88,59.03,58.12,58.96,38193,0.0023801428085685,6.6597,3004.277099609375,0.0092656604071323,0.1792869481526707,0.226119355134864,2180.889892578125,11.5,15.077333450317383,45.38999938964844,2.1640000343322754,3004.277099609375,,4.3,25.6
2016-08-09,59.0,59.24,58.6,59.2,47192,0.0040705563093623,6.653,3025.680908203125,0.0071244455434995,0.1804840742854725,0.2259656688479138,2181.739990234375,11.65999984741211,15.272000312805176,44.97999954223633,2.1494998931884766,3025.680908203125,,4.3,25.4
2016-08-10,59.21,59.52,58.81,58.94,33802,-0.0043918918918919,6.6345,3018.74609375,-0.0022919847345183,0.1807549515820267,0.2208097018823691,2175.489990234375,12.050000190734863,15.043333053588867,44.04999923706055,2.1705000400543213,3018.74609375,,4.3,28.1
2016-08-11,58.93,59.44,58.64,58.65,48135,-0.0049202578893789,6.6274,3002.637939453125,-0.0053360414545049,0.1796364033855675,0.2209068863326048,2185.7900390625,11.680000305175781,14.994000434875488,46.040000915527344,2.190000057220459,3002.637939453125,,4.3,29.4
2016-08-12,59.05,59.8,58.75,59.32,52718,0.0114236999147485,6.6324,3050.6669921875,0.0159956190865697,0.1465196457764577,0.2136920443722191,2184.050048828125,11.550000190734863,15.040666580200195,46.970001220703125,2.140500068664551,3050.6669921875,,4.3,27.6
2016-08-15,59.54,60.65,59.05,60.12,96418,0.0134861766689142,6.637,3125.195068359375,0.0244300922921889,0.1573478767638747,0.2153958936562358,2190.14990234375,11.8100004196167,15.03933334350586,48.349998474121094,2.1514999866485596,3125.195068359375,,4.3,24.4
2016-08-16,60.25,60.4,59.85,59.97,78103,-0.0024950099800399,6.624,3110.037109375,-0.0048502441136681,0.1564710043842831,0.2147412499086585,2178.14990234375,12.640000343322754,14.907333374023438,49.22999954223633,2.171999931335449,3110.037109375,,4.3,24.5
2016-08-17,60.05,61.25,60.05,60.77,87138,0.0133400033350008,6.6328,3109.554931640625,-0.0001550392221756,0.1656106603254991,0.2161376063513472,2182.219970703125,12.1899995803833,14.88266658782959,49.849998474121094,2.1519999504089355,3109.554931640625,,4.3,24.3
2016-08-18,60.75,60.75,59.99,60.11,59420,-0.0108606220174428,6.6297,3104.114013671875,-0.0017497417117116,0.1668995412998255,0.2172457803259523,2187.02001953125,11.430000305175781,14.900667190551758,50.88999938964844,2.1670000553131104,3104.114013671875,,4.3,23.4
2016-08-19,60.05,60.23,59.7,59.91,37769,-0.0033272334054234,6.6515,3108.10205078125,0.0012847585790374,0.165750624399099,0.2173297618324629,2183.8701171875,11.34000015258789,15.0,50.880001068115234,2.1665000915527344,3108.10205078125,,4.3,25.6
2016-08-22,59.94,60.15,58.68,58.73,63053,-0.0196962109831413,6.6475,3084.804931640625,-0.0074956094619766,0.1706367862087247,0.2208200252065675,2182.639892578125,12.270000457763672,14.862000465393066,49.15999984741211,2.140000104904175,3084.804931640625,,4.3,26.7
2016-08-23,59.01,59.11,58.61,58.96,34301,0.0039162268006129,6.6378,3089.7060546875,0.001588795128212,0.1658115360116137,0.2181718259566325,2186.89990234375,12.380000114440918,14.989333152770996,49.959999084472656,2.115000009536743,3089.7060546875,,4.3,25.3
2016-08-24,59.05,59.22,58.83,59.13,30901,0.0028833107191317,6.6562,3085.8798828125,-0.0012383611279769,0.1309092378200998,0.2181985504477634,2175.43994140625,13.449999809265137,14.841333389282227,49.04999923706055,2.0759999752044678,3085.8798828125,,4.3,27.1
2016-08-25,59.01,59.01,57.68,58.25,65348,-0.0148824623710468,6.656,3068.3291015625,-0.0056874479618448,0.1383536772624692,0.2099432932900749,2172.469970703125,13.630000114440918,14.730667114257812,49.66999816894531,2.075500011444092,3068.3291015625,,4.3,25.2
2016-08-26,58.55,58.55,58.05,58.4,44164,0.0025751072961373,6.669,3070.30908203125,0.0006452959911444,0.1374515753444519,0.2100249195022022,2169.0400390625,13.649999618530273,14.666000366210938,49.91999816894531,2.075000047683716,3070.30908203125,,4.3,21.2
2016-08-29,58.9,59.18,58.2,58.34,67373,-0.0010273972602738,6.6775,3070.027099609375,-9.18417052945264e-05,0.1351240001775673,0.209915608899784,2180.3798828125,12.9399995803833,14.346667289733887,49.2599983215332,2.072499990463257,3070.027099609375,,4.3,22.9
2016-08-30,58.45,58.59,58.2,58.52,39552,0.0030853616729515,6.6778,3074.677001953125,0.0015146128007605,0.1356274410247106,0.2100070989662974,2176.1201171875,13.119999885559082,14.089332580566406,48.369998931884766,2.069000005722046,3074.677001953125,,4.3,24.0
2016-08-31,58.68,58.69,58.25,58.6,28026,0.001367053998633,6.6776,3085.490966796875,0.0035171059714176,0.1356154029501599,0.2099545239429274,2170.949951171875,13.420000076293945,14.133999824523926,47.040000915527344,2.069499969482422,3085.490966796875,,4.3,23.9
2016-09-01,58.7,58.77,58.5,58.51,31025,-0.0015358361774744,6.6713,3063.304931640625,-0.0071904391861765,0.1347222922748441,0.2062731188791317,2170.860107421875,13.479999542236328,13.38466739654541,47.04999923706055,2.06850004196167,3063.304931640625,,4.3,20.9
2016-09-02,58.5,58.5,57.85,57.91,44156,-0.0102546573235344,6.679,3067.35205078125,0.0013211610436894,0.1381959706640974,0.2051403219556778,2179.97998046875,11.979999542236328,13.185333251953125,46.83000183105469,2.071500062942505,3067.35205078125,,4.3,22.7
2016-09-05,58.05,58.31,57.65,57.97,26713,0.0010360904852357,6.679,3072.094970703125,0.0015462587415315,0.1378750602564185,0.1796125651879058,2179.97998046875,11.979999542236328,13.185333251953125,46.83000183105469,2.071500062942505,3072.094970703125,,4.3,22.9
2016-09-06,58.17,59.57,57.83,59.56,84733,0.0274279799896499,6.6722,3090.712890625,0.0060603334530422,0.1700231706675215,0.1874733484857201,2186.47998046875,12.020000457763672,13.522000312805176,47.2599983215332,2.0840001106262207,3090.712890625,,4.3,24.5
2016-09-07,59.55,59.65,58.95,59.02,51287,-0.009066487575554,6.66,3091.927978515625,0.0003931416257751,0.1725460284534423,0.1731561114702111,2186.159912109375,11.9399995803833,13.447333335876465,47.97999954223633,2.0929999351501465,3091.927978515625,,4.3,24.7
2016-09-08,59.03,59.3,58.8,58.95,32724,-0.0011860386309725,6.664,3095.9541015625,0.0013021399834829,0.1716047712162609,0.1728915929556292,2181.300048828125,12.510000228881836,13.157333374023438,49.9900016784668,2.0959999561309814,3095.9541015625,,4.3,22.9
2016-09-09,59.08,60.33,59.04,59.06,67664,0.00186598812553,6.6778,3078.85498046875,-0.0055230538092022,0.1666782959135156,0.1727863050619845,2127.81005859375,17.5,12.964667320251465,48.0099983215332,2.0885000228881836,3078.85498046875,,4.3,23.7
2016-09-12,58.05,58.52,57.66,57.72,57353,-0.0226887910599391,6.6788,3021.97705078125,-0.018473728073688,0.1765460917674698,0.1783488175187395,2159.0400390625,15.15999984741211,13.220000267028809,48.31999969482422,2.0959999561309814,3021.97705078125,,4.3,21.0
2016-09-13,58.05,58.15,56.85,57.07,67381,-0.0112612612612612,6.6782,3023.510009765625,0.0005072702269459,0.1796035726260753,0.1796123964949024,2127.02001953125,17.850000381469727,13.069999694824219,47.099998474121094,2.0954999923706055,3023.510009765625,,4.3,21.5
2016-09-14,57.05,57.05,56.05,56.06,61515,-0.0176975643946031,6.6707,3002.84912109375,-0.0068334116987019,0.1772696741551247,0.1743728917525478,2125.77001953125,18.139999389648438,13.093999862670898,45.849998474121094,2.1480000019073486,3002.84912109375,,4.3,22.8
2016-09-19,56.14,56.97,56.14,56.73,41144,0.0119514805565463,6.665,3026.051025390625,0.0077266300640586,0.1838739276236651,0.1742394304689105,2139.1201171875,15.529999732971191,13.755999565124512,45.95000076293945,2.1489999294281006,3026.051025390625,,4.3,17.8
2016-09-20,56.9,57.1,56.17,56.36,30931,-0.006522122333862,6.67,3023.0,-0.0010082531209899,0.1843386340973489,0.1720504581724184,2139.760009765625,15.920000076293945,13.642666816711426,45.880001068115234,2.1554999351501465,3023.0,,4.3,18.0
2016-09-21,56.57,56.98,56.22,56.8,31946,0.0078069552874378,6.6695,3025.8740234375,0.0009507189670856,0.176975301445915,0.171662895438149,2163.1201171875,13.300000190734863,13.6813325881958,46.83000183105469,2.1449999809265137,3025.8740234375,,4.3,18.2
2016-09-22,56.95,57.23,56.86,57.15,46558,0.0061619718309859,6.663,3042.31298828125,0.005432798826527,0.1780815250892696,0.1706589765740576,2177.179931640625,12.020000457763672,13.76200008392334,47.650001525878906,2.1875,3042.31298828125,,4.3,19.4
2016-09-23,57.2,57.25,56.87,57.03,27230,-0.0020997375328083,6.669,3033.89599609375,-0.0027666424263123,0.177332339236748,0.1705968416460516,2164.68994140625,12.289999961853027,13.829999923706055,45.88999938964844,2.192500114440918,3033.89599609375,,4.3,21.1
2016-09-26,57.03,57.06,55.21,55.45,50540,-0.0277047168157109,6.6683,2980.429931640625,-0.0176229061648667,0.1948999244785076,0.1776235137303417,2146.10009765625,14.5,13.932666778564453,47.349998474121094,2.190000057220459,2980.429931640625,,4.3,20.2
2016-09-27,55.38,55.78,55.13,55.49,31539,0.0007213706041477,6.6691,2998.172119140625,0.0059528953563532,0.1943841872596607,0.176952585944704,2159.929931640625,13.100000381469727,13.720666885375977,45.970001220703125,2.1614999771118164,2998.172119140625,,4.3,17.8
2016-09-28,55.76,55.76,55.35,55.38,21690,-0.001982339160209,6.673,2987.85791015625,-0.0034401657324901,0.1943190175402551,0.1768699471324554,2171.3701171875,12.390000343322754,13.751333236694336,48.689998626708984,2.179500102996826,2987.85791015625,,4.3,14.2
2016-09-29,55.54,55.8,55.04,55.26,36814,-0.0021668472372698,6.665,2998.48291015625,0.0035560593306274,0.193197542466925,0.1759027696359104,2151.1298828125,14.020000457763672,13.380000114440918,49.2400016784668,2.180999994277954,2998.48291015625,,4.3,15.4
2016-09-30,55.2,55.81,55.06,55.64,30347,0.0068765834238146,6.6685,3004.702880859375,0.0020743725708947,0.1957434710921108,0.176710567912541,2168.27001953125,13.289999961853027,13.60200023651123,49.060001373291016,2.2019999027252197,3004.702880859375,,4.3,17.6
2016-10-10,55.96,56.92,55.96,56.85,44048,0.0217469446441409,6.6685,3048.14306640625,0.0144573980421154,0.2138950837251629,0.1785173406450486,2163.659912109375,13.380000114440918,13.396666526794434,51.93000030517578,2.1565001010894775,3048.14306640625,,4.3,12.2
2016-10-11,56.93,58.4,56.65,57.94,90887,0.0191732629727352,6.719,3065.25,0.0056122475950313,0.2229641432317281,0.1830945161444684,2136.72998046875,15.359999656677246,13.34000015258789,52.40999984741211,2.178499937057495,3065.25,,4.3,12.3
2016-10-12,57.9,58.0,57.23,57.59,48286,-0.0060407317915083,6.718,3058.498046875,-0.0022027414158715,0.2239910630050365,0.1809624098560484,2139.179931640625,15.90999984741211,13.434000015258789,51.810001373291016,2.1695001125335693,3058.498046875,,4.3,12.9
2016-10-13,57.65,58.27,57.21,57.36,44596,-0.0039937489147422,6.7248,3061.345947265625,0.0009311434393541,0.1988863643193572,0.1810381192165974,2132.550048828125,16.690000534057617,13.349332809448242,52.029998779296875,2.115000009536743,3061.345947265625,,4.3,14.9
2016-10-14,57.51,57.8,56.7,57.32,36706,-0.000697350069735,6.7277,3063.80908203125,0.0008045921003554,0.1970439496420252,0.1810188140591165,2132.97998046875,16.1200008392334,13.100666999816895,51.95000076293945,2.1034998893737793,3063.80908203125,,4.3,16.4
2016-10-17,57.4,57.7,56.68,56.83,44796,-0.0085484996510817,6.735,3041.166015625,-0.0073904952299567,0.1986708240643419,0.1813201934636386,2126.5,16.209999084472656,12.93066692352295,51.52000045776367,2.0994999408721924,3041.166015625,,4.3,13.7
2016-10-18,56.84,57.53,56.65,57.4,48364,0.0100299137779342,6.7401,3083.875,0.0140436214779358,0.2027166254927763,0.1715766006085138,2139.60009765625,15.279999732971191,13.273332595825195,51.68000030517578,2.0980000495910645,3083.875,,4.3,14.9
2016-10-19,57.43,57.7,56.95,57.09,38213,-0.0054006968641113,6.737,3084.718994140625,0.0002736797505167,0.187276976704839,0.1715773077826761,2144.2900390625,14.40999984741211,13.570667266845703,52.66999816894531,2.0969998836517334,3084.718994140625,,4.3,17.1
2016-10-20,57.11,57.28,56.75,56.88,36277,-0.0036784025223332,6.7439,3084.4580078125,-8.46061922077368e-05,0.1833822149225425,0.1714395818222079,2141.340087890625,13.75,13.273332595825195,51.380001068115234,2.0905001163482666,3084.4580078125,,4.3,13.3
2016-10-21,56.87,57.02,56.21,56.56,32392,-0.0056258790436005,6.7654,3090.94091796875,0.0021017988054399,0.1727170026757307,0.1715157769760306,2141.159912109375,13.34000015258789,13.339332580566406,51.779998779296875,2.0834999084472656,3090.94091796875,,4.3,11.1
2016-10-24,56.94,57.54,56.55,57.01,54830,0.0079561527581328,6.7728,3128.2470703125,0.0120695132433221,0.1697606800726295,0.1719277537185595,2151.330078125,13.020000457763672,13.517333030700684,51.459999084472656,2.0875000953674316,3128.2470703125,,4.3,9.3
2016-10-25,56.93,57.27,56.75,56.94,34379,-0.0012278547623224,6.778,3131.93896484375,0.0011801799692507,0.1679693163254088,0.1715080095046741,2143.159912109375,13.460000038146973,13.489333152770996,50.790000915527344,2.132499933242798,3131.93896484375,,4.3,10.8
2016-10-26,56.94,57.15,56.51,56.58,29262,-0.006322444678609,6.7706,3116.31201171875,-0.0049895458693204,0.1673767665684823,0.1691094175210727,2139.429931640625,14.239999771118164,13.482666969299316,49.97999954223633,2.1394999027252197,3116.31201171875,,4.3,10.9
2016-10-27,56.63,56.98,56.48,56.65,26431,0.0012371862849063,6.7819,3112.35009765625,-0.0012713470434286,0.1658226723853512,0.1673879060792468,2133.0400390625,15.359999656677246,13.600666999816895,50.470001220703125,2.1654999256134033,3112.35009765625,,4.3,9.2
2016-10-28,56.68,56.84,56.25,56.31,30203,-0.0060017652250661,6.776,3104.27001953125,-0.0025961340695844,0.1669318507424551,0.157252278545984,2126.409912109375,16.190000534057617,13.33133316040039,49.709999084472656,2.188499927520752,3104.27001953125,,4.3,7.2
2016-10-31,56.44,56.63,55.93,56.21,32512,-0.0017758835020422,6.7735,3100.491943359375,-0.001217057842296,0.1329763505868517,0.1565679676425113,2126.14990234375,17.059999465942383,13.182000160217285,48.29999923706055,2.200500011444092,3100.491943359375,,4.3,1.9
2016-11-01,56.22,56.55,56.0,56.43,26960,0.0039138943248531,6.763,3122.43603515625,0.0070776161324574,0.1334607064854852,0.1564254751785485,2111.719970703125,18.559999465942383,12.719332695007324,48.33000183105469,2.2244999408721924,3122.43603515625,,4.3,1.2
2016-11-02,56.65,56.7,56.29,56.51,32493,0.0014176856282119,6.7606,3102.73291015625,-0.0063101773032843,0.1330407571017497,0.1558480152539801,2097.93994140625,19.31999969482422,12.534667015075684,46.86000061035156,2.2260000705718994,3102.73291015625,,4.3,4.2
2016-11-03,56.51,56.58,55.47,56.05,55170,-0.0081401521854539,6.7612,3128.93603515625,0.0084451758365113,0.1365946798680424,0.156556183261607,2088.659912109375,22.079999923706055,12.494667053222656,46.349998474121094,2.244499921798706,3128.93603515625,,4.3,5.9
2016-11-04,56.0,56.0,55.32,55.4,48575,-0.0115967885816234,6.7534,3125.31689453125,-0.0011566681403313,0.1412563092336842,0.158094740141363,2085.179931640625,22.510000228881836,12.704000473022461,45.58000183105469,2.260999917984009,3125.31689453125,,4.3,7.6
2016-11-07,55.44,55.99,55.41,55.56,38764,0.0028880866425993,6.774,3133.3330078125,0.0025648961534994,0.1160437520011245,0.1579515945548927,2131.52001953125,18.709999084472656,12.880666732788086,46.150001525878906,2.30649995803833,3133.3330078125,,4.3,5.7
2016-11-08,55.7,56.04,55.58,55.7,33228,0.0025197984161267,6.784,3147.887939453125,0.0046451914317229,0.0894159200935316,0.157859745523183,2139.56005859375,18.739999771118164,12.996000289916992,46.040000915527344,2.378999948501587,3147.887939453125,,4.3,3.5
2016-11-09,55.73,55.85,54.55,55.14,67008,-0.0100538599640933,6.7769,3128.3701171875,-0.0062002913194603,0.0929146886570052,0.158823664204301,2163.260009765625,14.380000114440918,12.670666694641113,46.36000061035156,2.4590001106262207,3128.3701171875,,4.3,4.2
2016-11-10,55.54,55.68,55.25,55.39,35192,0.0045339136742836,6.7987,3171.281982421875,0.0137170039435596,0.0955693071720594,0.1588905018525083,2167.47998046875,14.739999771118164,12.356666564941406,45.84000015258789,2.549499988555908,3171.281982421875,,4.3,5.2
2016-11-11,55.05,55.41,54.8,55.2,54405,-0.0034302220617439,6.7987,3196.0439453125,0.0078081870448223,0.0956704491685498,0.1588165444863131,2164.449951171875,14.170000076293945,12.570667266845703,45.84000015258789,2.549499988555908,3196.0439453125,,4.3,3.3
2016-11-14,55.25,55.9,55.23,55.54,50942,0.0061594202898549,6.8447,3210.37109375,0.004482775794905,0.0962863963313245,0.1592836917491314,2164.199951171875,14.479999542236328,12.096667289733887,44.43000030517578,2.5185000896453857,3210.37109375,,4.3,5.2
2016-11-15,55.45,55.82,55.36,55.65,30530,0.0019805545552755,6.8556,3206.986083984375,-0.0010543982819354,0.0877759136934984,0.1573374844338884,2180.389892578125,13.369999885559082,12.251333236694336,46.95000076293945,2.502000093460083,3206.986083984375,,4.3,4.0
2016-11-16,55.84,55.93,55.68,55.78,41843,0.0023360287511231,6.877,3205.056884765625,-0.0006015614562172,0.0875495422080728,0.1545832603922733,2176.93994140625,13.720000267028809,12.26200008392334,46.630001068115234,2.4649999141693115,3205.056884765625,,4.3,4.4
2016-11-17,55.75,55.83,55.4,55.8,29247,0.0003585514521333,6.8674,3208.452880859375,0.001059574358849,0.0871724163868099,0.1545918815094841,2187.1201171875,13.350000381469727,12.577333450317383,46.4900016784668,2.487499952316284,3208.452880859375,,4.3,4.9
2016-11-18,55.83,56.03,55.26,55.33,30417,-0.0084229390681003,6.8873,3192.85595703125,-0.004861197719677,0.0896939571613976,0.1522937178901703,2181.89990234375,12.850000381469727,12.334667205810547,46.86000061035156,2.4639999866485596,3192.85595703125,,4.3,7.0
2016-11-21,55.34,55.65,55.05,55.2,37008,-0.0023495391288631,6.8918,3218.14794921875,0.0079214322624865,0.0831385635144095,0.1510571290067466,2198.179931640625,12.420000076293945,12.3013334274292,48.900001525878906,2.512500047683716,3218.14794921875,,4.3,-1.8
2016-11-22,55.16,55.36,55.04,55.29,33005,0.0016304347826086,6.888,3248.35205078125,0.0093855540637379,0.0839231001540535,0.1511250933236769,2202.93994140625,12.40999984741211,12.744667053222656,49.119998931884766,2.5425000190734863,3248.35205078125,,4.3,-6.6
2016-11-23,55.45,57.04,55.45,56.57,123128,0.0231506601555435,6.9195,3241.136962890625,-0.0022211533041468,0.1190946102662771,0.1543152484807746,2204.719970703125,12.430000305175781,12.87600040435791,48.95000076293945,2.6059999465942383,3241.136962890625,,4.3,-5.4
2016-11-24,56.35,56.44,55.55,55.74,65685,-0.0146720876789817,6.9195,3241.736083984375,0.0001848490516167,0.1298384798272514,0.1566869016687761,2204.719970703125,12.430000305175781,12.87600040435791,48.95000076293945,2.6059999465942383,3241.736083984375,,4.3,-3.9
2016-11-25,55.8,55.95,54.92,55.44,45388,-0.0053821313240043,6.9176,3261.93798828125,0.0062318164629999,0.1295260701286982,0.1567528607849863,2213.35009765625,12.34000015258789,13.109999656677246,47.2400016784668,2.6670000553131104,3261.93798828125,,4.3,-2.1
2016-11-28,55.64,55.98,55.25,55.68,64679,0.0043290043290042,6.9055,3277.0,0.0046175040030991,0.1306902406135521,0.1544263803418028,2201.719970703125,13.149999618530273,13.074666976928711,48.2400016784668,2.6559998989105225,3277.0,,4.3,0.2
2016-11-29,55.68,56.37,55.26,55.63,59208,-0.000897988505747,6.8933,3282.924072265625,0.0018077730441332,0.1296755757593103,0.1542752236546582,2204.659912109375,12.899999618530273,12.637999534606934,46.380001068115234,2.5950000286102295,3282.924072265625,,4.3,-0.4
2016-11-30,55.35,55.85,55.25,55.38,36678,-0.004493978069387,6.8837,3250.033935546875,-0.0100185493160223,0.1301031245926467,0.1544640450109407,2198.81005859375,13.329999923706055,12.626667022705078,50.470001220703125,2.621500015258789,3250.033935546875,,4.3,1.3
2016-12-01,55.37,55.78,55.18,55.35,41913,-0.0005417118093175,6.883,3273.30908203125,0.0071615087552796,0.1273210060967057,0.1542509725731673,2191.080078125,14.069999694824219,12.125332832336426,50.459999084472656,2.631500005722046,3273.30908203125,,4.3,0.3
2016-12-02,55.25,55.5,54.56,54.8,51678,-0.0099367660343271,6.883,3243.843017578125,-0.009001919377207,0.1255429204345337,0.155283318774418,2191.949951171875,14.119999885559082,12.097999572753906,54.459999084472656,2.615000009536743,3243.843017578125,,4.3,1.3
2016-12-05,54.68,54.93,53.62,53.72,72362,-0.0197080291970802,6.8775,3204.708984375,-0.0120640958859786,0.1419674743543404,0.1599131449957084,2204.7099609375,12.140000343322754,12.453332901000977,54.939998626708984,2.688999891281128,3204.708984375,,4.3,0.6
2016-12-06,53.84,54.05,53.05,53.17,67613,-0.0102382725241995,6.879,3199.64697265625,-0.0015795542570107,0.1442093241976046,0.1599092614634533,2212.22998046875,11.789999961853027,12.390000343322754,53.93000030517578,2.671999931335449,3199.64697265625,,4.3,-1.1
2016-12-07,53.21,53.38,52.3,53.04,72522,-0.0024449877750611,6.878,3222.241943359375,0.0070617073996657,0.1412701657323198,0.1598444455218999,2241.35009765625,12.220000267028809,12.876667022705078,53.0,2.63700008392334,3222.241943359375,,4.3,0.4
2016-12-08,53.04,53.54,52.85,53.08,39496,0.0007541478129713,6.8771,3215.365966796875,-0.0021339107004892,0.1396136996579082,0.1481988803445286,2246.18994140625,12.640000343322754,12.81933307647705,53.88999938964844,2.619999885559082,3215.365966796875,,4.3,1.0
2016-12-09,53.09,53.14,52.56,52.8,38089,-0.0052750565184627,6.9042,3232.883056640625,0.0054479303521397,0.140001448463044,0.1476156007735137,2259.530029296875,11.75,12.812000274658203,54.33000183105469,2.6419999599456787,3232.883056640625,,4.3,-1.1
2016-12-12,52.78,53.12,49.59,49.87,90406,-0.0554924242424242,6.9045,3152.969970703125,-0.0247188297681697,0.2320535032262957,0.1840832651768726,2256.9599609375,12.640000343322754,12.828666687011719,55.689998626708984,2.61299991607666,3152.969970703125,,4.3,1.1
2016-12-13,50.02,51.11,49.93,50.73,54448,0.0172448365750952,6.8984,3155.037109375,0.0006556163525446,0.2443741069111991,0.1883667907082562,2271.719970703125,12.720000267028809,13.210000038146973,55.720001220703125,2.5929999351501465,3155.037109375,,4.3,-0.7
2016-12-14,50.91,51.01,49.42,49.52,55462,-0.0238517642420657,6.9025,3140.531005859375,-0.0045977600303086,0.2522086858860691,0.1889144953850255,2253.280029296875,13.1899995803833,13.246000289916992,53.900001525878906,2.5999999046325684,3140.531005859375,,4.3,-3.5
2016-12-15,49.42,50.2,49.33,49.9,39347,0.0076736672051695,6.941,3117.677001953125,-0.0072771145591655,0.2558921881527095,0.1891405577676233,2262.030029296875,12.789999961853027,13.17199993133545,54.02000045776367,2.5959999561309814,3117.677001953125,,4.3,-1.7
2016-12-16,50.17,51.52,50.17,51.52,61736,0.0324649298597194,6.958,3122.98193359375,0.0017015655044771,0.2886471584440545,0.199214544777411,2258.070068359375,12.199999809265137,13.499333381652832,55.209999084472656,2.561000108718872,3122.98193359375,,4.3,-1.4
2016-12-19,51.72,51.9,50.7,50.82,36896,-0.0135869565217391,6.9506,3118.0849609375,-0.001568043863326,0.2908515481756369,0.1988180431799708,2262.530029296875,11.710000038146973,13.51533317565918,54.91999816894531,2.496500015258789,3118.0849609375,,4.3,-0.3
2016-12-20,50.83,51.23,50.57,50.82,28475,0.0,6.947,3102.8759765625,-0.00487766836553,0.2904929839500836,0.19859914390618,2270.760009765625,11.449999809265137,13.919333457946777,55.349998474121094,2.499500036239624,3102.8759765625,,4.3,-1.3
2016-12-21,51.21,51.62,50.94,51.17,27339,0.0068870523415978,6.939,3137.429931640625,0.0111361057738457,0.2756560402272182,0.1984210094634955,2265.179931640625,11.270000457763672,13.846667289733887,54.459999084472656,2.491499900817871,3137.429931640625,,4.3,-0.1
2016-12-22,51.27,52.02,50.73,51.8,46788,0.0123119015047878,6.9473,3139.55810546875,0.000678317563896,0.2795286783082067,0.1998517126611372,2260.9599609375,11.430000305175781,13.896666526794434,55.04999923706055,2.494499921798706,3139.55810546875,,4.3,0.1
2016-12-23,51.86,51.87,50.53,50.6,41228,-0.0231660231660231,6.9432,3110.154052734375,-0.0093656660417135,0.2881054843250665,0.2046999939972965,2263.7900390625,11.4399995803833,14.22266674041748,55.15999984741211,2.4725000858306885,3110.154052734375,,4.3,-2.5
2016-12-26,50.42,50.65,49.63,50.57,38241,-0.000592885375494,6.9432,3122.569091796875,0.0039917762438761,0.2866540701226912,0.1975223562186601,2263.7900390625,11.4399995803833,14.22266674041748,55.15999984741211,2.4725000858306885,3122.569091796875,,4.3,-0.6
2016-12-27,50.57,50.59,49.87,49.87,41946,-0.0138421989321733,6.9491,3114.6640625,-0.0025315786663109,0.2880890534054731,0.1990850115934458,2268.8798828125,11.989999771118164,14.635333061218262,56.09000015258789,2.507999897003174,3114.6640625,,4.3,-3.3
2016-12-28,49.93,50.36,49.61,49.72,27181,-0.0030078203328653,6.9559,3102.236083984375,-0.0039901505479372,0.2881919168138188,0.1991023135032327,2249.919921875,12.949999809265137,14.649333000183105,56.220001220703125,2.494999885559082,3102.236083984375,,4.3,-3.9
2016-12-29,49.75,50.26,49.45,49.77,32107,0.0010056315366051,6.9535,3096.096923828125,-0.0019789467951663,0.2885769647567163,0.1991778504758257,2249.260009765625,13.369999885559082,14.312000274658203,56.13999938964844,2.4790000915527344,3096.096923828125,,4.3,-5.2
2016-12-30,49.97,50.21,49.82,50.1,20887,0.0066305003013862,6.943,3103.636962890625,0.00243533689287,0.2909072628055575,0.1991334135539361,2238.830078125,14.039999961853027,14.246000289916992,56.130001068115234,2.497499942779541,3103.636962890625,,4.3,-4.1
2017-01-03,50.02,50.62,50.0,50.25,38005,0.0029940119760478,6.9575,3135.9208984375,0.0104019690230801,0.286092916761307,0.1933394197641506,2257.830078125,12.850000381469727,14.465999603271484,55.470001220703125,2.4809999465942383,3135.9208984375,,4.3,-1.2
2017-01-04,50.32,51.4,50.13,51.22,76202,0.0193034825870646,6.9322,3158.7939453125,0.0072938851507373,0.2954853502944568,0.1934004500156019,2270.75,11.850000381469727,15.13266658782959,56.459999084472656,2.5480000972747803,3158.7939453125,,4.3,-0.6
2017-01-05,51.23,51.27,50.8,50.85,39917,-0.0072237407262787,6.887,3165.410888671875,0.0020947689130512,0.2961314441542897,0.1935217325202057,2269.0,11.670000076293945,15.116666793823242,56.88999938964844,2.5295000076293945,3165.410888671875,,4.3,-1.6
2017-01-06,50.86,51.02,50.22,50.22,42154,-0.0123893805309734,6.9176,3154.321044921875,-0.0035034452524591,0.2982142588541878,0.1946530297997335,2276.97998046875,11.319999694824219,15.267333030700684,57.099998474121094,2.5380001068115234,3154.321044921875,,4.3,-0.2
2017-01-09,50.27,50.54,50.13,50.33,32205,0.0021903624054162,6.935,3171.236083984375,0.0053624976093449,0.2985018640430859,0.1948342204150834,2268.89990234375,11.5600004196167,15.41866683959961,54.939998626708984,2.5299999713897705,3171.236083984375,,4.3,-1.2
2017-01-10,50.39,50.47,49.82,50.07,29611,-0.0051659050268229,6.918,3161.6708984375,-0.003016232564703,0.2233870560333732,0.1944783204623476,2268.89990234375,11.489999771118164,15.324666976928711,53.63999938964844,2.6034998893737793,3161.6708984375,,4.3,-1.5
2017-01-11,50.07,50.23,49.78,49.85,23979,-0.0043938486119432,6.9365,3136.75390625,-0.0078809569331881,0.2146434522903907,0.1928968214656177,2275.320068359375,11.260000228881836,15.315333366394043,55.099998474121094,2.6010000705718994,3136.75390625,,4.3,-2.1
2017-01-12,49.87,50.17,49.35,49.38,35498,-0.0094282848545637,6.889,3119.2890625,-0.005567808081852,0.1996717764664412,0.1933516945461773,2270.43994140625,11.539999961853027,15.305999755859375,56.0099983215332,2.6605000495910645,3119.2890625,,4.3,-1.0
2017-01-13,49.37,49.77,49.22,49.33,32050,-0.001012555690563,6.8985,3112.763916015625,-0.0020918697669991,0.1975752814793309,0.1933501481159433,2274.639892578125,11.229999542236328,15.850000381469727,55.45000076293945,2.680500030517578,3112.763916015625,,4.3,-2.4
2017-01-16,49.33,49.57,46.92,48.18,44754,-0.0233123859720251,6.8985,3103.427978515625,-0.0029992436792155,0.1716407444059813,0.1979925115453701,2274.639892578125,11.229999542236328,15.850000381469727,55.45000076293945,2.680500030517578,3103.427978515625,,4.3,-3.2
2017-01-17,48.4,48.86,48.02,48.62,27794,0.009132420091324,6.852,3108.77490234375,0.0017229089462171,0.1725070474716822,0.1982746393020426,2267.889892578125,11.869999885559082,15.70533275604248,55.470001220703125,2.616499900817871,3108.77490234375,,4.3,-2.2
2017-01-18,48.88,48.88,48.44,48.53,22202,-0.0018510900863841,6.836,3113.011962890625,0.0013629357801623,0.1723255337442534,0.1982607044490275,2271.889892578125,12.479999542236328,15.890666961669922,53.91999816894531,2.6080000400543213,3113.011962890625,,4.3,-3.4
2017-01-19,48.58,48.72,48.42,48.52,17478,-0.0002060581083864,6.868,3101.299072265625,-0.0037625588223322,0.1691493457687104,0.1981641405500299,2263.68994140625,12.779999732971191,16.250667572021484,54.15999984741211,2.6015000343322754,3101.299072265625,,4.3,-3.7
2017-01-20,48.47,49.12,48.47,49.0,24796,0.0098928276999175,6.868,3123.138916015625,0.0070421598307979,0.1665180928097431,0.1996461490413159,2271.31005859375,11.539999961853027,16.315332412719727,55.4900016784668,2.617000102996826,3123.138916015625,,4.3,-5.9
2017-01-23,49.19,49.66,49.19,49.28,23733,0.0057142857142857,6.8514,3136.77490234375,0.0043661158516512,0.1502523655117522,0.2001705703327261,2265.199951171875,11.770000457763672,16.594667434692383,55.22999954223633,2.6394999027252197,3136.77490234375,,4.3,-5.3
2017-01-24,49.56,49.56,48.91,49.07,25628,-0.0042613636363636,6.8555,3142.552978515625,0.001842043612233,0.1505943512674334,0.2002160060749188,2280.070068359375,11.069999694824219,16.974000930786133,55.439998626708984,2.700500011444092,3142.552978515625,,4.3,-4.0
2017-01-25,49.08,49.59,48.87,49.32,30004,0.0050947625840636,6.8812,3149.554931640625,0.0022281098116307,0.1448377859602426,0.2003841381835915,2298.3701171875,10.8100004196167,16.96466636657715,55.08000183105469,2.702500104904175,3149.554931640625,,4.3,-2.9
2017-01-26,49.69,49.69,48.98,49.1,38627,-0.0044606650446066,6.8768,3159.166015625,0.0030515689336996,0.1452606654062922,0.2002976227467733,2296.679931640625,10.630000114440918,16.833999633789062,56.2400016784668,2.6659998893737793,3159.166015625,,4.3,-0.8
2017-02-03,49.12,49.2,48.73,48.77,29217,-0.0067209775967412,6.865,3140.169921875,-0.0060130090207499,0.1467187516133644,0.2001407523490909,2297.419921875,10.970000267028809,16.755332946777344,56.810001373291016,2.609499931335449,3140.169921875,,4.3,-1.0
2017-02-06,48.82,49.26,48.82,49.09,35550,0.0065614107033011,6.86,3156.98388671875,0.0053544761150092,0.146671456306488,0.1999733348853874,2292.56005859375,11.369999885559082,17.184667587280273,55.720001220703125,2.6454999446868896,3156.98388671875,,4.3,-0.7
2017-02-07,49.23,50.3,49.22,49.76,81573,0.0136484008963126,6.8821,3153.087890625,-0.0012340880516179,0.1551294616596921,0.2022842464022877,2293.080078125,11.289999961853027,17.165332794189453,55.04999923706055,2.625999927520752,3153.087890625,,4.3,-1.7
2017-02-08,49.76,51.22,49.08,50.92,74522,0.0233118971061094,6.87,3166.98193359375,0.0044064876878506,0.1623803026563599,0.2085519594782997,2294.669921875,11.449999809265137,17.472000122070312,55.119998931884766,2.6605000495910645,3166.98193359375,,4.3,-1.0
2017-02-09,50.87,50.88,50.31,50.4,71269,-0.0102120974076984,6.866,3183.178955078125,0.005114339716487,0.1644176672437446,0.2085802265368585,2307.8701171875,10.880000114440918,17.946666717529297,55.630001068115234,2.6480000019073486,3183.178955078125,,4.3,-2.4
2017-02-10,50.54,50.62,49.93,50.05,48339,-0.0069444444444444,6.8775,3196.698974609375,0.0042473325320531,0.1602313915511463,0.2085093074063368,2316.10009765625,10.850000381469727,17.948667526245117,56.70000076293945,2.76200008392334,3196.698974609375,,4.3,-1.5
2017-02-13,50.05,50.6,49.74,50.15,50191,0.0019980019980019,6.8776,3216.839111328125,0.0063002919194827,0.1601960368994648,0.208602827690096,2328.25,11.069999694824219,18.706666946411133,55.59000015258789,2.7764999866485596,3216.839111328125,,4.3,2.3
2017-02-14,50.22,50.4,49.82,49.96,42462,-0.0037886340977068,6.8649,3217.927978515625,0.0003384897875886,0.1596957047645694,0.2080357186708806,2337.580078125,10.739999771118164,18.73200035095215,55.970001220703125,2.7309999465942383,3217.927978515625,,4.3,-0.2
2017-02-15,50.02,50.31,48.98,49.17,74109,-0.015812650120096,6.8685,3212.986083984375,-0.0015357380787401,0.1686942666065871,0.2098868698616482,2349.25,11.970000267028809,18.650667190551758,55.75,2.7360000610351562,3212.986083984375,,4.3,2.1
2017-02-16,49.38,49.78,49.07,49.32,36929,0.0030506406345331,6.8517,3229.617919921875,0.0051764419461397,0.1658566004091778,0.2099546530491928,2347.219970703125,11.760000228881836,17.93000030517578,55.650001525878906,2.7160000801086426,3229.617919921875,,4.3,3.3
2017-02-17,49.33,49.62,48.9,48.98,38078,-0.0068937550689376,6.864,3202.075927734375,-0.0085279413448902,0.167632937684586,0.2101381969547474,2351.159912109375,11.489999771118164,18.148666381835938,55.810001373291016,2.7054998874664307,3202.075927734375,,4.3,0.2
2017-02-20,49.0,49.7,49.0,49.58,36633,0.0122498979175174,6.864,3239.9609375,0.011831390204551,0.1494326080250701,0.2117391665488225,2351.159912109375,11.489999771118164,18.148666381835938,55.810001373291016,2.7054998874664307,3239.9609375,,4.3,0.4
2017-02-21,49.75,50.68,49.74,50.46,107344,0.017749092375958,6.881,3253.325927734375,0.0041250467188309,0.1581639355572746,0.2154651780089888,2365.3798828125,11.569999694824219,18.492666244506836,56.65999984741211,2.745500087738037,3253.325927734375,,4.3,-1.3
2017-02-22,50.61,50.64,50.18,50.39,48580,-0.0013872374157748,6.8765,3261.218017578125,0.0024258528100338,0.1580263062409947,0.2153723983580211,2362.820068359375,11.739999771118164,18.233999252319336,55.84000015258789,2.7325000762939453,3261.218017578125,,4.3,0.1
2017-02-23,50.52,50.82,50.19,50.73,58000,0.0067473705100218,6.8622,3251.375,-0.0030182028693177,0.1587062879912458,0.2099229553934472,2363.81005859375,11.710000038146973,17.06599998474121,56.58000183105469,2.6424999237060547,3251.375,,4.3,1.2
2017-02-24,50.65,50.72,50.32,50.64,34803,-0.0017740981667651,6.8645,3253.43310546875,0.0006329954154011,0.1566708694964988,0.2081829347335175,2367.340087890625,11.470000267028809,17.133333206176758,55.9900016784668,2.680000066757202,3253.43310546875,,4.3,2.3
2017-02-27,50.94,51.94,50.61,50.69,101590,0.0009873617693523,6.8675,3228.659912109375,-0.0076144775553348,0.1559587591310883,0.2080864920822967,2369.75,12.09000015258789,16.415332794189453,55.93000030517578,2.6875,3228.659912109375,,4.3,5.9
2017-02-28,50.69,51.25,50.28,50.53,49203,-0.0031564411126454,6.8665,3241.73291015625,0.0040490477172412,0.1554699666260267,0.2077704889962887,2363.639892578125,12.920000076293945,16.666000366210938,55.59000015258789,2.7039999961853027,3241.73291015625,,4.3,7.8
2017-03-01,50.51,50.91,50.33,50.61,50053,0.001583217890362,6.8794,3246.93408203125,0.0016044418276117,0.1548954116167689,0.2078649913751431,2395.9599609375,12.539999961853027,16.667999267578125,55.599998474121094,2.7265000343322754,3246.93408203125,,4.3,4.0
2017-03-02,50.77,50.92,50.16,50.17,46598,-0.0086939340051372,6.8868,3230.028076171875,-0.0052067598024037,0.1577003621439186,0.2083019950360171,2381.919921875,11.8100004196167,16.698667526245117,55.08000183105469,2.679500102996826,3230.028076171875,,4.3,4.6
2017-03-03,50.17,51.51,50.1,51.43,115375,0.0251146103248953,6.8954,3218.31201171875,-0.0036272330075255,0.1761069487599326,0.2153543683806248,2383.1201171875,10.960000038146973,16.771333694458008,55.900001525878906,2.687000036239624,3218.31201171875,,4.3,6.1
2017-03-06,52.01,52.01,51.0,51.32,75698,-0.0021388294769589,6.8955,3233.865966796875,0.0048329543628737,0.1762956450813228,0.2145842578980143,2375.31005859375,11.239999771118164,16.747333526611328,56.0099983215332,2.6429998874664307,3233.865966796875,,4.3,3.1
2017-03-07,51.31,51.7,51.1,51.42,49005,0.0019485580670304,6.9,3242.406005859375,0.0026408141679905,0.1711060839888436,0.2110822163879086,2368.389892578125,11.449999809265137,16.57266616821289,55.91999816894531,2.609499931335449,3242.406005859375,,4.3,2.3
2017-03-08,51.47,51.78,51.22,51.26,52024,-0.0031116297160638,6.9113,3240.6650390625,-0.0005369367049434,0.1514077513194898,0.2102017384624501,2362.97998046875,11.859999656677246,16.45800018310547,53.11000061035156,2.5920000076293945,3240.6650390625,,4.3,4.8
2017-03-09,51.22,51.25,50.52,50.59,47189,-0.0130706203667575,6.9086,3216.74609375,-0.0073808755376395,0.1543700057936549,0.2117391347943522,2364.8701171875,12.300000190734863,16.32666778564453,52.189998626708984,2.569999933242798,3216.74609375,,4.3,7.2
2017-03-10,50.54,51.0,50.33,50.61,51984,0.0003953350464518,6.905,3212.760009765625,-0.0012391664956459,0.1520246547022973,0.2117298887970299,2372.60009765625,11.65999984741211,16.246000289916992,51.369998931884766,2.5864999294281006,3212.760009765625,,4.3,8.7
2017-03-13,50.4,50.4,49.49,50.26,64984,-0.0069156293222683,6.905,3237.02392578125,0.0075523587015124,0.1542141538911963,0.211907733165407,2373.469970703125,11.350000381469727,16.411333084106445,51.349998474121094,2.616499900817871,3237.02392578125,,4.3,7.2
2017-03-14,50.3,50.63,50.03,50.18,42290,-0.0015917230401909,6.913,3239.327880859375,0.0007117510191305,0.1536653822625643,0.1785879688418897,2365.449951171875,12.300000190734863,17.200000762939453,50.91999816894531,2.624000072479248,3239.327880859375,,4.3,8.5
2017-03-15,50.32,50.32,49.42,49.89,37819,-0.0057791948983658,6.9132,3241.760009765625,0.0007508128215798,0.1435363737422731,0.1753879024645198,2385.260009765625,11.630000114440918,17.048667907714844,51.810001373291016,2.6454999446868896,3241.760009765625,,4.3,7.2
2017-03-16,50.17,50.58,50.11,50.44,49328,0.0110242533573861,6.913,3268.93505859375,0.0083828071005447,0.1479428249015251,0.1697898138863985,2381.3798828125,11.210000038146973,17.469999313354492,51.7400016784668,2.6654999256134033,3268.93505859375,,4.3,8.9
2017-03-17,50.57,50.7,49.9,49.91,57737,-0.01050753370341,6.9,3237.447021484375,-0.0096325061663723,0.1510763971185716,0.1705329109443996,2378.25,11.279999732971191,17.433332443237305,51.7599983215332,2.679500102996826,3237.447021484375,,4.3,9.8
2017-03-20,49.87,49.87,49.4,49.61,52837,-0.0060108194750549,6.905,3250.80810546875,0.0041270432830895,0.146861630800685,0.1569980041819741,2373.469970703125,11.34000015258789,17.461332321166992,51.619998931884766,2.6554999351501465,3250.80810546875,,4.3,9.7
2017-03-21,49.62,49.81,49.48,49.72,38820,0.0022172949002217,6.883,3261.611083984375,0.0033231670911153,0.131622037249785,0.1547307346515903,2344.02001953125,12.470000267028809,16.711999893188477,50.959999084472656,2.609999895095825,3261.611083984375,,4.3,8.7
2017-03-22,49.62,49.65,49.22,49.32,39045,-0.0080450522928399,6.8785,3245.219970703125,-0.005025465286691,0.1341759621716735,0.1555364338339807,2348.449951171875,12.8100004196167,17.000667572021484,50.63999938964844,2.621999979019165,3245.219970703125,,4.3,9.4
2017-03-23,49.35,50.19,49.35,49.87,55821,0.0111516626115166,6.8843,3248.550048828125,0.0010261486602027,0.1384097730322245,0.156637578828724,2345.9599609375,13.119999885559082,16.985332489013672,50.560001373291016,2.6364998817443848,3248.550048828125,,4.3,7.5
2017-03-24,50.24,50.26,49.8,50.07,41431,0.0040104271104872,6.8803,3269.445068359375,0.0064321063912151,0.1393996632375829,0.1546759950269874,2343.97998046875,12.960000038146973,17.54400062561035,50.79999923706055,2.623500108718872,3269.445068359375,,4.3,3.7
2017-03-27,50.22,50.67,49.94,50.02,36710,-0.0009986019572597,6.8687,3266.955078125,-0.0007615941489497,0.1392912627937801,0.1473095218074301,2341.590087890625,12.5,18.014667510986328,50.75,2.625,3266.955078125,,4.3,8.1
2017-03-28,50.15,50.41,50.04,50.32,39118,0.0059976009596161,6.8779,3252.947998046875,-0.0042875031162546,0.1408691087592974,0.1478430963530325,2358.570068359375,11.529999732971191,18.496667861938477,51.33000183105469,2.6689999103546143,3252.947998046875,,4.3,9.6
2017-03-29,49.43,49.72,48.92,49.22,85814,-0.0218600953895071,6.8879,3241.31396484375,-0.0035764584033037,0.1602436309950444,0.1518977254245292,2361.1298828125,11.420000076293945,18.492000579833984,52.41999816894531,2.6700000762939453,3241.31396484375,,4.3,11.3
2017-03-30,49.19,49.2,48.1,48.24,67798,-0.019910605444941,6.887,3210.237060546875,-0.0095877488678801,0.1716111605016122,0.1571053635655052,2368.06005859375,11.539999961853027,18.527999877929688,52.959999084472656,2.6649999618530273,3210.237060546875,,4.3,11.2
2017-03-31,48.24,48.71,48.22,48.44,45984,0.0041459369817578,6.8832,3222.513916015625,0.0038242831408401,0.1412871975317088,0.1573617076205735,2362.719970703125,12.369999885559082,18.553333282470703,52.83000183105469,2.6465001106262207,3222.513916015625,,4.3,10.6
2017-04-05,49.05,50.09,49.05,49.82,76001,0.0284888521882742,6.892,3270.304931640625,0.0148303519769092,0.1801182723402902,0.1675790517097701,2352.949951171875,12.890000343322754,19.666667938232422,54.36000061035156,2.67549991607666,3270.304931640625,,4.3,15.2
2017-04-06,49.87,50.39,49.43,49.9,51306,0.0016057808109193,6.8955,3281.0048828125,0.0032718512174052,0.180037311854508,0.1674958736533909,2357.489990234375,12.390000343322754,19.913333892822266,54.88999938964844,2.6554999351501465,3281.0048828125,,4.3,15.4
2017-04-07,49.92,50.23,49.82,50.02,43524,0.0024048096192386,6.8978,3286.615966796875,0.0017101723968069,0.180421711204291,0.1626614758200955,2355.5400390625,12.869999885559082,20.16933250427246,55.2400016784668,2.6449999809265137,3286.615966796875,,4.3,15.7
2017-04-10,50.04,50.54,49.71,50.07,43366,0.0009996001599359,6.8988,3269.39306640625,-0.0052403142212597,0.1749340161747974,0.1620477146295405,2357.159912109375,14.050000190734863,20.826000213623047,55.97999954223633,2.6019999980926514,3269.39306640625,,4.3,14.0
2017-04-11,50.27,54.85,50.22,53.43,262272,0.0671060515278609,6.8893,3288.966064453125,0.0059867374920414,0.2969638987522911,0.2110173204087789,2353.780029296875,15.069999694824219,20.58066749572754,56.22999954223633,2.6059999465942383,3288.966064453125,,4.3,15.1
2017-04-12,53.21,53.9,52.45,53.4,115415,-0.0005614823133071,6.889,3273.830078125,-0.0046020500155697,0.2950352097911992,0.2110329748742284,2344.929931640625,15.770000457763672,19.78933334350586,55.86000061035156,2.5439999103546143,3273.830078125,,4.3,15.2
2017-04-13,52.92,53.4,52.4,52.87,59103,-0.0099250936329587,6.8865,3275.9599609375,0.0006505783017669,0.2982930830562377,0.2118576636245853,2328.949951171875,15.960000038146973,20.266666412353516,55.88999938964844,2.569499969482422,3275.9599609375,,4.3,13.8
2017-04-14,52.86,52.9,51.72,51.77,68710,-0.0208057499527141,6.8835,3244.48291015625,-0.0096084967937892,0.3086009995428264,0.2162641773409956,2328.949951171875,15.960000038146973,20.266666412353516,55.88999938964844,2.569499969482422,3244.48291015625,,4.3,18.1
2017-04-17,51.45,52.12,51.14,51.8,46221,0.0005794861889123,6.88,3222.1669921875,-0.0068781123484713,0.3067836113422603,0.2152284683689973,2349.010009765625,14.65999984741211,20.09600067138672,55.36000061035156,2.5950000286102295,3222.1669921875,,4.3,18.4
2017-04-18,52.41,52.87,51.94,52.02,67517,0.0042471042471043,6.8778,3196.712890625,-0.0078996841641716,0.3035753600196075,0.2153001564469609,2342.18994140625,14.420000076293945,20.016666412353516,54.88999938964844,2.5290000438690186,3196.712890625,,4.3,16.4
2017-04-19,52.0,52.5,50.77,51.68,68488,-0.0065359477124183,6.886,3170.68701171875,-0.0081414502323858,0.3037703593362433,0.2098945481701737,2338.169921875,14.930000305175781,20.368000030517578,52.93000030517578,2.5334999561309814,3170.68701171875,,4.3,13.3
2017-04-20,51.72,52.37,50.82,52.37,58608,0.0133513931888544,6.88,3172.10009765625,0.0004456718472296,0.3063314067042538,0.2107473052994259,2355.840087890625,14.149999618530273,20.167333602905273,52.9900016784668,2.5409998893737793,3172.10009765625,,4.3,14.6
2017-04-21,52.38,53.14,52.17,52.39,66685,0.000381898033225,6.8845,3173.15087890625,0.0003312572799252,0.3038348775208147,0.2106532746430832,2348.68994140625,14.630000114440918,20.373332977294922,51.959999084472656,2.5364999771118164,3173.15087890625,,4.3,15.6
2017-04-24,52.38,52.91,51.17,51.26,58738,-0.0215690017178851,6.884,3129.531005859375,-0.0137465486866197,0.3144813118665181,0.2158184625573103,2374.14990234375,10.84000015258789,20.53533363342285,51.599998474121094,2.553499937057495,3129.531005859375,,4.3,16.6
2017-04-25,51.42,51.88,51.08,51.6,43369,0.0066328521264145,6.8824,3134.56689453125,0.0016091512314293,0.3148900960002536,0.2153479599202237,2388.610107421875,10.760000228881836,20.91933250427246,52.099998474121094,2.5820000171661377,3134.56689453125,,4.3,14.7
2017-04-26,51.78,53.39,51.6,52.94,90525,0.0259689922480619,6.8918,3140.846923828125,0.0020034759212927,0.3261851388077633,0.2211831321091739,2387.449951171875,10.850000381469727,20.67799949645996,51.81999969482422,2.5910000801086426,3140.846923828125,,4.3,16.3
2017-04-27,52.89,52.89,51.93,52.51,59490,-0.0081224027200604,6.8958,3152.18701171875,0.0036105191260971,0.3283291185481516,0.221737769268208,2388.77001953125,10.359999656677246,20.575332641601562,51.439998626708984,2.5799999237060547,3152.18701171875,,4.3,18.7
2017-04-28,52.41,53.02,51.42,52.3,61989,-0.0039992382403352,6.89,3154.657958984375,0.0007838834613678,0.3167935591306903,0.2218429549751956,2384.199951171875,10.819999694824219,20.937999725341797,51.72999954223633,2.5964999198913574,3154.657958984375,,4.3,23.0
2017-05-02,51.57,51.77,49.96,50.12,109293,-0.0416826003824092,6.8949,3143.7119140625,-0.0034698040371384,0.3459650980270943,0.2383120981258904,2391.169921875,10.59000015258789,21.25933265686035,50.459999084472656,2.625,3143.7119140625,,4.3,21.9
2017-05-03,49.92,50.02,48.95,49.22,69199,-0.0179569034317637,6.8968,3135.345947265625,-0.0026611747595103,0.3530845511824428,0.240855525627982,2388.1298828125,10.680000305175781,20.73466682434082,50.790000915527344,2.5329999923706055,3135.345947265625,,4.3,21.4
2017-05-04,49.24,49.69,49.0,49.13,38078,-0.0018285249898414,6.8959,3127.368896484375,-0.0025442330496916,0.337886973661911,0.2405322438289513,2389.52001953125,10.460000038146973,19.69733238220215,48.380001068115234,2.502000093460083,3127.368896484375,,4.3,19.6
2017-05-05,49.12,49.37,48.72,48.76,32301,-0.0075310400977001,6.9021,3103.0380859375,-0.0077799617992704,0.3386925308377252,0.2393597345629849,2399.2900390625,10.569999694824219,20.55666732788086,49.099998474121094,2.5195000171661377,3103.0380859375,,4.3,16.7
2017-05-08,48.76,49.62,48.76,49.21,34914,0.0092288761279737,6.904,3078.613037109375,-0.0078713338836592,0.3404486287842375,0.2351471560904951,2399.3798828125,9.770000457763672,20.479333877563477,49.34000015258789,2.4855000972747803,3078.613037109375,,4.3,23.3
2017-05-09,49.21,49.57,48.83,49.42,24827,0.0042674253200569,6.906,3080.527099609375,0.0006217288359817,0.3408497808894699,0.2344543230215675,2396.919921875,9.960000038146973,21.417333602905273,48.72999954223633,2.490000009536743,3080.527099609375,,4.3,21.9
2017-05-10,49.51,49.61,48.42,48.42,39103,-0.0202347227842978,6.9011,3052.784912109375,-0.0090056625385693,0.2362397958642237,0.237642524279316,2399.6298828125,10.210000038146973,21.681333541870117,50.220001220703125,2.486999988555908,3052.784912109375,,4.3,22.1
2017-05-11,48.42,48.52,46.99,48.25,62121,-0.0035109458901281,6.9033,3061.5,0.002854799188785,0.2357686737920362,0.2376690392476158,2394.43994140625,10.600000381469727,21.540000915527344,50.77000045776367,2.500999927520752,3061.5,,4.3,22.1
2017-05-12,48.26,48.53,47.92,48.45,29961,0.0041450777202072,6.8972,3083.512939453125,0.0071902464325086,0.237118655081873,0.2377612236954671,2390.89990234375,10.399999618530273,21.65399932861328,50.84000015258789,2.5179998874664307,3083.512939453125,,4.3,21.3
2017-05-15,48.66,48.9,48.33,48.35,19022,-0.002063983488132,6.89,3090.22900390625,0.0021780561927253,0.2289535242676318,0.2356149943052677,2402.320068359375,10.420000076293945,21.058666229248047,51.81999969482422,2.5329999923706055,3090.22900390625,,4.3,21.0
2017-05-16,48.34,49.27,47.91,49.07,31107,0.0148914167528437,6.884,3112.964111328125,0.0073570946985275,0.2376506219156636,0.2375486651121701,2400.669921875,10.649999618530273,21.134000778198242,51.650001525878906,2.5445001125335693,3112.964111328125,,4.3,23.8
2017-05-17,49.07,49.97,48.99,49.28,42442,0.0042796005706133,6.8773,3104.44189453125,-0.0027376534043108,0.237663060283557,0.2372623438713508,2357.030029296875,15.59000015258789,20.407333374023438,52.209999084472656,2.5425000190734863,3104.44189453125,,4.3,25.0
2017-05-18,48.92,49.55,48.75,48.79,20726,-0.0099431818181818,6.888,3090.138916015625,-0.0046072624328453,0.2387179301428732,0.2368112853486503,2365.719970703125,14.65999984741211,20.87066650390625,52.5099983215332,2.5264999866485596,3090.138916015625,,4.3,27.0
2017-05-19,48.87,49.16,48.62,48.97,23363,0.0036892805902848,6.883,3090.631103515625,0.000159276820032,0.2324477777078334,0.2340062724644043,2381.72998046875,12.039999961853027,20.722000122070312,53.61000061035156,2.5739998817443848,3090.631103515625,,4.3,28.6
2017-05-22,48.97,49.28,48.35,48.81,24705,-0.0032673065141922,6.8828,3075.676025390625,-0.0048388428201568,0.2320525795099847,0.2340720727586965,2394.02001953125,10.930000305175781,20.690000534057617,53.869998931884766,2.5889999866485596,3075.676025390625,,4.3,17.9
2017-05-23,48.81,49.33,47.87,49.21,45473,0.0081950419995902,6.888,3061.947021484375,-0.004463735384648,0.2251436750881305,0.2342802533520497,2398.419921875,10.720000267028809,20.257333755493164,54.150001525878906,2.5905001163482666,3061.947021484375,,4.3,20.5
2017-05-24,49.02,49.37,48.42,49.22,32911,0.0002032107295264,6.8883,3064.075927734375,0.0006952786037976,0.2230427341326736,0.2342658021734999,2404.389892578125,10.020000457763672,20.681333541870117,53.959999084472656,2.578000068664551,3064.075927734375,,4.3,23.9
2017-05-25,49.22,49.3,48.62,49.17,33790,-0.0010158472165785,6.8672,3107.8310546875,0.0142800400463569,0.19675880045374,0.2342522682825255,2415.070068359375,9.989999771118164,21.121999740600586,51.459999084472656,2.5920000076293945,3107.8310546875,,4.3,23.7
2017-05-26,49.27,49.68,49.18,49.53,40699,0.0073215375228798,6.8525,3110.05908203125,0.0007169074845267,0.1996794461715373,0.2347097090976543,2415.820068359375,9.8100004196167,21.676000595092773,52.150001525878906,2.559499979019165,3110.05908203125,,4.3,21.3
2017-05-31,49.8,50.42,49.72,50.27,55753,0.0149404401372905,6.8098,3117.177978515625,0.0022889907543897,0.2093073485127476,0.2367372495338008,2411.800048828125,10.40999984741211,22.733999252319336,50.310001373291016,2.5769999027252197,3117.177978515625,,4.3,24.7
2017-06-01,50.27,50.49,49.43,49.75,38640,-0.0103441416351701,6.8029,3102.623046875,-0.0046692655154569,0.1520122028809185,0.2370199543089967,2430.06005859375,9.890000343322754,22.691333770751953,50.33000183105469,2.5845000743865967,3102.623046875,,4.3,24.4
2017-06-02,49.81,50.12,49.22,49.86,25275,0.0022110552763818,6.8085,3105.5400390625,0.0009401697026771,0.1371163730426391,0.2312180022745197,2439.070068359375,9.75,22.656667709350586,49.95000076293945,2.571500062942505,3105.5400390625,,4.3,19.4
2017-06-05,49.93,50.62,49.93,50.62,50895,0.0152426795026072,6.803,3091.656005859375,-0.0044707307033517,0.1460690369733183,0.2333976727659751,2436.10009765625,10.069999694824219,23.154666900634766,49.470001220703125,2.554500102996826,3091.656005859375,,4.3,25.1
2017-06-06,50.62,50.72,50.12,50.42,26958,-0.0039510075069141,6.7945,3102.1259765625,0.0033865251125229,0.1436547065930218,0.2334870800981026,2429.330078125,10.449999809265137,23.523332595825195,50.119998931884766,2.5445001125335693,3102.1259765625,,4.3,18.9
2017-06-07,50.48,50.99,50.32,50.92,46360,0.0099166997223323,6.7935,3140.324951171875,0.0123138050801223,0.144151808201807,0.2343235559750966,2433.139892578125,10.390000343322754,23.976667404174805,48.060001373291016,2.5490000247955322,3140.324951171875,,4.3,22.1
2017-06-08,50.94,51.03,50.54,50.92,27474,0.0,6.799,3150.333984375,0.0031872603500442,0.1439585862660351,0.2327363880967841,2433.7900390625,10.15999984741211,24.666667938232422,47.86000061035156,2.6070001125335693,3150.333984375,,4.3,25.5
2017-06-09,51.02,51.2,50.38,50.66,38682,-0.0051060487038492,6.797,3158.39990234375,0.0025603374146219,0.1219485956343333,0.23299091445477,2431.77001953125,10.699999809265137,23.821332931518555,48.150001525878906,2.6459999084472656,3158.39990234375,,4.3,27.8
2017-06-12,50.42,51.3,50.13,50.92,55222,0.0051322542439795,6.7974,3139.876953125,-0.0058646624213116,0.1203426813330125,0.2327449025942572,2429.389892578125,11.460000038146973,23.93400001525879,48.290000915527344,2.612499952316284,3139.876953125,,4.3,23.7
2017-06-13,50.83,52.91,50.8,52.24,84470,0.025923016496465,6.7981,3153.742919921875,0.0044160860453703,0.1458742774711868,0.2385372980006775,2440.35009765625,10.420000076293945,25.06333351135254,48.720001220703125,2.5929999351501465,3153.742919921875,,4.3,22.9
2017-06-14,52.24,53.25,52.0,52.02,91070,-0.0042113323124042,6.7888,3130.674072265625,-0.0073147521031363,0.1472146394615764,0.2383747264119609,2437.919921875,10.640000343322754,25.37733268737793,47.0,2.570499897003174,3130.674072265625,,4.3,26.9
2017-06-15,52.12,52.38,51.77,52.12,39496,0.0019223375624759,6.8061,3132.486083984375,0.0005787928340426,0.141220348963826,0.2374363585886912,2432.4599609375,10.899999618530273,25.022666931152344,46.91999816894531,2.563999891281128,3132.486083984375,,4.3,30.0
2017-06-16,52.27,52.52,51.42,51.47,51159,-0.0124712202609362,6.8097,3123.166015625,-0.0029752944177553,0.151444166489929,0.2378643865450677,2433.14990234375,10.380000114440918,24.760000228881836,47.369998931884766,2.5625,3123.166015625,,4.3,31.2
2017-06-19,51.42,52.04,51.29,51.65,36318,0.0034971828249465,6.818,3144.3740234375,0.006790547702683,0.1444825505547046,0.2375298064023007,2453.4599609375,10.369999885559082,24.65333366394043,46.90999984741211,2.5894999504089355,3144.3740234375,,4.3,27.7
2017-06-20,51.82,52.23,50.97,51.0,49972,-0.0125847047434656,6.8285,3140.013916015625,-0.0013866376548641,0.1544920204014155,0.2390794477664179,2437.030029296875,10.859999656677246,24.81599998474121,46.02000045776367,2.555000066757202,3140.013916015625,,4.3,27.2
2017-06-21,51.18,51.69,50.94,51.37,53809,0.0072549019607841,6.8275,3156.2119140625,0.0051585752420577,0.1541782906714977,0.2387904607157515,2435.610107421875,10.75,25.093332290649414,44.81999969482422,2.6019999980926514,3156.2119140625,,4.3,26.0
2017-06-22,51.35,51.67,51.18,51.19,55270,-0.0035039906560249,6.8275,3147.452880859375,-0.0027751727202153,0.1541438690083207,0.237961459996324,2434.5,10.479999542236328,25.507333755493164,45.220001220703125,2.5980000495910645,3147.452880859375,,4.3,21.3
2017-06-23,51.12,51.3,50.57,51.02,45963,-0.0033209611252196,6.8345,3157.873046875,0.0033106662466635,0.1551984333750485,0.2379797448774357,2438.300048828125,10.020000457763672,25.56333351135254,45.540000915527344,2.622999906539917,3157.873046875,,4.3,20.6
2017-06-26,50.96,52.18,50.96,51.94,67568,0.018032144257154,6.8382,3185.444091796875,0.0087308908599599,0.1649661882082516,0.2406749451965857,2439.070068359375,9.899999618530273,25.166000366210938,45.83000183105469,2.625,3185.444091796875,,4.3,26.6
2017-06-27,52.02,52.4,51.6,51.89,46282,-0.0009626492106276,6.81,3191.197021484375,0.0018060055432504,0.1645717481056456,0.2404480894410024,2419.3798828125,11.0600004196167,24.158000946044922,46.650001525878906,2.6465001106262207,3191.197021484375,,4.3,27.8
2017-06-28,51.54,51.59,50.88,50.98,47055,-0.0175370977066873,6.7984,3173.200927734375,-0.0056392926005017,0.1719127686486701,0.2388796258159738,2440.68994140625,10.029999732971191,24.749332427978516,47.310001373291016,2.6619999408721924,3173.200927734375,,4.3,28.3
2017-06-29,51.07,51.22,50.66,50.73,41202,-0.0049038838760298,6.784,3188.06298828125,0.0046836178626377,0.1683000754248341,0.2353034700054972,2419.699951171875,11.4399995803833,24.049999237060547,47.41999816894531,2.683000087738037,3188.06298828125,,4.3,28.4
2017-06-30,50.63,50.69,49.91,50.37,56516,-0.0070963926670608,6.7793,3192.427001953125,0.0013688605551134,0.1706592732051912,0.2357779562991181,2423.409912109375,11.180000305175781,24.107332229614258,47.91999816894531,2.6989998817443848,3192.427001953125,,4.3,30.0
2017-07-03,50.17,50.7,50.16,50.45,25615,0.0015882469724042,6.7984,3195.912109375,0.0010916795966651,0.1617312147135459,0.2286006581613136,2429.010009765625,11.220000267028809,23.507999420166016,49.68000030517578,2.680999994277954,3195.912109375,,4.3,29.1
2017-07-04,50.51,51.5,50.5,50.92,49469,0.0093161546085231,6.7984,3182.803955078125,-0.0041015377921135,0.1643966460108361,0.2293322535929802,2429.010009765625,11.220000267028809,23.507999420166016,49.68000030517578,2.680999994277954,3182.803955078125,,4.3,27.0
2017-07-05,50.93,51.88,50.93,51.6,51982,0.0133542812254516,6.7995,3207.134033203125,0.0076442276899215,0.1674210030204998,0.2308261712405968,2432.5400390625,11.069999694824219,21.805999755859375,47.790000915527344,2.6489999294281006,3207.134033203125,,4.3,26.8
2017-07-06,51.41,51.95,50.94,51.27,57561,-0.0063953488372092,6.799,3212.444091796875,0.0016557021124703,0.1693122063731282,0.2312714782527923,2409.75,12.539999961853027,20.588666915893555,48.11000061035156,2.6514999866485596,3212.444091796875,,4.3,24.3
2017-07-07,51.2,51.32,50.76,51.09,32925,-0.0035108250438853,6.8039,3217.95703125,0.001716119968345,0.1687182590201061,0.1850687522985581,2425.179931640625,11.1899995803833,20.881332397460938,46.709999084472656,2.637500047683716,3217.95703125,,4.3,27.4
2017-07-10,51.08,51.08,50.43,50.47,38057,-0.0121354472499511,6.8026,3212.632080078125,-0.001654761427876,0.1734649686201958,0.1865514509800618,2427.429931640625,11.109999656677246,21.06999969482422,46.880001068115234,2.6394999027252197,3212.632080078125,,4.3,29.1
2017-07-11,50.44,50.92,50.42,50.51,26513,0.0007925500297205,6.801,3203.0380859375,-0.0029863345386228,0.1432081307800571,0.1856206624103256,2425.530029296875,10.890000343322754,21.814666748046875,47.52000045776367,2.6644999980926514,3203.0380859375,,4.3,29.0
2017-07-12,50.81,50.82,49.83,50.26,44339,-0.0049495149475351,6.7865,3197.5439453125,-0.0017152904453809,0.1434074967084266,0.1810711469662378,2443.25,10.300000190734863,21.968000411987305,47.7400016784668,2.677000045776367,3197.5439453125,,4.3,30.3
2017-07-13,50.22,50.52,50.08,50.28,24888,0.0003979307600479,6.7825,3218.1630859375,0.0064484307260974,0.1430010281782987,0.1810672103226263,2447.830078125,9.899999618530273,21.560667037963867,48.41999816894531,2.6545000076293945,3218.1630859375,,4.3,32.1
2017-07-14,50.57,51.34,50.3,50.99,46878,0.0141209228321399,6.7741,3222.4169921875,0.0013218429695462,0.1476533627970173,0.18327429211943,2459.27001953125,9.510000228881836,21.851999282836914,48.90999984741211,2.684000015258789,3222.4169921875,,4.3,28.9
2017-07-17,50.99,51.06,49.33,49.42,61434,-0.0307903510492253,6.769,3176.465087890625,-0.0142600738539679,0.1817830856859214,0.1932847572078646,2459.139892578125,9.819999694824219,21.30466651916504,48.41999816894531,2.7170000076293945,3176.465087890625,,4.3,27.9
2017-07-18,49.61,49.97,49.1,49.39,27430,-0.0006070416835289,6.7451,3187.56689453125,0.0034950192536185,0.1775802825219593,0.1910634197292094,2460.610107421875,9.890000343322754,21.882667541503906,48.84000015258789,2.7235000133514404,3187.56689453125,,4.3,28.0
2017-07-19,49.51,50.11,49.4,50.01,32708,0.0125531484106093,6.7511,3230.97607421875,0.0136182803761624,0.1820025116483202,0.193031464238988,2473.830078125,9.789999961853027,21.68400001525879,49.70000076293945,2.703000068664551,3230.97607421875,,4.3,28.5
2017-07-20,50.03,50.71,49.99,50.5,35919,0.0097980403919215,6.757,3244.864990234375,0.0042986749813624,0.1859272075627631,0.1892143151043906,2473.449951171875,9.579999923706055,21.994667053222656,49.29999923706055,2.7084999084472656,3244.864990234375,,4.3,29.5
2017-07-21,50.53,51.35,50.14,50.91,57304,0.0081188118811881,6.7663,3237.98193359375,-0.0021212151079752,0.1881384190934181,0.1894671319661386,2472.5400390625,9.359999656677246,21.893333435058594,48.060001373291016,2.7149999141693115,3237.98193359375,,4.3,23.8
2017-07-24,50.93,51.22,49.75,50.31,56919,-0.0117855038302886,6.7488,3250.59912109375,0.0038966207220298,0.1797325103083781,0.1829193892304319,2469.909912109375,9.430000305175781,22.834667205810547,48.599998474121094,2.7290000915527344,3250.59912109375,,4.3,26.2
2017-07-25,50.43,50.47,49.72,49.81,38483,-0.0099383820314052,6.7495,3243.68896484375,-0.0021258100407272,0.18216309224162,0.1832681247845628,2477.1298828125,9.430000305175781,22.639999389648438,50.20000076293945,2.8405001163482666,3243.68896484375,,4.3,26.5
2017-07-26,50.19,50.19,49.04,49.32,52080,-0.0098373820517968,6.753,3247.675048828125,0.0012288736767234,0.1753654164143114,0.1840903021260326,2477.830078125,9.600000381469727,22.92333221435547,50.970001220703125,2.86899995803833,3247.675048828125,,4.3,21.6
2017-07-27,49.42,49.72,49.3,49.52,37925,0.0040551500405514,6.741,3249.781005859375,0.0006484506607302,0.1760060259782024,0.1635404016517105,2475.419921875,10.109999656677246,22.297332763671875,51.4900016784668,2.874000072479248,3249.781005859375,,4.3,22.5
2017-07-28,49.52,49.96,49.51,49.89,29970,0.0074717285945071,6.7362,3253.239990234375,0.0010643746051697,0.177068794241845,0.1599777396415433,2472.10009765625,10.289999961853027,22.33799934387207,52.52000045776367,2.870500087738037,3253.239990234375,,4.3,25.5
2017-07-31,50.03,50.09,49.27,49.42,51892,-0.0094207255963119,6.724,3273.028076171875,0.0060825779828417,0.1797059639735727,0.1611565098613117,2470.300048828125,10.260000228881836,21.564666748046875,52.650001525878906,2.888000011444092,3273.028076171875,,4.3,25.6
2017-08-01,49.42,49.72,49.34,49.48,44986,0.0012140833670577,6.717,3292.637939453125,0.0059913519911463,0.1758145318055062,0.1603711525341153,2476.35009765625,10.09000015258789,21.30466651916504,52.630001068115234,2.878999948501587,3292.637939453125,,4.3,26.6
2017-08-02,49.53,49.6,48.87,48.92,52435,-0.0113177041228778,6.72,3285.056884765625,-0.0023024258442333,0.1701204782582502,0.1610089171199593,2477.570068359375,10.279999732971191,21.72599983215332,52.36000061035156,2.882499933242798,3285.056884765625,,4.3,26.0
2017-08-03,48.96,49.26,48.83,49.09,50985,0.0034750613246117,6.715,3272.928955078125,-0.0036918476948581,0.1708127157236983,0.1609263795065846,2472.159912109375,10.4399995803833,23.139333724975586,52.0099983215332,2.877000093460083,3272.928955078125,,4.3,28.7
2017-08-04,49.29,49.38,49.0,49.11,26730,0.0004074149521287,6.7272,3262.0810546875,-0.0033144319780586,0.1709541631437086,0.1553371544544183,2476.830078125,10.029999732971191,23.79400062561035,52.41999816894531,2.884999990463257,3262.0810546875,,4.3,28.7
2017-08-07,49.16,49.65,49.16,49.51,30464,0.0081449806556708,6.7207,3279.45703125,0.0053266538357565,0.1700337789188224,0.1559566871518778,2480.909912109375,9.930000305175781,23.67799949645996,52.369998931884766,2.9079999923706055,3279.45703125,,4.3,27.8
2017-08-08,49.51,50.05,49.27,49.81,40119,0.0060593819430418,6.7049,3281.873046875,0.0007367120843413,0.1717502417499394,0.1561981385023798,2474.919921875,10.960000038146973,24.347999572753906,52.13999938964844,2.942500114440918,3281.873046875,,4.3,27.1
2017-08-09,49.75,49.99,49.5,49.73,29892,-0.0016061031921301,6.672,3275.572998046875,-0.0019196503759107,0.1710465499553781,0.1561687373483287,2474.02001953125,11.109999656677246,24.235332489013672,52.70000076293945,2.930000066757202,3275.572998046875,,4.3,25.0
2017-08-10,49.74,49.85,49.1,49.33,28966,-0.0080434345465513,6.646,3261.7490234375,-0.004220322556578,0.1730879589789555,0.1542130153951994,2438.2099609375,16.040000915527344,23.69333267211914,51.900001525878906,2.9059998989105225,3261.7490234375,,4.3,26.5
2017-08-11,49.19,49.19,48.27,48.45,59257,-0.017839043178593,6.6612,3208.541015625,-0.0163127228459856,0.1734883113984018,0.1582821693897556,2441.320068359375,15.510000228881836,23.857999801635742,52.099998474121094,2.9140000343322754,3208.541015625,,4.3,27.6
2017-08-14,48.6,48.89,48.49,48.8,27353,0.0072239422084621,6.6695,3237.360107421875,0.0089819926429275,0.1406173190801087,0.1576934138961546,2465.840087890625,12.329999923706055,24.253332138061523,50.72999954223633,2.9065001010894775,3237.360107421875,,4.3,25.5
2017-08-15,48.9,48.98,48.46,48.6,32050,-0.0040983606557376,6.6845,3251.261962890625,0.0042941949636308,0.1411667569476245,0.1577338329957224,2464.610107421875,12.039999961853027,24.155332565307617,50.79999923706055,2.884500026702881,3251.261962890625,,4.3,25.6
2017-08-16,48.61,48.92,48.2,48.86,31573,0.005349794238683,6.69,3246.450927734375,-0.0014797439305606,0.134299720259883,0.157978001050512,2468.110107421875,11.739999771118164,24.194000244140625,50.27000045776367,2.9544999599456787,3246.450927734375,,4.3,24.1
2017-08-17,48.9,48.99,48.64,48.92,26240,0.0012279983626688,6.673,3268.429931640625,0.0067701636018839,0.1283662775606794,0.1570894798685337,2430.010009765625,15.550000190734863,23.461332321166992,51.029998779296875,2.937999963760376,3268.429931640625,,4.3,24.9
2017-08-18,48.89,49.3,48.65,49.15,31674,0.0047015535568273,6.67,3268.72412109375,9.000941102543791e-05,0.1254908818936155,0.1573907023401487,2425.550048828125,14.260000228881836,23.163999557495117,52.720001220703125,2.940500020980835,3268.72412109375,,4.3,24.0
2017-08-21,49.1,49.68,49.08,49.26,33868,0.0022380467955238,6.663,3286.906005859375,0.0055623797212782,0.1203514518589007,0.1574400822546261,2428.3701171875,13.1899995803833,22.52400016784668,51.65999984741211,2.9809999465942383,3286.906005859375,,4.3,27.0
2017-08-22,49.4,49.56,48.72,48.76,37715,-0.0101502233049126,6.66,3290.22607421875,0.0010100892308622,0.1205616688622807,0.1580775697963382,2452.510009765625,11.350000381469727,22.75666618347168,51.869998931884766,2.9865000247955322,3290.22607421875,,4.3,25.4
2017-08-23,48.8,49.05,48.61,48.87,21112,0.0022559474979491,6.6569,3287.705078125,-0.0007662075604785,0.116425180425235,0.1549916111274901,2444.0400390625,12.25,23.51799964904785,52.56999969482422,2.9804999828338623,3287.705078125,,4.3,26.8
2017-08-24,48.91,48.99,48.51,48.6,33927,-0.0055248618784529,6.66,3271.511962890625,-0.0049253551792456,0.1164937301577573,0.153985520206996,2438.969970703125,12.229999542236328,23.528667449951172,52.040000915527344,3.0334999561309814,3271.511962890625,,4.3,25.5
2017-08-25,49.11,49.59,48.69,49.28,53406,0.013991769547325,6.6465,3331.52197265625,0.0183432035237314,0.1247250303121009,0.1566891938274211,2443.050048828125,11.279999732971191,23.203332901000977,52.40999984741211,3.0329999923706055,3331.52197265625,,4.3,23.4
2017-08-28,49.4,50.18,49.31,49.95,64106,0.0135957792207792,6.6084,3362.65087890625,0.0093437493450421,0.129757588295885,0.1560332848782763,2444.239990234375,11.319999694824219,23.04400062561035,51.88999938964844,3.065000057220459,3362.65087890625,,4.3,20.8
2017-08-29,49.6,49.6,48.73,49.02,74521,-0.0186186186186185,6.5945,3365.22607421875,0.0007658229787261,0.1464641570442183,0.1603843965260609,2446.300048828125,11.699999809265137,23.157333374023438,52.0,3.0810000896453857,3365.22607421875,,4.3,20.2
2017-08-30,48.9,49.05,48.59,48.99,37789,-0.0006119951040391,6.5918,3363.626953125,-0.0004751897966086,0.1407227732745799,0.1589312805109851,2457.590087890625,11.220000267028809,23.545333862304688,50.86000061035156,3.064500093460083,3363.626953125,,4.3,20.8
2017-08-31,48.91,49.27,48.9,49.09,29314,0.0020412329046743,6.5888,3360.81005859375,-0.0008374574738833,0.1403594512601132,0.159018918643965,2471.64990234375,10.59000015258789,23.726667404174805,52.380001068115234,3.0789999961853027,3360.81005859375,,4.3,22.0
2017-09-01,49.09,49.2,48.71,48.89,33501,-0.0040741495212874,6.5552,3367.118896484375,0.0018771777579316,0.1411022163662113,0.1589069517921691,2476.550048828125,10.130000114440918,23.69333267211914,52.31999969482422,3.0980000495910645,3367.118896484375,,4.3,22.1
2017-09-04,49.02,49.59,49.01,49.36,49332,0.0096134178768663,6.5552,3379.8359375,0.0037768315900288,0.1423430612343494,0.1598530998933165,2476.550048828125,10.130000114440918,23.69333267211914,52.31999969482422,3.0980000495910645,3379.8359375,,4.3,22.8
2017-09-05,49.39,49.53,49.27,49.48,32332,0.0024311183144245,6.5345,3384.31689453125,0.0013257912851722,0.1408308257215939,0.1502488101416418,2457.85009765625,12.229999542236328,23.305999755859375,53.380001068115234,3.1075000762939453,3384.31689453125,,4.3,23.9
2017-09-06,49.65,51.48,49.64,50.9,128701,0.0286984640258691,6.5221,3385.388916015625,0.0003167615556649,0.1742143373570157,0.1618066513744938,2465.5400390625,11.630000114440918,22.968666076660156,54.20000076293945,3.131500005722046,3385.388916015625,,4.3,22.7
2017-09-07,50.61,50.9,50.11,50.17,67109,-0.0143418467583495,6.483,3365.4970703125,-0.0058757933568638,0.1799950646512879,0.1642620734376943,2465.10009765625,11.550000190734863,23.374000549316406,54.4900016784668,3.122999906539917,3365.4970703125,,4.3,23.3
2017-09-08,50.25,50.45,49.99,50.42,42649,0.0049830576041458,6.4773,3365.242919921875,-7.551644981862449e-05,0.1661722719817642,0.1627543033791593,2461.429931640625,12.119999885559082,22.893333435058594,53.779998779296875,3.0215001106262207,3365.242919921875,,4.3,24.6
2017-09-11,53.22,54.1,52.25,52.45,190194,0.0402618008726696,6.5254,3376.4189453125,0.0033210159434446,0.214250796075672,0.1826356107405292,2488.110107421875,10.729999542236328,24.246000289916992,53.84000015258789,3.0460000038146973,3376.4189453125,,4.3,22.1
2017-09-12,53.0,57.64,53.0,56.41,495529,0.0755004766444231,6.5334,3379.488037109375,0.0009089783722295,0.3305660380424145,0.2371340399027739,2496.47998046875,10.579999923706055,24.183332443237305,54.27000045776367,3.015500068664551,3379.488037109375,,4.3,22.3
2017-09-13,55.6,55.95,54.6,55.48,236513,-0.0164864385747207,6.54,3384.14697265625,0.0013785921109104,0.3415123460332556,0.2397736186331357,2498.3701171875,10.5,24.415332794189453,55.15999984741211,2.9609999656677246,3384.14697265625,,4.3,23.6
2017-09-14,56.2,56.48,54.6,55.07,146048,-0.0073900504686372,6.552,3371.426025390625,-0.0037589819143227,0.3446614335460136,0.2402444383178857,2495.6201171875,10.4399995803833,25.176000595092773,55.470001220703125,2.936500072479248,3371.426025390625,,4.3,23.8
2017-09-15,54.77,54.79,53.6,54.0,125874,-0.0194298165970583,6.55,3353.618896484375,-0.0052817795117384,0.3564542217240111,0.2438177507657785,2500.22998046875,10.170000076293945,25.320667266845703,55.619998931884766,2.927999973297119,3353.618896484375,,4.3,22.4
2017-09-18,53.99,59.14,53.99,58.53,372632,0.0838888888888889,6.5725,3362.85888671875,0.0027552296547652,0.4529791041081587,0.2953149564696338,2503.8701171875,10.149999618530273,25.666667938232422,55.47999954223633,2.9489998817443848,3362.85888671875,,4.3,21.5
2017-09-19,58.1,58.26,56.98,57.85,215410,-0.0116179736887066,6.58,3356.844970703125,-0.0017883343364113,0.4538326144433898,0.2966004099807618,2506.64990234375,10.180000305175781,25.00666618347168,55.13999938964844,2.94950008392334,3356.844970703125,,4.3,22.4
2017-09-20,57.77,63.58,57.26,62.42,548300,0.0789974070872947,6.57,3365.99609375,0.0027261083328964,0.5162604245622434,0.3331915314012555,2508.239990234375,9.779999732971191,24.92733383178711,56.290000915527344,2.94950008392334,3365.99609375,,4.3,19.8
2017-09-21,61.95,64.98,61.21,63.17,447494,0.012015379685998,6.5861,3357.81201171875,-0.0024313997412077,0.5117395198809186,0.3331537114549253,2500.60009765625,9.670000076293945,24.43199920654297,56.43000030517578,2.9140000343322754,3357.81201171875,,4.3,20.9
2017-09-22,62.91,65.1,62.31,62.92,290496,-0.0039575747981637,6.5899,3352.529052734375,-0.0015733337560106,0.5155431382711946,0.3327742531347005,2502.219970703125,9.59000015258789,23.4060001373291,56.86000061035156,2.924499988555908,3352.529052734375,,4.3,20.8
2017-09-25,62.6,63.25,60.25,60.89,248954,-0.0322631913541004,6.6189,3341.549072265625,-0.0032751335770809,0.5397078433282096,0.3409205669867711,2496.659912109375,10.210000038146973,22.999332427978516,59.02000045776367,2.9175000190734863,3341.549072265625,,4.3,22.1
2017-09-26,60.4,65.6,60.4,65.6,383173,0.0773526030546887,6.6371,3343.5830078125,0.0006086804361953,0.5772809733962088,0.3730021166451014,2496.840087890625,10.170000076293945,23.016666412353516,58.439998626708984,2.8975000381469727,3343.5830078125,,4.3,19.2
2017-09-27,66.7,71.53,66.16,68.47,474804,0.0437500000000001,6.64,3345.27197265625,0.0005051362086132,0.5825360492671479,0.381197795099298,2507.0400390625,9.869999885559082,22.731332778930664,57.900001525878906,2.9110000133514404,3345.27197265625,,4.3,16.2
2017-09-28,67.7,71.08,67.17,69.55,325264,0.0157733313860084,6.6591,3339.64208984375,-0.0016829372495025,0.579735880842855,0.3810746934062756,2510.06005859375,9.550000190734863,22.639999389648438,57.40999984741211,2.9625000953674316,3339.64208984375,,4.3,15.3
2017-09-29,68.85,70.06,67.46,68.9,294856,-0.0093457943925232,6.6533,3348.943115234375,0.0027850365818871,0.5827148038110861,0.3818422989515824,2519.360107421875,9.510000228881836,22.739999771118164,57.540000915527344,2.9375,3348.943115234375,,4.3,16.5
2017-10-09,73.2,74.1,71.1,72.68,378033,0.0548621190130624,6.6533,3374.3779296875,0.0075948780191046,0.5961393440527853,0.3933107878333353,2544.72998046875,10.329999923706055,22.862667083740234,55.790000915527344,3.0169999599456787,3374.3779296875,,4.3,12.8
2017-10-10,71.61,72.59,70.45,71.22,231070,-0.0200880572372043,6.5712,3382.988037109375,0.0025516132458442,0.6102265977813762,0.3968913523864995,2550.639892578125,10.079999923706055,23.70599937438965,56.61000061035156,3.0455000400543213,3382.988037109375,,4.3,9.9
2017-10-11,71.85,72.2,68.68,69.25,229791,-0.0276607694467846,6.587,3388.283935546875,0.0015654499452575,0.6308616045640794,0.4022701610789503,2555.239990234375,9.850000381469727,23.639999389648438,56.939998626708984,3.0799999237060547,3388.283935546875,,4.3,10.4
2017-10-12,68.95,70.28,67.53,68.9,228826,-0.0050541516245486,6.5855,3386.10009765625,-0.0006445262357485,0.6257306240483621,0.4027298099457158,2550.929931640625,9.90999984741211,23.711999893188477,56.25,3.1040000915527344,3386.10009765625,,4.3,9.7
2017-10-13,69.0,69.19,67.2,68.32,160443,-0.0084179970972425,6.5785,3390.52294921875,0.0013061786228827,0.6308473616218583,0.4033345856978343,2553.169921875,9.609999656677246,23.704666137695312,57.16999816894531,3.118499994277954,3390.52294921875,,4.3,10.5
2017-10-16,68.35,69.95,67.1,68.0,201484,-0.0046838407494144,6.5885,3378.469970703125,-0.0035549025021058,0.628121793443392,0.3968828806388174,2557.639892578125,9.90999984741211,23.373332977294922,57.81999969482422,3.2239999771118164,3378.469970703125,,4.3,11.7
2017-10-17,67.7,68.95,67.31,67.97,115800,-0.0004411764705882,6.622,3372.041015625,-0.0019029191124605,0.5855633948210885,0.3968718916357022,2559.360107421875,10.3100004196167,23.71666717529297,57.880001068115234,3.180500030517578,3372.041015625,,4.3,12.3
2017-10-18,68.4,69.4,67.9,68.03,141560,0.0008827423863468,6.625,3381.7939453125,0.0028922927219177,0.5783484526755951,0.3967234376029398,2561.260009765625,10.069999694824219,23.976667404174805,58.150001525878906,3.1635000705718994,3381.7939453125,,4.3,12.4
2017-10-19,68.15,68.44,65.63,65.75,196881,-0.0335146259003381,6.6126,3370.172119140625,-0.0034365861314478,0.5964331161305625,0.4045439345027111,2562.10009765625,10.050000190734863,23.45400047302246,57.22999954223633,3.1530001163482666,3370.172119140625,,4.3,12.5
2017-10-20,65.62,69.28,65.1,69.15,218079,0.0517110266159697,6.6185,3378.64794921875,0.0025149546606202,0.6039941101093783,0.4158169344358872,2575.2099609375,9.970000267028809,23.00666618347168,57.75,3.1514999866485596,3378.64794921875,,4.3,13.3
2017-10-23,68.88,69.26,67.23,67.51,173726,-0.0237165582067968,6.638,3380.698974609375,0.0006070550768981,0.5555827582496341,0.4186377610320785,2564.97998046875,11.069999694824219,22.468000411987305,57.369998931884766,3.1740000247955322,3380.698974609375,,4.3,10.8
2017-10-24,67.44,68.15,64.48,65.66,204807,-0.0274033476521997,6.6335,3388.248046875,0.002232991556575,0.5656085405544594,0.4228520844267349,2569.1298828125,11.15999984741211,22.48933219909668,58.33000183105469,3.186500072479248,3388.248046875,,4.3,10.8
2017-10-25,65.68,66.6,65.13,66.08,118238,0.0063965884861407,6.635,3396.89794921875,0.0025529129579895,0.4975493730859704,0.4217340255892137,2557.14990234375,11.229999542236328,21.722667694091797,58.439998626708984,3.1714999675750732,3396.89794921875,,4.3,10.7
2017-10-26,65.39,67.33,64.66,66.4,159153,0.0048426150121065,6.6392,3407.56689453125,0.0031407906484073,0.4965352479220868,0.4217277896559914,2560.39990234375,11.300000190734863,21.744667053222656,59.29999923706055,3.1675000190734863,3407.56689453125,,4.3,11.0
2017-10-27,66.57,67.1,65.4,65.73,116414,-0.0100903614457831,6.6498,3416.81201171875,0.0027131139237024,0.4981416189870638,0.42286465568644,2581.070068359375,9.800000190734863,21.391332626342773,60.439998626708984,3.0934998989105225,3416.81201171875,,4.3,12.2
2017-10-30,65.45,65.45,62.3,63.13,205127,-0.0395557584055986,6.6498,3390.3369140625,-0.007748479449688,0.5055372263262019,0.4316556789719764,2572.830078125,10.5,21.338666915893555,60.900001525878906,3.1019999980926514,3390.3369140625,,4.3,6.6
2017-10-31,63.04,63.99,62.63,63.6,103125,0.007444954855061,6.6328,3393.342041015625,0.0008863800351699,0.4218185559444693,0.4316455178047317,2575.260009765625,10.180000305175781,22.101999282836914,61.369998931884766,3.0920000076293945,3393.342041015625,,4.3,7.0
2017-11-01,64.65,66.08,64.37,64.8,150591,0.0188679245283018,6.6018,3395.9130859375,0.0007576733765115,0.3950357430777085,0.4313399424139144,2579.360107421875,10.199999809265137,21.405332565307617,61.290000915527344,3.132999897003174,3395.9130859375,,4.3,9.7
2017-11-02,64.6,65.04,63.21,63.92,100879,-0.0135802469135801,6.6068,3383.31005859375,-0.0037112337756638,0.3907849930248126,0.4330187277513125,2579.85009765625,9.930000305175781,19.950666427612305,60.619998931884766,3.135499954223633,3383.31005859375,,4.3,10.4
2017-11-03,63.92,66.25,63.63,64.85,139521,0.0145494367959948,6.636,3371.743896484375,-0.0034185935988918,0.3955663259514651,0.4333806294094349,2587.840087890625,9.140000343322754,20.4060001373291,62.06999969482422,3.1105000972747803,3371.743896484375,,4.3,6.0
2017-11-06,66.04,66.75,65.03,66.17,134878,0.02035466461064,6.6311,3388.174072265625,0.004872901467511,0.3446111061850525,0.4344799521141509,2591.1298828125,9.399999618530273,20.185333251953125,64.2699966430664,3.1505000591278076,3388.174072265625,,4.3,8.1
2017-11-07,66.45,67.37,65.45,66.12,113896,-0.0007556294393229,6.638,3413.574951171875,0.0074969226387076,0.339780103606252,0.4346471149603897,2590.639892578125,9.890000343322754,20.40333366394043,63.689998626708984,3.0824999809265137,3413.574951171875,,4.3,9.9
2017-11-08,66.1,68.96,65.72,67.97,220709,0.027979431336963,6.6249,3415.4599609375,0.0005522098657824,0.3446526621100333,0.4369232230346355,2594.3798828125,9.779999732971191,20.292667388916016,63.4900016784668,3.0929999351501465,3415.4599609375,,4.3,7.4
2017-11-09,68.44,69.9,67.61,68.59,167087,0.0091216713255848,6.6378,3427.794921875,0.0036115079897216,0.3459532349426252,0.436051859245141,2584.6201171875,10.5,20.19933319091797,63.93000030517578,3.0799999237060547,3427.794921875,,4.3,7.8
2017-11-10,68.5,68.5,67.33,68.25,132076,-0.0049569908149876,6.6378,3432.673095703125,0.0014231230103627,0.3450532890720182,0.4338538862489187,2582.300048828125,11.289999961853027,20.19933319091797,63.52000045776367,3.069499969482422,3432.673095703125,,4.3,7.8
2017-11-13,68.61,70.83,68.35,70.7,240138,0.0358974358974359,6.6385,3447.8359375,0.0044172111279268,0.3668570664105128,0.4381339755405636,2584.840087890625,11.5,21.02666664123535,63.15999984741211,3.1115000247955322,3447.8359375,,4.3,5.3
2017-11-14,70.71,70.85,68.31,68.6,172748,-0.0297029702970298,6.635,3429.548095703125,-0.0053041508147093,0.3839587250244663,0.443899386083679,2578.8701171875,11.59000015258789,20.579999923706055,62.209999084472656,3.059999942779541,3429.548095703125,,4.3,1.6
2017-11-15,68.11,68.29,64.3,64.56,233004,-0.0588921282798832,6.62,3402.52490234375,-0.0078795201598812,0.4384244434423324,0.4634775848644248,2564.6201171875,13.130000114440918,20.753332138061523,61.869998931884766,3.0490000247955322,3402.52490234375,,4.3,-1.0
2017-11-16,64.4,65.5,63.36,64.83,117896,0.0041821561338288,6.6273,3399.25,-0.0009624918076261,0.422916137546733,0.4634126625606234,2585.639892578125,11.760000228881836,20.833332061767578,61.36000061035156,3.0434999465942383,3399.25,,4.3,-0.2
2017-11-17,65.59,66.55,64.19,64.19,117539,-0.0098719728520746,6.6245,3382.907958984375,-0.0048075431391115,0.3762616006765736,0.4644294386831117,2578.85009765625,11.430000305175781,21.003332138061523,62.720001220703125,3.0625,3382.907958984375,,4.3,0.7
2017-11-20,65.08,70.12,64.45,70.09,282147,0.0919146284467986,6.6245,3392.39892578125,0.0028055645947058,0.497857396584894,0.4974468585076625,2582.139892578125,10.649999618530273,20.582666397094727,62.220001220703125,3.0905001163482666,3392.39892578125,,4.3,0.2
2017-11-21,70.2,74.05,69.62,72.9,362854,0.0400913111713512,6.6265,3410.498046875,0.0053351983330149,0.5020107596409754,0.5009656770495768,2599.030029296875,9.729999542236328,21.187332153320312,62.56999969482422,3.125499963760376,3410.498046875,,4.3,0.5
2017-11-22,72.88,74.4,72.19,73.39,288935,0.0067215363511659,6.6086,3430.464111328125,0.0058542958180021,0.5020179633900544,0.5008608957952406,2597.080078125,9.880000114440918,20.84000015258789,63.31999969482422,3.134500026702881,3430.464111328125,,4.3,1.6
2017-11-23,73.19,74.38,71.11,71.21,216168,-0.0297043193895627,6.6086,3352.989013671875,-0.0225844361409905,0.517563006517513,0.5059264109305012,2597.080078125,9.880000114440918,20.84000015258789,63.31999969482422,3.134500026702881,3352.989013671875,,4.3,-0.3
2017-11-24,71.25,72.88,70.43,71.3,214564,0.0012638674343492,6.5998,3353.821044921875,0.0002481461306933,0.5150260176569272,0.5058340889571643,2602.419921875,9.670000076293945,21.036666870117188,63.86000061035156,3.1659998893737793,3353.821044921875,,4.3,-0.1
2017-11-27,70.81,70.87,64.23,64.23,345568,-0.0991584852734922,6.5967,3322.22998046875,-0.0094194245995796,0.616259103344517,0.5500790932829218,2601.419921875,9.869999885559082,21.12066650390625,63.84000015258789,3.132499933242798,3322.22998046875,,4.3,-1.9
2017-11-28,64.1,65.46,62.31,65.33,224011,0.0171259536042347,6.6044,3333.656982421875,0.003439557773033,0.6184336415248585,0.5484592836235904,2627.0400390625,10.029999732971191,21.170000076293945,63.61000061035156,3.070499897003174,3333.656982421875,,4.3,-0.5
2017-11-29,65.42,65.58,63.6,64.95,144178,-0.0058166232971069,6.6091,3337.862060546875,0.0012614009621185,0.6157435511674644,0.5488057230210561,2626.070068359375,10.699999809265137,20.502666473388672,63.11000061035156,3.0399999618530273,3337.862060546875,,4.3,-4.1
2017-11-30,64.2,64.65,62.71,62.82,135172,-0.0327944572748268,6.609,3317.18798828125,-0.0061938066614525,0.6254123890275823,0.5543031755434575,2647.580078125,11.279999732971191,20.59000015258789,63.56999969482422,3.0369999408721924,3317.18798828125,,4.3,-3.0
2017-12-01,62.8,64.26,62.31,63.95,98389,0.0179879019420567,6.6137,3317.616943359375,0.0001293128636785,0.6266002378339228,0.5546534697380474,2642.219970703125,11.430000305175781,20.435333251953125,63.4900016784668,3.065500020980835,3317.616943359375,,4.3,-2.1
2017-12-04,64.09,65.27,63.6,64.03,93559,0.0012509773260358,6.6185,3309.617919921875,-0.0024110750499725,0.6220422102790835,0.5546262699448694,2639.43994140625,11.680000305175781,20.34666633605957,62.45000076293945,3.062999963760376,3309.617919921875,,4.3,-2.9
2017-12-05,63.22,65.0,62.61,63.29,107231,-0.011557082617523,6.617,3303.675048828125,-0.0017956366074698,0.6231882007032424,0.5556365010095381,2629.570068359375,11.329999923706055,20.246667861938477,62.86000061035156,2.9205000400543213,3303.675048828125,,4.3,-1.3
2017-12-06,63.73,64.4,58.62,61.5,278179,-0.0282825090851635,6.6136,3293.965087890625,-0.0029391392294906,0.6199456626704923,0.5573963610182988,2629.27001953125,11.020000457763672,20.884000778198242,61.220001220703125,2.936500072479248,3293.965087890625,,4.3,1.7
2017-12-07,60.6,61.06,59.4,59.67,114122,-0.0297560975609756,6.6173,3272.053955078125,-0.0066519019564142,0.6241618437021371,0.5604211043512112,2636.97998046875,10.15999984741211,20.749332427978516,62.20000076293945,2.940500020980835,3272.053955078125,,4.3,-0.4
2017-12-08,59.8,61.17,59.8,60.35,123146,0.0113960113960114,6.6199,3289.991943359375,0.005482179856298,0.6272861878415839,0.5606476301604337,2651.5,9.579999923706055,21.0086669921875,63.400001525878906,2.9549999237060547,3289.991943359375,,4.3,-0.7
2017-12-11,61.11,63.48,60.68,63.19,149139,0.0470588235294116,6.6175,3322.196044921875,0.0097885046884391,0.6381850902929487,0.5627149035591272,2659.989990234375,9.34000015258789,21.92733383178711,64.69000244140625,2.98799991607666,3322.196044921875,,4.3,-3.2
2017-12-12,63.78,64.6,62.6,62.67,148572,-0.0082291501819907,6.621,3280.81396484375,-0.012456242653524,0.6316016145845414,0.5429109007300097,2664.110107421875,9.920000076293945,22.735332489013672,63.34000015258789,2.999500036239624,3280.81396484375,,4.3,-6.1
2017-12-13,62.71,63.61,62.24,63.6,88656,0.0148396361895644,6.6171,3303.037109375,0.0067736679889158,0.5996473711499816,0.5420699741004938,2662.85009765625,10.180000305175781,22.601999282836914,62.439998626708984,3.0295000076293945,3303.037109375,,4.3,-5.2
2017-12-14,63.59,64.4,62.91,64.26,103337,0.0103773584905662,6.6091,3292.43896484375,-0.0032086059527364,0.6006320304489384,0.5418597150453769,2652.010009765625,10.489999771118164,22.525999069213867,63.310001373291016,3.0485000610351562,3292.43896484375,,4.3,-3.8
2017-12-15,63.68,63.9,62.3,63.35,108269,-0.014161220043573,6.6088,3266.136962890625,-0.007988607301145,0.6017819302694418,0.5410292057551795,2675.81005859375,9.420000076293945,22.89666748046875,63.22999954223633,3.109999895095825,3266.136962890625,,4.3,-1.8
2017-12-18,63.14,63.93,62.4,63.11,66223,-0.0037884767166534,6.6088,3267.922119140625,0.000546565030886,0.4942458048580827,0.5143820349162298,2690.159912109375,9.529999732971191,22.591333389282227,63.40999984741211,3.121999979019165,3267.922119140625,,4.3,-0.2
2017-12-19,63.1,63.44,62.4,62.89,58169,-0.0034859768657898,6.6088,3296.5380859375,0.0087566244707202,0.465149625104879,0.513747619464561,2681.469970703125,10.029999732971191,22.073333740234375,63.79999923706055,3.127500057220459,3296.5380859375,,4.3,-1.6
2017-12-20,63.18,63.28,61.26,61.4,86651,-0.0236921609158848,6.5771,3287.60595703125,-0.0027095482210118,0.4658336559297443,0.4905100682421026,2679.25,9.720000267028809,21.93199920654297,64.55999755859375,3.1714999675750732,3287.60595703125,,4.3,1.0
2017-12-21,61.32,63.01,60.6,62.6,79109,0.019543973941368,6.5833,3300.05908203125,0.0037879007286034,0.468831599166051,0.4915266496890069,2684.570068359375,9.619999885559082,22.110666275024414,64.9000015258789,3.194499969482422,3300.05908203125,,4.3,-0.8
2017-12-22,62.9,63.29,62.37,62.8,57613,0.0031948881789136,6.575,3297.06298828125,-0.0009078909424118,0.4692779717264526,0.4914793932355554,2683.340087890625,9.899999618530273,21.68000030517578,65.25,3.2144999504089355,3297.06298828125,,4.3,0.5
2017-12-25,62.48,63.23,62.28,62.59,52652,-0.0033439490445859,6.575,3280.839111328125,-0.0049207057950635,0.3144233083784095,0.4868120202775443,2683.340087890625,9.899999618530273,21.68000030517578,65.25,3.2144999504089355,3280.839111328125,,4.3,-2.0
2017-12-26,62.99,64.55,62.61,63.96,102637,0.0218884805879533,6.5429,3306.125,0.0077071407081705,0.3185139985543553,0.4622695413194728,2680.5,10.25,21.152666091918945,67.0199966430664,3.25600004196167,3306.125,,4.3,-2.5
2017-12-27,64.35,70.11,63.97,67.71,267164,0.0586303939962475,6.556,3275.782958984375,-0.0091775238430564,0.3812153991468885,0.4692385756411204,2682.6201171875,10.470000267028809,20.775999069213867,66.44000244140625,3.256999969482422,3275.782958984375,,4.3,-3.4
2017-12-28,67.6,69.35,66.15,66.28,186040,-0.0211194801358735,6.5322,3296.385009765625,0.0062891989607387,0.3689951145778941,0.4701141561039496,2687.5400390625,10.180000305175781,21.02400016784668,66.72000122070312,3.2860000133514404,3296.385009765625,,4.3,-1.9
2017-12-29,66.45,66.45,64.7,65.65,105533,-0.0095051297525647,6.5063,3307.172119140625,0.0032724057848347,0.3670222219269682,0.4701272618932641,2673.610107421875,11.039999961853027,20.75666618347168,66.5999984741211,3.2795000076293945,3307.172119140625,,4.3,-2.1
2018-01-02,65.88,67.15,65.56,66.45,127141,0.012185833968012,6.491,3348.325927734375,0.0124438061011604,0.3689463529616471,0.4566535676244369,2695.81005859375,9.770000457763672,21.368667602539062,66.56999969482422,3.25600004196167,3348.325927734375,,4.3,-3.2
2018-01-03,65.58,67.7,65.0,66.72,151910,0.004063205417607,6.501,3369.10791015625,0.0062066784627317,0.3654215527278546,0.4550403250650736,2713.06005859375,9.149999618530273,21.149999618530273,67.83999633789062,3.236999988555908,3369.10791015625,,4.3,-3.3
2018-01-04,66.6,66.96,65.51,65.65,118417,-0.0160371702637888,6.4915,3385.7099609375,0.0049277290083831,0.3539723926938339,0.4527144339663917,2723.989990234375,9.220000267028809,20.974666595458984,68.06999969482422,3.242500066757202,3385.7099609375,,4.3,-4.2
2018-01-05,65.5,65.8,64.43,64.98,104870,-0.0102056359482102,6.4875,3391.75,0.0017839800609582,0.3359526959157511,0.4530593084808832,2743.14990234375,9.220000267028809,21.10533332824707,67.62000274658203,3.2070000171661377,3391.75,,4.3,-3.7
2018-01-08,65.2,66.94,65.13,65.81,136740,0.0127731609726069,6.497,3409.47998046875,0.0052273842319598,0.3363639968033292,0.4535734970386765,2747.7099609375,9.520000457763672,22.42733383178711,67.77999877929688,3.2009999752044678,3409.47998046875,,4.3,-2.7
2018-01-09,65.8,66.78,65.3,66.02,94309,0.003191004406625,6.5263,3413.89990234375,0.0012963624659243,0.2965161075783176,0.4535296720707882,2751.2900390625,10.079999923706055,22.246000289916992,68.81999969482422,3.194499969482422,3413.89990234375,,4.3,-3.8
2018-01-10,66.2,66.57,65.48,66.27,94265,0.0037867312935473,6.5055,3421.833984375,0.0023240523325838,0.2938828587471686,0.4535984459039229,2748.22998046875,9.819999694824219,22.31999969482422,69.19999694824219,3.2149999141693115,3421.833984375,,4.3,-5.6
2018-01-11,66.58,66.58,65.48,66.0,76299,-0.004074241738343,6.4956,3425.344970703125,0.0010260539652586,0.2913979691673151,0.4536700913945091,2767.56005859375,9.880000114440918,22.530000686645508,69.26000213623047,3.2135000228881836,3425.344970703125,,4.3,-6.9
2018-01-12,66.26,68.45,66.22,67.68,195979,0.0254545454545456,6.4607,3428.94091796875,0.0010498058725123,0.3018659576597797,0.4512098247424282,2786.239990234375,10.15999984741211,22.4146671295166,69.87000274658203,3.200000047683716,3428.94091796875,,4.3,-4.8
2018-01-15,67.85,68.7,65.48,65.74,151890,-0.028664302600473,6.4607,3410.488037109375,-0.0053815102974437,0.3166781522771079,0.4425192761747573,2786.239990234375,10.15999984741211,22.4146671295166,69.87000274658203,3.200000047683716,3410.488037109375,,4.3,-2.4
2018-01-16,65.1,66.35,65.06,65.4,95920,-0.0051718892607238,6.4395,3436.593994140625,0.0076546103511263,0.317053694437604,0.4399810380101979,2776.419921875,11.65999984741211,22.67066764831543,69.1500015258789,3.1989998817443848,3436.593994140625,,4.3,-1.1
2018-01-17,65.28,65.28,63.11,64.35,116525,-0.0160550458715598,6.433,3444.6708984375,0.0023502643345842,0.3230060370306228,0.4375867877333134,2802.56005859375,11.90999984741211,23.143999099731445,69.37999725341797,3.1665000915527344,3444.6708984375,,4.3,-1.2
2018-01-18,64.78,65.18,63.48,63.77,73701,-0.0090132090132089,6.4175,3474.75390625,0.0087332022998614,0.3119295041643713,0.4377701545658007,2798.030029296875,12.220000267028809,22.971332550048828,69.30999755859375,3.177000045776367,3474.75390625,,4.3,-2.8
2018-01-19,64.2,64.23,63.28,63.8,52370,0.0004704406460718,6.399,3487.864013671875,0.003772959978056,0.3050344486637635,0.4376459882010464,2810.300048828125,11.270000457763672,23.334667205810547,68.61000061035156,3.1670000553131104,3487.864013671875,,4.3,-1.2
2018-01-22,64.28,67.61,64.22,67.2,172657,0.0532915360501569,6.4035,3501.362060546875,0.0038700037679479,0.356962118432609,0.4506666458211924,2832.969970703125,11.029999732971191,23.437332153320312,69.02999877929688,3.177500009536743,3501.362060546875,,4.3,-5.4
2018-01-23,67.24,67.97,66.66,67.41,123518,0.0031249999999998,6.4,3546.5048828125,0.0128929318033947,0.3560238588564089,0.4427755504095028,2839.1298828125,11.100000381469727,23.519332885742188,69.95999908447266,3.0894999504089355,3546.5048828125,,4.3,-10.4
2018-01-24,67.65,67.69,66.1,67.11,76417,-0.0044503782821538,6.365,3559.465087890625,0.0036543598574851,0.3506585550243374,0.4427619017287836,2837.5400390625,11.470000267028809,23.05933380126953,70.52999877929688,3.2084999084472656,3559.465087890625,,4.3,-8.8
2018-01-25,67.12,68.07,66.16,66.24,80840,-0.0129637907912383,6.3189,3548.306884765625,-0.0031347977433352,0.2849573954955948,0.442166363066508,2839.25,11.579999923706055,22.50933265686035,70.41999816894531,3.1989998817443848,3548.306884765625,,4.3,-8.3
2018-01-26,66.24,66.9,65.6,66.1,63559,-0.0021135265700482,6.3199,3558.12890625,0.0027680868096682,0.2749209313468881,0.441202640853069,2872.8701171875,11.079999923706055,22.856666564941406,70.5199966430664,3.182499885559082,3558.12890625,,4.3,-8.7
2018-01-29,66.48,66.48,63.4,63.5,125219,-0.0393343419062026,6.3328,3523.0009765625,-0.009872584893087,0.3071111171404715,0.4478725898753384,2853.530029296875,13.84000015258789,23.302000045776367,69.45999908447266,3.182499885559082,3523.0009765625,,4.3,-4.7
2018-01-30,63.48,64.55,63.36,64.05,55877,0.0086614173228345,6.3199,3488.009033203125,-0.0099324251092083,0.3052793299172091,0.4462455736307404,2822.429931640625,14.789999961853027,23.05466651916504,69.0199966430664,3.177000045776367,3488.009033203125,,4.3,-2.0
2018-01-31,63.65,64.56,63.5,63.64,54298,-0.0064012490241998,6.2841,3480.8330078125,-0.0020573414008722,0.304935468670873,0.4464280842600085,2823.81005859375,13.539999961853027,23.62066650390625,69.05000305175781,3.184000015258789,3480.8330078125,,4.3,-2.5
2018-02-01,63.65,64.09,60.48,61.26,126984,-0.0373978629792584,6.2969,3446.97998046875,-0.0097255534143031,0.3264702200079586,0.4488715624345413,2821.97998046875,13.470000267028809,23.28333282470703,69.08000183105469,3.197000026702881,3446.97998046875,,4.3,-1.9
2018-02-02,61.2,62.87,60.76,62.5,69721,0.0202415932092718,6.2984,3462.0810546875,0.0043809579122349,0.3356328225769108,0.4505535291273927,2762.1298828125,17.309999465942383,22.916667938232422,68.58000183105469,3.176500082015991,3462.0810546875,,4.3,-4.9
2018-02-05,60.9,62.38,60.84,62.07,40610,-0.0068799999999999,6.285,3487.4970703125,0.0073412537787316,0.3315932277114159,0.4506401297461445,2648.93994140625,37.31999969482422,22.208667755126953,67.62000274658203,3.2105000019073486,3487.4970703125,,4.3,-4.6
2018-02-06,60.6,61.48,59.1,59.11,103986,-0.0476880940873207,6.283,3370.652099609375,-0.0335039623969217,0.3668796584335256,0.4538099316773633,2695.139892578125,29.979999542236328,22.264667510986328,66.86000061035156,3.177500009536743,3370.652099609375,,4.3,-5.0
2018-02-07,60.59,60.99,57.63,59.5,82085,0.0065978683809846,6.2649,3309.260009765625,-0.0182137129639884,0.3679331119622293,0.4506287512565166,2681.659912109375,27.729999542236328,23.0,65.51000213623047,3.0764999389648438,3309.260009765625,,4.3,-3.9
2018-02-08,59.5,60.48,59.11,60.11,45972,0.0102521008403362,6.3222,3262.050048828125,-0.0142660174172423,0.3719645276838272,0.4353455537779033,2581.0,33.459999084472656,21.01533317565918,64.80999755859375,3.072000026702881,3262.050048828125,,4.3,-4.2
2018-02-09,58.5,59.05,56.93,57.25,93076,-0.0475794376975544,6.2966,3129.85107421875,-0.0405263477354882,0.3843486192591831,0.4456087909182746,2619.550048828125,29.059999465942383,20.69466781616211,62.790000915527344,3.0244998931884766,3129.85107421875,,4.3,-2.9
2018-02-12,57.7,60.6,57.7,60.22,80515,0.051877729257642,6.325,3154.125,0.0077556168666297,0.4306111946920801,0.4585430802905064,2656.0,25.610000610351562,21.048667907714844,62.59000015258789,3.077500104904175,3154.125,,4.3,-2.2
2018-02-13,60.6,61.22,59.91,60.1,55081,-0.0019926934573231,6.338,3184.958984375,0.0097757648713985,0.4306469136462777,0.4159844117828612,2662.93994140625,24.969999313354492,21.577333450317383,62.720001220703125,3.1545000076293945,3184.958984375,,4.3,-0.5
2018-02-14,61.78,62.1,60.8,61.1,55902,0.016638935108153,6.3438,3199.158935546875,0.0044584408281356,0.433999174406989,0.4085056969933136,2698.6298828125,19.260000228881836,21.487333297729492,64.36000061035156,3.2284998893737793,3199.158935546875,,4.3,1.2
2018-02-22,62.58,63.95,61.9,62.92,97413,0.0297872340425531,6.3471,3268.55908203125,0.0216932474699045,0.4475999801384402,0.4134607872369031,2703.9599609375,18.719999313354492,23.077999114990234,66.38999938964844,3.237499952316284,3268.55908203125,,4.3,1.0
2018-02-23,62.94,63.92,62.41,63.4,59836,0.007628734901462,6.3329,3289.02392578125,0.0062611209515852,0.4484822427170974,0.4099266859643029,2747.300048828125,16.489999771118164,23.469999313354492,67.30999755859375,3.2084999084472656,3289.02392578125,,4.3,2.1
2018-02-26,64.48,66.29,64.48,65.51,156114,0.0332807570977919,6.3115,3329.573974609375,0.0123289005319391,0.4218156940199359,0.4160878300588411,2779.60009765625,15.800000190734863,23.827999114990234,67.5,3.196000099182129,3329.573974609375,,4.3,2.2
2018-02-27,65.1,65.53,63.98,64.06,100651,-0.0221340253396428,6.3169,3292.068115234375,-0.0112644619585002,0.4280734266899285,0.3653851270947675,2744.280029296875,18.59000015258789,23.39933204650879,66.62999725341797,3.1575000286102295,3292.068115234375,,4.3,2.0
2018-02-28,63.82,65.1,63.27,64.11,77371,0.0007805182641273,6.328,3259.407958984375,-0.0099208628457174,0.4281111468592321,0.3636855686683558,2713.830078125,19.850000381469727,22.87066650390625,65.77999877929688,3.1075000762939453,3259.407958984375,,4.3,2.6
2018-03-01,63.55,64.04,63.1,63.87,74935,-0.0037435657463734,6.3565,3273.7548828125,0.0044016962616104,0.4262081326066753,0.3635701446940562,2677.669921875,22.469999313354492,22.062000274658203,65.70999908447266,3.0994999408721924,3273.7548828125,,4.3,1.2
2018-03-02,63.11,63.96,62.97,63.47,59277,-0.0062627211523407,6.3428,3254.528076171875,-0.0058730135055521,0.4265448054737914,0.3573684894091605,2691.25,19.59000015258789,22.341333389282227,64.37000274658203,3.1010000705718994,3254.528076171875,,4.3,2.0
2018-03-05,63.6,66.5,63.51,65.72,149505,0.0354498188120371,6.3491,3256.926025390625,0.0007368039736104,0.4215661777633958,0.3627857508651729,2720.93994140625,18.729999542236328,22.22333335876465,65.54000091552734,3.1054999828338623,3256.926025390625,,4.3,0.5
2018-03-06,65.73,67.4,65.4,67.18,149686,0.0222154595252588,6.3093,3289.64208984375,0.0100450744653315,0.4270922276570306,0.3654534448091695,2728.1201171875,18.360000610351562,21.8799991607666,65.79000091552734,3.13700008392334,3289.64208984375,,4.3,-0.6
2018-03-07,66.6,67.09,65.1,65.13,94942,-0.03051503423638,6.3225,3271.66796875,-0.0054638530888336,0.4422413681056364,0.3702823223183764,2726.800048828125,17.760000228881836,22.15333366394043,64.33999633789062,3.114000082015991,3271.66796875,,4.3,-1.4
2018-03-08,65.41,66.19,64.71,65.47,64302,0.005220328573622,6.3389,3288.406005859375,0.0051160561735639,0.4176808112551294,0.3653984645276672,2738.969970703125,16.540000915527344,21.940000534057617,63.61000061035156,3.058500051498413,3288.406005859375,,4.3,0.2
2018-03-09,65.6,66.4,64.97,66.15,87515,0.0103864365358179,6.3285,3307.166015625,0.0057048946304676,0.4139395210781603,0.3600467604516528,2786.570068359375,14.640000343322754,21.81133270263672,65.48999786376953,3.115999937057495,3307.166015625,,4.3,1.8
2018-03-12,66.63,67.76,66.12,67.45,137196,0.0196523053665911,6.327,3326.698974609375,0.0059062529344127,0.4161074781527967,0.3613650068574671,2783.02001953125,15.779999732971191,23.034000396728516,64.94999694824219,3.1040000915527344,3326.698974609375,,4.3,5.1
2018-03-13,67.45,68.1,66.28,66.6,118112,-0.0126019273535953,6.318,3310.239013671875,-0.0049478359969232,0.3742880867620295,0.3501796199062175,2765.31005859375,16.350000381469727,22.78933334350586,64.63999938964844,3.11899995803833,3310.239013671875,,4.3,10.2
2018-03-14,66.3,66.49,64.96,64.96,99781,-0.0246246246246246,6.314,3291.382080078125,-0.0056965474444193,0.3899794391596542,0.3536430953817068,2749.47998046875,17.229999542236328,21.775333404541016,64.88999938964844,3.140000104904175,3291.382080078125,,4.3,11.9
2018-03-15,64.62,66.04,64.62,65.3,78053,0.0052339901477833,6.3202,3291.112060546875,-8.20383427632132e-05,0.3894358867123826,0.3525653755346694,2747.330078125,16.59000015258789,21.706666946411133,65.12000274658203,3.1110000610351562,3291.112060546875,,4.3,8.3
2018-03-16,65.34,66.09,64.8,64.83,68415,-0.0071975497702909,6.33,3269.882080078125,-0.006450701184943,0.3413066355837773,0.3523406769516931,2752.010009765625,15.800000190734863,21.42333221435547,66.20999908447266,3.0929999351501465,3269.882080078125,,4.3,3.4
2018-03-19,64.85,65.45,64.5,64.85,50235,0.0003084991516273,6.3291,3279.251953125,0.0028655079349684,0.2964143574812146,0.3510340414437977,2712.919921875,19.020000457763672,20.90399932861328,66.05000305175781,3.069499969482422,3279.251953125,,4.3,7.5
2018-03-20,64.3,64.3,62.6,63.4,108427,-0.0223592906707786,6.3328,3290.639892578125,0.0034727247603749,0.3102551361065052,0.3540822655287126,2716.93994140625,18.200000762939453,20.703332901000977,67.41999816894531,3.0255000591278076,3290.639892578125,,4.3,5.3
2018-03-21,63.59,64.42,63.0,63.2,83340,-0.003154574132492,6.32,3280.951904296875,-0.0029441046718909,0.3065267331886499,0.3540677014791517,2711.929931640625,17.860000610351562,21.101999282836914,69.47000122070312,3.0485000610351562,3280.951904296875,,4.3,4.3
2018-03-22,63.55,63.79,62.5,63.19,58977,-0.0001582278481013,6.331,3263.47998046875,-0.0053252605761282,0.2882353834417597,0.3505162830089471,2643.68994140625,23.34000015258789,20.606666564941406,68.91000366210938,3.01200008392334,3263.47998046875,,4.3,8.2
2018-03-23,60.57,62.54,59.4,60.08,128223,-0.0492166482038297,6.311,3152.760986328125,-0.0339266656462595,0.3359318530059777,0.3628516007656004,2588.260009765625,24.8700008392334,20.1026668548584,70.44999694824219,2.984499931335449,3152.760986328125,,4.3,10.8
2018-03-26,59.59,61.1,58.6,61.0,84012,0.0153129161118508,6.2685,3133.721923828125,-0.0060388537483693,0.3160340683614558,0.3642157160084316,2658.550048828125,21.030000686645508,20.278667449951172,70.12000274658203,2.9605000019073486,3133.721923828125,,4.3,16.3
2018-03-27,61.7,62.2,61.32,61.9,72053,0.0147540983606557,6.2781,3166.64892578125,0.0105073145459255,0.314105797798431,0.3654404872798414,2612.6201171875,22.5,18.61199951171875,70.11000061035156,2.991499900817871,3166.64892578125,,4.3,16.9
2018-03-28,55.77,58.64,55.77,56.79,330118,-0.0825525040387722,6.2946,3122.2900390625,-0.0140081479691678,0.4255152425568159,0.3998736948298739,2605.0,22.8700008392334,17.185333251953125,69.52999877929688,2.99399995803833,3122.2900390625,,4.3,17.7
2018-03-29,56.31,56.9,55.11,56.59,140042,-0.0035217467864059,6.2876,3160.531005859375,0.0122477304537529,0.4255294467473445,0.37961892445081,2640.8701171875,19.969999313354492,17.742000579833984,70.2699966430664,3.0190000534057617,3160.531005859375,,4.3,13.4
2018-03-30,57.48,57.58,56.61,56.9,80901,0.0054779996465805,6.2726,3168.89697265625,0.0026470130434934,0.4273536617174596,0.378017148153626,2640.8701171875,19.969999313354492,17.742000579833984,70.2699966430664,3.0190000534057617,3168.89697265625,,4.3,11.7
2018-04-02,57.1,57.16,56.2,56.27,83266,-0.0110720562390157,6.2785,3163.178955078125,-0.0018044188963745,0.3998340251582124,0.3781590714930312,2581.8798828125,23.6200008392334,16.832000732421875,67.63999938964844,3.0404999256134033,3163.178955078125,,4.3,19.2
2018-04-03,55.6,55.6,54.3,54.87,123634,-0.0248800426515017,6.2881,3136.633056640625,-0.0083921582732091,0.3883174230691152,0.3797275334392701,2614.449951171875,21.100000381469727,17.8353328704834,68.12000274658203,3.058000087738037,3136.633056640625,,4.3,9.2
2018-04-04,55.15,55.95,54.95,55.42,81537,0.0100236923637688,6.3045,3131.111083984375,-0.0017604777340974,0.386257522687893,0.3803903858547377,2644.68994140625,20.059999465942383,19.12933349609375,68.0199966430664,3.006999969482422,3131.111083984375,,4.3,3.8
2018-04-09,55.5,57.58,55.5,56.94,119841,0.0274269216889209,6.3035,3138.2939453125,0.0022940295426965,0.4037916810815118,0.3843400578426577,2613.159912109375,21.770000457763672,19.310667037963867,68.6500015258789,3.071500062942505,3138.2939453125,,4.31,12.0
2018-04-10,56.93,58.35,56.48,57.26,108469,0.0056199508254302,6.2798,3190.322021484375,0.0165784585760637,0.4014740929979872,0.3842790702941191,2656.8701171875,20.469999313354492,20.31333351135254,71.04000091552734,3.13100004196167,3190.322021484375,,4.31,15.2
2018-04-11,57.3,57.47,56.4,56.73,74569,-0.0092560251484457,6.2655,3208.08203125,0.0055668392237602,0.3890605129558319,0.3833582221560095,2642.18994140625,20.239999771118164,20.062000274658203,72.05999755859375,3.111999988555908,3208.08203125,,4.31,15.9
2018-04-12,56.75,56.99,56.4,56.5,52438,-0.0040542922615899,6.2876,3180.157958984375,-0.0087042887287843,0.3889964182550615,0.3832120766100998,2663.989990234375,18.489999771118164,19.60533332824707,72.0199966430664,3.059999942779541,3180.157958984375,,4.31,15.4
2018-04-13,56.81,57.0,56.07,56.2,41333,-0.0053097345132743,6.2725,3159.052001953125,-0.0066367637405,0.383988401221412,0.383048157165895,2656.300048828125,17.40999984741211,20.022666931152344,72.58000183105469,3.067500114440918,3159.052001953125,,4.31,10.9
2018-04-16,56.1,56.67,55.3,55.52,53047,-0.0120996441281138,6.2752,3110.64892578125,-0.0153220257665745,0.3816286616402716,0.3835459505701969,2677.840087890625,16.559999465942383,19.413999557495117,71.41999816894531,3.0915000438690186,3110.64892578125,,4.31,15.1
2018-04-17,55.72,55.9,54.11,54.19,72273,-0.0239553314121038,6.2804,3066.797119140625,-0.014097317854541,0.3858925301629432,0.3814776448399214,2706.389892578125,15.25,19.179332733154297,71.58000183105469,3.075000047683716,3066.797119140625,,4.31,17.3
2018-04-18,54.8,54.9,52.58,54.05,92047,-0.0025835024912345,6.2722,3091.39892578125,0.0080219870062741,0.3851395389435659,0.3778304283585482,2708.639892578125,15.600000381469727,19.55666732788086,73.4800033569336,3.1535000801086426,3091.39892578125,,4.31,19.0
2018-04-19,53.96,54.8,53.63,54.47,51363,0.0077705827937095,6.2765,3117.3759765625,0.0084030082835993,0.3858965489363,0.3784397203311121,2693.1298828125,15.960000038146973,20.005332946777344,73.77999877929688,3.128000020980835,3117.3759765625,,4.31,21.3
2018-04-20,54.6,54.6,52.7,52.86,58544,-0.0295575546172204,6.2945,3071.54296875,-0.0147024318391776,0.3934672827508606,0.3814653119337322,2670.139892578125,16.8799991607666,19.349332809448242,74.05999755859375,3.131500005722046,3071.54296875,,4.31,21.1
2018-04-23,52.84,53.79,52.7,53.55,53926,0.0130533484676502,6.3158,3068.011962890625,-0.0011495869975772,0.3999640944764877,0.3826548067145219,2670.2900390625,16.34000015258789,18.891332626342773,74.70999908447266,3.1080000400543213,3068.011962890625,,4.31,14.4
2018-04-24,53.48,54.7,53.48,54.68,55426,0.0211017740429506,6.3035,3128.927001953125,0.0198548896807777,0.3811358804408457,0.3856899317861348,2634.56005859375,18.020000457763672,18.8973331451416,73.86000061035156,3.1384999752044678,3128.927001953125,,4.31,16.3
2018-04-25,54.46,54.79,54.2,54.44,44871,-0.0043891733723482,6.3236,3117.97412109375,-0.00350052297562,0.3739588496726358,0.3679015845217309,2639.39990234375,17.84000015258789,18.71266746520996,74.0,3.131999969482422,3117.97412109375,,4.31,17.1
2018-04-26,54.51,54.7,53.1,53.13,52536,-0.0240631888317413,6.334,3075.030029296875,-0.0137730751215505,0.3715888058783239,0.370106746059788,2666.93994140625,16.239999771118164,19.031999588012695,74.73999786376953,3.11299991607666,3075.030029296875,,4.31,18.3
2018-04-27,53.71,53.98,53.14,53.56,41996,0.0080933559194429,6.3325,3082.23193359375,0.0023420598264927,0.2465000115199422,0.3708884127388794,2669.909912109375,15.40999984741211,19.60533332824707,74.63999938964844,3.0460000038146973,3082.23193359375,,4.31,19.1
2018-05-02,51.4,51.41,49.49,49.85,140008,-0.0692681105302465,6.361,3081.177001953125,-0.0003422622513014,0.3412774826607216,0.3942520435176717,2635.669921875,15.970000267028809,20.07666778564453,73.36000061035156,3.047499895095825,3081.177001953125,,4.31,17.8
2018-05-03,49.86,50.38,49.18,50.21,73998,0.007221664994985,6.352,3100.85888671875,0.0063877812774628,0.3421168858911609,0.3949486578281985,2629.72998046875,15.899999618530273,18.963333129882812,73.62000274658203,3.059000015258789,3100.85888671875,,4.31,17.5
2018-05-04,49.7,50.05,49.56,49.85,49591,-0.0071698864767973,6.3589,3091.032958984375,-0.0031687761660036,0.3416309871461697,0.3881921242318825,2663.419921875,14.770000457763672,19.606000900268555,74.87000274658203,3.065500020980835,3091.032958984375,,4.31,18.7
2018-05-07,50.48,51.4,49.6,50.96,74920,0.0222668004012036,6.364,3136.64501953125,0.0147562517618258,0.3476699866024632,0.3910374482182822,2672.6298828125,14.75,20.184667587280273,76.16999816894531,3.059499979019165,3136.64501953125,,4.31,20.5
2018-05-08,50.97,52.95,50.96,52.48,81143,0.0298273155416011,6.369,3161.498046875,0.0079234427832908,0.364550771073179,0.3968939023885918,2671.919921875,14.710000038146973,20.131332397460938,74.8499984741211,3.0404999256134033,3161.498046875,,4.31,19.1
2018-05-09,52.6,52.62,51.81,52.1,46744,-0.0072408536585365,6.3585,3159.14990234375,-0.0007427316090139,0.3472040253437041,0.3904564376321447,2697.7900390625,13.420000076293945,20.456666946411133,77.20999908447266,3.0394999980926514,3159.14990234375,,4.31,20.2
2018-05-10,52.25,52.95,51.76,52.44,41670,0.0065259117082532,6.344,3174.4130859375,0.0048314211308637,0.3475585691462275,0.3880648974523968,2723.070068359375,13.229999542236328,20.334667205810547,77.47000122070312,3.0924999713897705,3174.4130859375,,4.31,21.1
2018-05-11,52.43,54.0,51.92,53.55,92193,0.0211670480549199,6.3333,3163.262939453125,-0.0035125064641932,0.3582484136633059,0.3909961287438181,2727.719970703125,12.649999618530273,20.070667266845703,77.12000274658203,3.0950000286102295,3163.262939453125,,4.31,21.2
2018-05-14,53.75,54.46,53.02,53.26,66234,-0.0054154995331465,6.336,3174.031982421875,0.0034044096791434,0.3583525997358128,0.3793950004264867,2730.1298828125,12.930000305175781,19.46466636657715,78.2300033569336,3.0785000324249268,3174.031982421875,,4.31,25.2
2018-05-15,53.43,54.06,53.12,53.67,55338,0.0076980848666918,6.376,3192.117919921875,0.0056980955454015,0.3600673356942245,0.3795013623900157,2711.449951171875,14.630000114440918,18.94533348083496,78.43000030517578,3.0425000190734863,3192.117919921875,,4.31,25.0
2018-05-16,53.65,54.06,52.93,53.28,54935,-0.0072666294019004,6.3706,3169.56494140625,-0.0070652084545099,0.3586844299149465,0.3788955755988759,2722.4599609375,13.420000076293945,19.09866714477539,79.27999877929688,3.058500051498413,3169.56494140625,,4.31,24.5
2018-05-17,53.32,53.79,53.13,53.37,37620,0.001689189189189,6.3645,3154.282958984375,-0.0048214763553936,0.3491071298828111,0.3666843063476578,2720.1298828125,13.430000305175781,18.96933364868164,79.30000305175781,3.0769999027252197,3154.282958984375,,4.31,21.4
2018-05-18,53.58,54.85,53.39,54.6,88744,0.0230466554243957,6.3768,3193.302978515625,0.0123704880122148,0.3588239208474795,0.3534821514879306,2712.969970703125,13.420000076293945,18.454666137695312,78.51000213623047,3.0510001182556152,3193.302978515625,,4.31,22.3
2018-05-21,55.05,55.78,54.71,55.14,74495,0.0098901098901098,6.3815,3213.840087890625,0.0064313062409588,0.3594519090865117,0.3542326174739515,2733.010009765625,13.079999923706055,18.965999603271484,79.22000122070312,3.0855000019073486,3213.840087890625,,4.31,16.2
2018-05-22,55.15,55.8,54.74,55.6,56239,0.0083424011606818,6.366,3214.35009765625,0.0001586917057716,0.3416485109429418,0.3528550063080811,2724.43994140625,13.220000267028809,18.333999633789062,79.56999969482422,3.11899995803833,3214.35009765625,,4.31,19.1
2018-05-23,55.09,56.39,54.31,55.28,78661,-0.0057553956834532,6.3875,3168.964111328125,-0.0141198018103934,0.3406513307365685,0.3469392399511051,2733.2900390625,12.579999923706055,18.60466766357422,79.80000305175781,3.060499906539917,3168.964111328125,,4.31,20.3
2018-05-24,55.1,55.59,54.4,54.75,50349,-0.0095875542691751,6.3757,3154.65087890625,-0.0045166912338039,0.3349770672503311,0.3467104123689029,2727.760009765625,12.529999732971191,18.523332595825195,78.79000091552734,3.0855000019073486,3154.65087890625,,4.31,23.9
2018-05-25,54.8,55.83,54.8,54.82,50606,0.0012785388127853,6.3903,3141.302978515625,-0.00423118148505,0.334532977255312,0.3388353153133452,2721.330078125,13.220000267028809,18.59000015258789,76.44000244140625,3.066999912261963,3141.302978515625,,4.31,24.4
2018-05-28,54.89,55.58,53.32,53.38,60132,-0.0262677854797518,6.3903,3135.08203125,-0.0019803716190931,0.3367695734340037,0.3399502062787889,2721.330078125,13.220000267028809,18.59000015258789,76.44000244140625,3.066999912261963,3135.08203125,,4.31,24.0
2018-05-29,53.13,54.88,53.02,54.1,72877,0.0134881978269014,6.4162,3120.4609375,-0.0046637037258544,0.3389302662423378,0.3415165270704069,2689.860107421875,17.020000457763672,18.917333602905273,75.38999938964844,3.052000045776367,3120.4609375,,4.31,23.9
2018-05-30,53.6,53.62,50.61,51.0,103830,-0.0573012939001849,6.4175,3041.443115234375,-0.025322484033058,0.3073439042998535,0.3594544671778982,2724.010009765625,14.9399995803833,19.447999954223633,77.5,3.059499979019165,3041.443115234375,,4.31,25.3
2018-05-31,51.02,51.85,51.02,51.75,57929,0.0147058823529411,6.4096,3095.47412109375,0.0177649240220003,0.310382551401593,0.3613262717187724,2705.27001953125,15.430000305175781,18.98200035095215,77.58999633789062,3.058000087738037,3095.47412109375,,4.31,26.7
2018-06-01,51.96,51.97,50.62,51.51,45159,-0.0046376811594203,6.418,3075.136962890625,-0.0065699655069121,0.3095522472522791,0.3522680301074545,2734.6201171875,13.460000038146973,19.454666137695312,77.58999633789062,3.0915000438690186,3075.136962890625,,4.31,28.6
2018-06-04,51.32,51.8,50.65,50.8,52796,-0.0137837313143078,6.405,3091.19091796875,0.0052205658713275,0.3043806795566027,0.3486176790248346,2746.8701171875,12.739999771118164,19.78266716003418,75.29000091552734,3.126499891281128,3091.19091796875,,4.31,27.4
2018-06-05,50.8,51.84,50.4,51.82,55286,0.0200787401574804,6.4042,3114.2060546875,0.0074453947780985,0.2934912035237727,0.3478507602238339,2748.800048828125,12.399999618530273,19.408666610717773,75.37999725341797,3.190999984741211,3114.2060546875,,4.31,30.5
2018-06-06,51.45,52.4,51.2,51.72,64984,-0.0019297568506368,6.385,3115.179931640625,0.0003127207821265,0.2924691738239349,0.3473881690179806,2772.35009765625,11.640000343322754,21.299999237060547,75.36000061035156,3.254499912261963,3115.179931640625,,4.31,28.5
2018-06-07,52.1,52.17,51.5,51.52,43290,-0.0038669760247486,6.389,3109.4990234375,-0.0018236212121889,0.2916238342087232,0.3461490023372235,2770.3701171875,12.130000114440918,21.07266616821289,77.31999969482422,3.2679998874664307,3109.4990234375,,4.31,27.2
2018-06-08,51.52,51.59,50.5,50.73,51339,-0.0153338509316771,6.4031,3067.14794921875,-0.0136199027237292,0.2839692168834873,0.3433888660867857,2779.030029296875,12.180000305175781,21.17733383178711,76.45999908447266,3.2929999828338623,3067.14794921875,,4.31,26.4
2018-06-11,50.72,50.73,49.9,50.02,42806,-0.0139956633155922,6.4,3052.782958984375,-0.0046835009175328,0.2867387688995154,0.3435411563829104,2782.0,12.350000381469727,22.139999389648438,76.45999908447266,3.250499963760376,3052.782958984375,36.2,4.31,22.5
2018-06-12,50.29,50.8,49.6,50.63,46212,0.0121951219512195,6.3992,3079.802001953125,0.0088506268974126,0.2893910450413812,0.3426253636819882,2786.85009765625,12.34000015258789,22.851333618164062,75.87999725341797,3.242500066757202,3079.802001953125,39.82,4.31,24.5
2018-06-13,50.7,50.72,49.51,49.66,48820,-0.0191586016195932,6.3944,3049.797119140625,-0.009742471364546,0.2948790379000247,0.3434905887200257,2775.6298828125,12.9399995803833,22.985332489013672,76.73999786376953,3.247999906539917,3049.797119140625,43.8,4.31,21.2
2018-06-14,49.28,50.04,49.2,49.65,38126,-0.0002013693113168,6.398,3044.159912109375,-0.0018483875520344,0.2945270973360934,0.3435392008751468,2782.489990234375,12.119999885559082,23.847999572753906,75.94000244140625,3.2165000438690186,3044.159912109375,48.18,4.31,23.3
2018-06-15,49.69,49.88,48.73,48.78,49376,-0.0175226586102718,6.4379,3021.90087890625,-0.0073120446513275,0.2810351472239605,0.3444819857740629,2779.659912109375,11.979999542236328,23.878000259399414,73.44000244140625,3.1410000324249268,3021.90087890625,53.0,4.31,24.0
2018-06-19,48.2,48.2,44.05,45.58,119739,-0.0656006560065601,6.4802,2907.822021484375,-0.0377506946763802,0.3464556430703367,0.3648548225146962,2762.590087890625,13.350000381469727,23.503332138061523,75.08000183105469,3.0464999675750732,2907.822021484375,58.3,4.31,26.6
2018-06-20,45.04,46.82,45.04,45.99,56963,0.0089951733216324,6.4713,2915.73095703125,0.0027198829530967,0.3469025497015641,0.3659961398604602,2767.320068359375,12.789999961853027,24.148000717163086,74.73999786376953,3.0464999675750732,2915.73095703125,64.13,4.31,28.1
2018-06-21,46.37,47.96,46.0,46.37,76183,0.0082626657969122,6.49,2875.81005859375,-0.0136915576319657,0.3522810891886919,0.3668792690992711,2749.760009765625,14.640000343322754,23.167333602905273,73.05000305175781,3.0250000953674316,2875.81005859375,70.54,4.31,28.6
2018-06-22,46.42,47.85,46.12,47.45,60455,0.0232909208540006,6.5027,2889.760009765625,0.0048507901730814,0.3698404769330509,0.3594671669112724,2754.8798828125,13.770000457763672,22.242000579833984,75.55000305175781,3.0325000286102295,2889.760009765625,66.55,4.31,27.6
2018-06-25,48.3,48.3,46.52,46.66,57418,-0.0166491043203372,6.536,2859.3359375,-0.0105282349270563,0.3700794704430364,0.3582251332193694,2717.070068359375,17.329999923706055,22.200666427612305,74.7300033569336,2.992000102996826,2859.3359375,69.19,4.31,29.7
2018-06-26,46.59,47.72,45.82,46.98,64116,0.0068581225889412,6.5759,2844.508056640625,-0.0051857778111722,0.366774589266157,0.3568034332056498,2723.06005859375,15.920000076293945,22.799999237060547,76.30999755859375,2.996999979019165,2844.508056640625,74.18,4.31,29.0
2018-06-27,47.19,48.7,47.1,47.7,95525,0.0153256704980844,6.5992,2813.177978515625,-0.0110142342721999,0.3681319820090277,0.319598532762934,2699.6298828125,17.90999984741211,22.96666717529297,77.62000274658203,2.989500045776367,2813.177978515625,74.09,4.31,31.9
2018-06-28,47.7,48.04,46.41,46.61,61273,-0.0228511530398323,6.6235,2786.89697265625,-0.0093421056399859,0.3218794014065835,0.3222548836292253,2716.31005859375,16.850000381469727,23.32866668701172,77.8499984741211,2.9535000324249268,2786.89697265625,68.21,4.31,30.9
2018-06-29,46.72,48.37,46.59,48.28,74976,0.035829221197168,6.6171,2847.41796875,0.0217162660434002,0.346226510898615,0.3315433144813887,2718.3701171875,16.09000015258789,22.863332748413086,79.44000244140625,2.9509999752044678,2847.41796875,71.96,4.31,31.7
2018-07-02,48.27,48.27,46.45,46.58,61757,-0.0352112676056338,6.6632,2775.556884765625,-0.0252372797998186,0.3644013368517344,0.3378352493420866,2726.7099609375,15.600000381469727,22.33799934387207,77.30000305175781,2.93149995803833,2775.556884765625,70.0,4.31,27.7
2018-07-03,47.06,47.32,44.66,45.95,93103,-0.0135251180764275,6.6368,2786.887939453125,0.0040824436889379,0.3643175776861935,0.335475667123087,2713.219970703125,16.139999389648438,20.724000930786133,77.76000213623047,2.9059998989105225,2786.887939453125,69.29,4.31,26.8
2018-07-04,45.95,46.73,45.6,46.39,63419,0.0095756256800869,6.6368,2759.1259765625,-0.0099616358797952,0.3566505517211049,0.3354041667807357,2713.219970703125,16.139999389648438,20.724000930786133,77.76000213623047,2.9059998989105225,2759.1259765625,65.92,4.31,29.5
2018-07-05,46.39,47.49,46.0,46.18,55737,-0.0045268376805346,6.6341,2733.882080078125,-0.0091492366418968,0.3564464851212899,0.3294706756456751,2736.610107421875,14.970000267028809,20.610666275024414,77.38999938964844,2.813999891281128,2733.882080078125,68.81,4.31,30.1
2018-07-06,46.87,47.36,46.12,46.63,67812,0.0097444781290603,6.6396,2747.22900390625,0.0048820407893173,0.3604775102122764,0.3300538754478338,2759.820068359375,13.369999885559082,20.593332290649414,77.11000061035156,2.812999963760376,2747.22900390625,70.88,4.31,29.5
2018-07-09,46.99,47.55,46.51,47.12,72893,0.0105082564872398,6.6123,2815.110107421875,0.0247089352285905,0.3620582132318553,0.3309890762903357,2784.169921875,12.6899995803833,21.233999252319336,78.06999969482422,2.8389999866485596,2815.110107421875,71.55,4.31,25.0
2018-07-10,47.15,47.48,46.91,47.23,46391,0.0023344651952461,6.6296,2827.625,0.0044456138838513,0.3603757131880694,0.3311504316733757,2793.840087890625,12.640000343322754,21.49799919128418,78.86000061035156,2.8285000324249268,2827.625,72.4,4.31,25.2
2018-07-11,46.22,46.63,45.33,46.06,50743,-0.0247723904298114,6.6764,2777.77099609375,-0.0176310521749701,0.3640954113307475,0.3341777043170771,2774.02001953125,13.630000114440918,21.263999938964844,73.4000015258789,2.7335000038146973,2777.77099609375,77.06,4.31,23.0
2018-07-12,46.4,47.6,46.28,47.12,69617,0.0230134607034302,6.663,2837.658935546875,0.0215597108391378,0.3722052723432824,0.3378612485951837,2798.2900390625,12.579999923706055,21.11400032043457,74.44999694824219,2.7679998874664307,2837.658935546875,84.77,4.31,23.1
2018-07-13,47.22,47.22,46.4,46.55,53284,-0.0120967741935483,6.69,2831.18408203125,-0.0022817588944589,0.373684036036234,0.3355112134552888,2801.31005859375,12.180000305175781,21.257999420166016,75.33000183105469,2.7699999809265137,2831.18408203125,82.7,4.31,25.4
2018-07-16,45.4,45.4,43.4,44.55,125033,-0.0429645542427497,6.6866,2814.0419921875,-0.0060547422375486,0.3970261978431543,0.3457053549807148,2798.429931640625,12.829999923706055,20.67333221435547,71.83999633789062,2.756999969482422,2814.0419921875,83.9,4.31,26.8
2018-07-17,44.06,44.5,43.38,44.15,69395,-0.0089786756453422,6.7018,2798.1259765625,-0.0056559268373346,0.3253282129242704,0.3451846401495615,2809.550048828125,12.0600004196167,21.512666702270508,72.16000366210938,2.739500045776367,2798.1259765625,82.28,4.31,25.5
2018-07-18,44.15,44.84,43.82,43.9,44875,-0.0056625141562853,6.7161,2787.257080078125,-0.0038843485159046,0.3232752509329248,0.3408551793633196,2815.6201171875,12.100000381469727,21.59000015258789,72.9000015258789,2.752000093460083,2787.257080078125,82.28,4.31,27.1
2018-07-19,44.18,44.18,42.58,42.75,61877,-0.0261958997722094,6.7701,2772.544921875,-0.0052783642772961,0.3316222319355362,0.3425156764487732,2804.489990234375,12.869999885559082,21.34866714477539,72.58000183105469,2.686000108718872,2772.544921875,82.89,4.31,28.0
2018-07-20,43.1,43.76,42.76,43.51,56935,0.0177777777777776,6.7659,2829.27099609375,0.0204599297097727,0.3261708670913398,0.3415617599416675,2801.830078125,12.859999656677246,20.905332565307617,73.06999969482422,2.746000051498413,2829.27099609375,90.93,4.31,29.5
2018-07-23,43.29,44.45,43.11,44.1,51941,0.0135601011261778,6.7927,2859.5419921875,0.0106992211546874,0.3284033789230577,0.3433538564604392,2806.97998046875,12.619999885559082,20.213333129882812,73.05999755859375,2.736999988555908,2859.5419921875,88.62,4.31,28.4
2018-07-24,44.3,45.03,44.01,44.89,55480,0.0179138321995464,6.7912,2905.56201171875,0.0160934931737251,0.3349125286898612,0.3432732686069679,2820.39990234375,12.40999984741211,19.82866668701172,73.44000244140625,2.799999952316284,2905.56201171875,91.77,4.31,27.4
2018-07-25,45.14,45.14,44.3,44.65,64749,-0.0053464023167744,6.7658,2903.64697265625,-0.0006590941975342,0.3286597846515887,0.3425943290624799,2846.070068359375,12.289999961853027,20.582666397094727,73.93000030517578,2.805999994277954,2903.64697265625,82.59,4.31,28.3
2018-07-26,44.65,44.83,43.48,43.6,51790,-0.0235162374020155,6.7865,2882.22509765625,-0.0073775755805477,0.3291981057905139,0.3165163907446993,2837.43994140625,12.140000343322754,20.44333267211914,74.54000091552734,2.803999900817871,2882.22509765625,78.2,4.31,28.4
2018-07-27,43.62,43.94,43.32,43.59,36790,-0.0002293577981651,6.8097,2873.593994140625,-0.0029945973070054,0.2957913634907727,0.3159538072834663,2818.820068359375,13.029999732971191,19.812000274658203,74.29000091552734,2.7874999046325684,2873.593994140625,76.05,4.31,27.4
2018-07-30,43.55,43.7,42.45,43.1,55930,-0.0112411103464097,6.8102,2869.050048828125,-0.0015812760333454,0.2747325799185615,0.3163396720368823,2802.60009765625,14.260000228881836,19.344667434692383,74.97000122070312,2.7790000438690186,2869.050048828125,76.85,4.31,29.9
2018-07-31,43.14,43.14,42.64,42.84,30212,-0.0060324825986078,6.8038,2876.40087890625,0.0025621128781379,0.2724680289739452,0.3122720944585426,2816.2900390625,12.829999923706055,19.875999450683594,74.25,2.819000005722046,2876.40087890625,72.22,4.31,30.1
2018-08-01,43.42,43.57,42.48,42.58,44292,-0.0060690943043885,6.8154,2824.533935546875,-0.0180318896923357,0.2682459115552219,0.3048817830158238,2813.360107421875,13.149999618530273,20.055999755859375,74.25,2.734999895095825,2824.533935546875,71.42,4.31,30.9
2018-08-02,42.55,42.58,40.1,40.7,107980,-0.0441521841240017,6.838,2768.02392578125,-0.0200068439803269,0.3035583153462399,0.3161007177170697,2827.219970703125,12.1899995803833,23.30266761779785,73.44999694824219,2.7269999980926514,2768.02392578125,72.56,4.31,31.0
2018-08-03,40.88,41.08,38.8,38.93,96516,-0.0434889434889436,6.8309,2740.443115234375,-0.0099640795334131,0.3247323581275266,0.3255265869240267,2840.35009765625,11.640000343322754,23.211332321166992,73.20999908447266,2.753499984741211,2740.443115234375,69.6,4.31,31.1
2018-08-06,38.93,39.25,37.48,37.89,73788,-0.0267146159773953,6.85,2705.156982421875,-0.0128760683322858,0.3222763978057183,0.3240354877496872,2850.39990234375,11.270000457763672,22.799333572387695,73.75,2.7209999561309814,2705.156982421875,69.65,4.31,26.3
2018-08-07,38.28,38.6,37.33,38.6,68165,0.0187384534177883,6.828,2779.3740234375,0.0274353915495062,0.336005410581189,0.3278340804246709,2858.449951171875,10.930000305175781,25.30466651916504,74.6500015258789,2.740999937057495,2779.3740234375,73.79,4.31,27.6
2018-08-08,38.62,40.09,38.62,38.89,73070,0.0075129533678757,6.8344,2744.070068359375,-0.0127021245720867,0.3364970059894497,0.3278033375452763,2857.699951171875,10.850000381469727,24.689332962036133,72.27999877929688,2.740499973297119,2744.070068359375,71.52,4.31,26.3
2018-08-09,38.49,40.15,38.43,39.85,74876,0.0246850089997427,6.8199,2794.382080078125,0.018334813057026,0.3385998046289035,0.3334107771905616,2853.580078125,11.270000457763672,23.496667861938477,72.06999969482422,2.755500078201294,2794.382080078125,74.06,4.31,26.9
2018-08-10,40.0,42.37,40.0,42.29,103584,0.0612296110414052,6.8458,2795.31005859375,0.0003320871981826,0.417937368760755,0.3595208698846782,2833.280029296875,13.15999984741211,23.69933319091797,72.80999755859375,2.7325000762939453,2795.31005859375,74.44,4.31,28.0
2018-08-13,41.7,44.15,41.48,43.77,132331,0.0349964530621897,6.888,2785.8720703125,-0.0033763654419066,0.4142736326266404,0.3641109235532076,2821.929931640625,14.779999732971191,23.76066780090332,72.61000061035156,2.7219998836517334,2785.8720703125,74.01,4.31,26.6
2018-08-14,43.77,44.55,43.21,43.75,81991,-0.0004569339730409,6.8809,2780.965087890625,-0.0017613811036644,0.4130796064355132,0.3631118354409038,2839.9599609375,13.3100004196167,23.176000595092773,72.45999908447266,2.67549991607666,2780.965087890625,71.57,4.31,26.3
2018-08-15,43.6,44.5,42.38,42.73,98823,-0.0233142857142857,6.933,2723.258056640625,-0.020750721215911,0.4208908569307175,0.3644619232694127,2818.3701171875,14.640000343322754,22.57933235168457,70.76000213623047,2.556999921798706,2723.258056640625,69.11,4.31,27.9
2018-08-16,42.05,43.8,41.84,42.86,74038,0.0030423589983619,6.8792,2705.19189453125,-0.0066340250294388,0.4103563629265941,0.3647389057075984,2840.68994140625,13.449999809265137,22.363332748413086,71.43000030517578,2.6135001182556152,2705.19189453125,68.99,4.31,26.1
2018-08-17,43.69,43.74,42.75,43.19,57460,0.0076994867008866,6.874,2668.966064453125,-0.0133912237987102,0.4062491100346838,0.3653219837501152,2850.1298828125,12.640000343322754,20.366666793823242,71.83000183105469,2.624500036239624,2668.966064453125,68.16,4.31,25.8
2018-08-20,43.71,46.09,43.64,45.98,147217,0.064598286640426,6.8546,2698.466064453125,0.0110529693100629,0.4650790811592112,0.3911305033342778,2857.050048828125,12.489999771118164,20.562667846679688,72.20999908447266,2.6635000705718994,2698.466064453125,68.95,4.31,25.8
2018-08-21,45.99,46.32,45.14,45.64,98460,-0.0073945193562418,6.8444,2733.825927734375,0.0131036901842291,0.4626189104587515,0.3881594097753326,2862.9599609375,12.859999656677246,21.459999084472656,72.62999725341797,2.689500093460083,2733.825927734375,69.57,4.31,27.0
2018-08-22,46.29,46.55,44.9,45.53,90881,-0.002410166520596,6.84,2714.60791015625,-0.0070297151633395,0.4621827299679637,0.3867601246618657,2861.820068359375,12.25,21.44266700744629,74.77999877929688,2.6684999465942383,2714.60791015625,67.47,4.31,24.8
2018-08-23,45.56,46.14,44.36,45.06,83317,-0.0103228640456841,6.8748,2724.6240234375,0.003689709016089,0.4550771070173925,0.3699887779526705,2856.97998046875,12.40999984741211,21.34000015258789,74.7300033569336,2.6524999141693115,2724.6240234375,69.1,4.31,25.1
2018-08-24,45.09,45.09,43.56,44.19,78310,-0.0193075898801599,6.803,2729.430908203125,0.0017642378266784,0.4613313748151805,0.3700762130675556,2874.68994140625,11.989999771118164,21.521333694458008,75.81999969482422,2.6989998817443848,2729.430908203125,68.8,4.31,25.2
2018-08-27,44.18,45.99,44.12,45.75,87641,0.0353021045485404,6.8145,2780.89892578125,0.0188566845284272,0.4742466606471419,0.3779942206276488,2896.739990234375,12.15999984741211,21.284666061401367,76.20999908447266,2.7049999237060547,2780.89892578125,70.46,4.31,26.8
2018-08-28,45.79,46.89,45.66,46.33,80943,0.0126775956284153,6.8018,2777.98095703125,-0.0010492897540964,0.4739576031614279,0.3782699064347111,2897.52001953125,12.5,20.790666580200195,75.94999694824219,2.7339999675750732,2777.98095703125,73.01,4.31,26.0
2018-08-29,46.15,47.56,46.15,47.04,91448,0.0153248435139219,6.819,2769.294921875,-0.0031267439520292,0.4738081900565713,0.3772488436197448,2914.0400390625,12.25,20.333999633789062,77.13999938964844,2.7090001106262207,2769.294921875,73.02,4.31,25.9
2018-08-30,46.24,47.16,45.38,45.74,91241,-0.0276360544217686,6.8415,2737.737060546875,-0.0113956303746652,0.4541106504794936,0.3810812252942294,2901.1298828125,13.529999732971191,20.209999084472656,77.7699966430664,2.690500020980835,2737.737060546875,69.99,4.31,22.4
2018-08-31,45.16,45.62,44.64,45.2,66898,-0.0118058592041976,6.83,2725.25,-0.0045610883261304,0.4207995357421945,0.3816154117167429,2901.52001953125,12.859999656677246,20.110666275024414,77.41999816894531,2.6489999294281006,2725.25,65.5,4.31,23.8
2018-09-03,45.13,45.13,43.87,44.41,56080,-0.0174778761061947,6.83,2720.73388671875,-0.0016571372465828,0.411928572507646,0.3819630407640714,2901.52001953125,12.859999656677246,20.110666275024414,77.41999816894531,2.6489999294281006,2720.73388671875,63.26,4.31,24.4
2018-09-04,44.63,45.32,44.35,45.26,59574,0.0191398333708625,6.8427,2750.580078125,0.0109699046834179,0.4120661211326433,0.3835259102931365,2896.719970703125,13.15999984741211,19.26333236694336,78.16999816894531,2.5834999084472656,2750.580078125,63.85,4.31,24.5
2018-09-05,44.82,45.25,43.24,43.24,82855,-0.0446310207688908,6.827,2704.3369140625,-0.0168121497098978,0.4529372406481524,0.3925121983157704,2888.60009765625,13.90999984741211,18.715999603271484,77.2699966430664,2.5924999713897705,2704.3369140625,61.39,4.31,24.8
2018-09-06,43.24,43.94,42.79,43.34,46916,0.0023126734505087,6.8322,2691.593017578125,-0.0047123923125506,0.4474261117599249,0.3910430061322218,2878.050048828125,14.649999618530273,18.729999542236328,76.5,2.618499994277954,2691.593017578125,61.84,4.31,22.6
2018-09-07,44.03,44.82,43.39,43.56,68765,0.0050761421319796,6.8419,2702.301025390625,0.0039783160910913,0.394380458551334,0.3912943118370671,2871.679931640625,14.880000114440918,17.549333572387695,76.83000183105469,2.6034998893737793,2702.301025390625,63.32,4.31,22.1
2018-09-10,43.72,44.18,41.89,42.47,52933,-0.0250229568411387,6.8545,2669.485107421875,-0.0121436944516595,0.3847423445212954,0.3928737195880472,2877.1298828125,14.15999984741211,19.03333282470703,77.37000274658203,2.6105000972747803,2669.485107421875,61.35,4.31,21.6
2018-09-11,42.29,42.6,41.65,42.26,35223,-0.0049446668236402,6.8704,2664.800048828125,-0.0017550420418994,0.3849524176698958,0.3699326592649186,2887.889892578125,13.220000267028809,18.62933349609375,79.05999755859375,2.6040000915527344,2664.800048828125,62.57,4.31,22.1
2018-09-12,41.75,43.24,41.45,42.78,55876,0.0123047799337434,6.8574,2656.110107421875,-0.0032610106751054,0.3788408194001942,0.3703762713117574,2888.919921875,13.140000343322754,19.369333267211914,79.73999786376953,2.6584999561309814,2656.110107421875,64.5,4.31,21.8
2018-09-13,43.45,43.79,42.83,43.66,55448,0.0205703599812996,6.8407,2686.577880859375,0.0114708247042789,0.3855571935179225,0.3725348108766153,2904.179931640625,12.369999885559082,19.297332763671875,78.18000030517578,2.6644999980926514,2686.577880859375,64.8,4.31,22.7
2018-09-14,44.95,46.19,44.95,45.55,105337,0.0432890517636279,6.8673,2681.64306640625,-0.0018368402748654,0.4132156234645872,0.3802183443461499,2904.97998046875,12.069999694824219,19.68000030517578,78.08999633789062,2.627500057220459,2681.64306640625,65.9,4.31,23.5
2018-09-17,44.74,46.2,44.24,45.55,85195,0.0,6.854,2651.7890625,-0.0111327283933645,0.3431377122737207,0.3787073074582486,2888.800048828125,13.680000305175781,19.6560001373291,78.05000305175781,2.633500099182129,2651.7890625,63.71,4.31,19.2
2018-09-18,44.91,46.08,44.79,45.82,68125,0.0059275521405051,6.8591,2699.949951171875,0.018161658992013,0.3427158644393003,0.378638837935162,2904.31005859375,12.789999961853027,18.997333526611328,79.02999877929688,2.7119998931884766,2699.949951171875,66.36,4.31,19.7
2018-09-19,45.84,48.12,45.44,47.7,130011,0.0410301178524661,6.8466,2730.85009765625,0.0114447108439781,0.3714455989327829,0.3867012932862006,2907.949951171875,11.75,19.934667587280273,79.4000015258789,2.7100000381469727,2730.85009765625,67.33,4.31,18.3
2018-09-20,47.7,48.24,46.69,46.69,82025,-0.0211740041928721,6.8455,2729.243896484375,-0.0005881689270508,0.3783812702805874,0.3862876664689273,2930.75,11.800000190734863,19.8886661529541,78.69999694824219,2.7209999561309814,2729.243896484375,67.99,4.31,19.3
2018-09-21,48.24,49.49,47.34,47.75,162412,0.022702934247162,6.8559,2797.485107421875,0.0250037056143657,0.3763135210556477,0.3820470915304774,2929.669921875,11.680000305175781,19.940000534057617,78.80000305175781,2.8364999294281006,2797.485107421875,69.19,4.31,19.4
2018-09-25,48.04,49.39,48.04,48.94,102447,0.0249214659685863,6.8632,2781.138916015625,-0.0058431737001504,0.3665939058062845,0.3781648974810907,2915.56005859375,12.420000076293945,20.06599998474121,81.87000274658203,2.803499937057495,2781.138916015625,68.33,4.31,16.8
2018-09-26,49.4,49.69,48.52,49.0,99682,0.0012259910093992,6.8763,2806.81298828125,0.0092314958155368,0.3650956575200989,0.3769343181488448,2905.969970703125,12.890000343322754,20.6386661529541,81.33999633789062,2.806999921798706,2806.81298828125,72.89,4.31,18.2
2018-09-27,49.24,49.34,48.24,48.54,62774,-0.0093877551020408,6.888,2791.77490234375,-0.0053577085471264,0.3646198112109542,0.377169652069431,2914.0,12.40999984741211,20.501333236694336,81.72000122070312,2.7644999027252197,2791.77490234375,72.55,4.31,17.0
2018-09-28,48.74,50.02,48.64,49.84,76871,0.026782035434693,6.868,2821.35009765625,0.0105936890856319,0.3574055117236194,0.3806407853795033,2913.97998046875,12.119999885559082,17.65133285522461,82.72000122070312,2.7869999408721924,2821.35009765625,73.0,4.31,17.0
2018-10-08,47.74,48.69,47.16,47.29,111389,-0.051163723916533,6.868,2716.510009765625,-0.0371595457003786,0.4053690148539901,0.3952299357402276,2884.429931640625,15.6899995803833,16.70400047302246,83.91000366210938,2.755000114440918,2716.510009765625,68.45,4.31,14.4
2018-10-09,47.35,48.34,47.35,47.83,41623,0.0114189046310002,6.9217,2721.012939453125,0.0016576157169723,0.3993432571972782,0.3953324472195482,2880.340087890625,15.949999809265137,17.520000457763672,85.0,2.7950000762939453,2721.012939453125,64.9,4.31,11.8
2018-10-10,48.09,48.3,46.19,46.65,88215,-0.0246707087601923,6.9224,2725.8369140625,0.0017728598565005,0.4075370868319303,0.3986725725472908,2785.679931640625,22.959999084472656,17.125333786010742,83.08999633789062,2.7690000534057617,2725.8369140625,64.9,4.31,9.3
2018-10-11,45.15,45.92,43.41,43.56,119795,-0.0662379421221863,6.888,2583.4580078125,-0.0522330978480304,0.4456424444231612,0.4182972072153859,2728.3701171875,24.979999542236328,16.815332412719727,80.26000213623047,2.796999931335449,2583.4580078125,60.45,4.31,10.6
2018-10-12,43.95,47.54,43.95,47.16,129205,0.0826446280991735,6.9182,2606.9130859375,0.0090789469207823,0.5322048009135678,0.4493657379119101,2767.1298828125,21.309999465942383,17.25200080871582,80.43000030517578,2.7929999828338623,2606.9130859375,62.86,4.31,11.4
2018-10-15,47.32,48.59,47.04,47.67,95431,0.0108142493638678,6.9131,2568.097900390625,-0.0148893285918337,0.5326389346104851,0.4490960287973974,2750.7900390625,21.299999237060547,17.305999755859375,80.77999877929688,2.7804999351501465,2568.097900390625,69.15,4.31,13.5
2018-10-16,47.69,48.2,46.02,46.7,64697,-0.0203482273966855,6.9102,2546.330078125,-0.0084762431612571,0.5293866718611914,0.4420211600920004,2809.919921875,17.6200008392334,18.439332962036133,81.41000366210938,2.7704999446868896,2546.330078125,68.85,4.31,13.0
2018-10-17,47.44,48.4,46.62,48.05,110263,0.0289079229122053,6.9263,2561.614013671875,0.0060023386905634,0.5343252871964962,0.4451163103085833,2809.2099609375,17.399999618530273,18.118667602539062,80.05000305175781,2.7669999599456787,2561.614013671875,70.0,4.31,10.6
2018-10-18,47.74,48.04,46.45,46.92,83865,-0.0235171696149842,6.9367,2486.4189453125,-0.0293545662843984,0.5446193497487173,0.4478895539790897,2768.780029296875,20.059999465942383,17.5939998626709,79.29000091552734,2.737499952316284,2486.4189453125,68.03,4.31,10.1
2018-10-19,45.82,48.01,44.74,47.76,119986,0.0179028132992327,6.9291,2550.465087890625,0.0257583874587457,0.5437015271110698,0.4453538396811575,2767.780029296875,19.889999389648438,17.333332061767578,79.77999877929688,2.7679998874664307,2550.465087890625,73.77,4.31,10.6
2018-10-22,48.35,50.94,48.3,50.75,168945,0.062604690117253,6.9446,2654.8759765625,0.0409379799659317,0.5655998895472687,0.4612288455656121,2755.8798828125,19.639999389648438,17.39666748046875,79.83000183105469,2.7739999294281006,2654.8759765625,79.1,4.31,11.4
2018-10-23,50.59,50.73,48.04,49.2,115358,-0.0305418719211821,6.9373,2594.825927734375,-0.0226187774337681,0.58011474375498,0.4657417180812995,2740.68994140625,20.709999084472656,19.609333038330078,76.44000244140625,2.746999979019165,2594.825927734375,78.0,4.31,11.6
2018-10-24,49.04,50.48,48.75,49.51,104537,0.0063008130081299,6.942,2603.294921875,0.0032638004923974,0.5801285066247038,0.464679938397926,2656.10009765625,25.229999542236328,19.233333587646484,76.16999816894531,2.746500015258789,2603.294921875,77.0,4.31,11.9
2018-10-25,48.09,50.49,47.63,50.34,110847,0.0167642900424158,6.9477,2603.800048828125,0.0001940337027819,0.5660931511687364,0.4653851471480592,2705.570068359375,24.219999313354492,20.99066734313965,76.88999938964844,2.748500108718872,2603.800048828125,80.91,4.31,11.1
2018-10-26,50.73,50.88,48.72,49.36,76780,-0.0194676201827573,6.9425,2598.846923828125,-0.0019022678036392,0.5651464103741377,0.464494517850718,2658.68994140625,24.15999984741211,22.059999465942383,77.62000274658203,2.74399995803833,2598.846923828125,74.6,4.31,9.0
2018-10-29,49.37,49.72,47.64,48.12,69284,-0.0251215559157212,6.9605,2542.10302734375,-0.0218342588646163,0.568945754015027,0.4679053390820654,2641.25,24.700000762939453,22.323333740234375,77.33999633789062,2.7385001182556152,2542.10302734375,70.76,4.31,8.8
2018-10-30,48.19,48.48,45.62,47.27,96487,-0.0176641729010804,6.9663,2568.048095703125,0.0102061435277409,0.5652589254492265,0.4688701472459076,2682.6298828125,23.350000381469727,21.99333381652832,75.91000366210938,2.6630001068115234,2568.048095703125,75.0,4.31,8.7
2018-10-31,47.18,48.19,46.84,47.53,61159,0.0055003173259995,6.9737,2602.782958984375,0.0135257837808289,0.5656994394103503,0.4686254674,2711.739990234375,21.229999542236328,22.488000869750977,75.47000122070312,2.6635000705718994,2602.782958984375,74.5,4.31,8.0
2018-11-01,47.97,48.24,45.72,46.44,109020,-0.0229328844940038,6.9205,2606.237060546875,0.0013270801357359,0.5704109310641108,0.4711575989415543,2740.3701171875,19.34000015258789,22.95199966430664,75.5,2.7214999198913574,2606.237060546875,73.61,4.31,8.7
2018-11-02,47.19,48.89,46.44,48.76,139156,0.049956933677864,6.8894,2676.47607421875,0.0269503548756753,0.5912565151330798,0.4713629785002013,2723.06005859375,19.510000228881836,23.0939998626709,72.83000183105469,2.802999973297119,2676.47607421875,78.48,4.31,9.5
2018-11-05,48.74,49.86,47.94,48.99,110088,0.0047169811320755,6.9249,2665.430908203125,-0.0041267568658722,0.5601296117806276,0.4611026511927517,2738.31005859375,19.959999084472656,22.760000228881836,73.16999816894531,2.755500078201294,2665.430908203125,79.39,4.31,5.4
2018-11-06,48.91,48.92,47.64,48.37,55658,-0.0126556440089815,6.9172,2659.35595703125,-0.0022791628750078,0.5614778932167797,0.4579597543935093,2755.449951171875,19.90999984741211,22.737333297729492,72.12999725341797,2.7304999828338623,2659.35595703125,81.57,4.31,5.8
2018-11-07,47.34,48.79,47.33,47.99,69529,-0.0078561091585692,6.9174,2641.342041015625,-0.0067737889574341,0.5543500899691256,0.4576671729933902,2813.889892578125,16.360000610351562,23.21066665649414,72.06999969482422,2.752500057220459,2641.342041015625,79.04,4.31,5.2
2018-11-08,48.42,50.29,48.42,49.72,142159,0.0360491769118564,6.9318,2635.632080078125,-0.0021617650606524,0.5039985890337921,0.4623049632512415,2806.830078125,16.719999313354492,23.426666259765625,70.6500015258789,2.736999988555908,2635.632080078125,77.31,4.31,6.9
2018-11-09,49.54,51.63,49.07,50.74,146773,0.0205148833467418,6.9553,2598.8720703125,-0.0139473221787979,0.4220824173680142,0.4616063676465419,2781.010009765625,17.360000610351562,23.367332458496094,70.18000030517578,2.686500072479248,2598.8720703125,77.75,4.31,8.0
2018-11-12,50.72,52.84,50.44,52.35,133712,0.0317303902246748,6.9553,2630.52001953125,0.0121775710240883,0.4329533662193541,0.4499181182778941,2726.219970703125,20.450000762939453,22.0853328704834,70.12000274658203,2.677999973297119,2630.52001953125,83.25,4.31,6.8
2018-11-13,51.36,53.19,51.24,51.74,105875,-0.0116523400191022,6.9546,2654.8798828125,0.0092604743930406,0.4272523893300324,0.4463139432503866,2722.179931640625,20.020000457763672,22.582000732421875,65.47000122070312,2.687000036239624,2654.8798828125,81.63,4.31,6.6
2018-11-14,51.67,53.54,51.62,52.64,102129,0.0173946656358716,6.95,2632.242919921875,-0.0085265488044017,0.4207836634256889,0.4471916675189678,2701.580078125,21.25,22.933332443237305,66.12000274658203,2.7095000743865967,2632.242919921875,81.0,4.31,7.8
2018-11-15,52.4,53.03,52.1,52.55,69458,-0.001709726443769,6.938,2668.169921875,0.013648817015031,0.4081809942375222,0.4438431291857606,2730.199951171875,19.979999542236328,23.229333877563477,66.62000274658203,2.749000072479248,2668.169921875,81.35,4.31,7.3
2018-11-16,52.74,53.44,51.63,52.29,113241,-0.0049476688867744,6.9367,2679.110107421875,0.004100258179654,0.407395329550926,0.4442059745504892,2736.27001953125,18.139999389648438,23.62066650390625,66.76000213623047,2.803999900817871,2679.110107421875,80.11,4.31,2.7
2018-11-19,52.46,56.04,52.32,55.44,162488,0.0602409638554217,6.9398,2703.511962890625,0.0091081943221185,0.4030136819129931,0.4590291952296807,2690.72998046875,20.100000381469727,23.564666748046875,66.79000091552734,2.804500102996826,2703.511962890625,79.35,4.31,2.2
2018-11-20,54.74,57.72,54.14,56.14,173211,0.0126262626262627,6.9448,2645.85498046875,-0.0213266977225532,0.3814568344902507,0.4420466723484657,2641.889892578125,22.479999542236328,23.166000366210938,62.529998779296875,2.7664999961853027,2645.85498046875,77.77,4.31,3.9
2018-11-21,55.5,56.74,54.84,55.74,94101,-0.0071250445315282,6.9248,2651.5048828125,0.0021353786906148,0.3846948534883653,0.4420180998562019,2649.929931640625,20.799999237060547,22.54599952697754,63.47999954223633,2.7945001125335693,2651.5048828125,78.65,4.31,3.3
2018-11-22,55.39,57.7,55.39,56.04,102002,0.0053821313240043,6.9248,2645.43408203125,-0.0022895680187511,0.3826726141344101,0.4418452855748194,2649.929931640625,20.799999237060547,22.54599952697754,63.47999954223633,2.7945001125335693,2645.43408203125,77.91,4.31,1.3
2018-11-23,56.04,56.41,54.05,54.74,95171,-0.0231977159172019,6.9477,2579.48291015625,-0.0249301890842656,0.3861331665989682,0.4443891627143779,2632.56005859375,21.520000457763672,21.722000122070312,58.79999923706055,2.7704999446868896,2579.48291015625,73.98,4.31,1.4
2018-11-26,54.65,56.04,54.22,54.9,82746,0.0029229082937523,6.9397,2575.81005859375,-0.0014238712526603,0.3691295827737081,0.4418158886081818,2673.449951171875,18.899999618530273,23.066667556762695,60.47999954223633,2.758500099182129,2575.81005859375,74.62,4.31,1.9
2018-11-27,55.29,58.14,55.29,57.99,159156,0.0562841530054645,6.9498,2574.678955078125,-0.0004391253585842,0.3962860409513046,0.4501783214635292,2682.169921875,19.020000457763672,22.92799949645996,60.209999084472656,2.7105000019073486,2574.678955078125,75.6,4.31,4.8
2018-11-28,57.99,59.42,57.05,58.39,120959,0.0068977409898258,6.9534,2601.737060546875,0.0105093124000499,0.3960802918226757,0.4498774561292538,2743.7900390625,18.489999771118164,23.191333770751953,58.7599983215332,2.7960000038146973,2601.737060546875,78.68,4.31,0.0
2018-11-29,58.59,59.84,57.84,58.39,104920,0.0,6.9419,2567.443115234375,-0.0131811726221447,0.3782694756590621,0.4493627991932217,2737.800048828125,18.790000915527344,22.744667053222656,59.5099983215332,2.7780001163482666,2567.443115234375,78.03,4.31,0.2
2018-11-30,58.17,59.14,57.16,57.74,89648,-0.011132043158075,6.9558,2588.18798828125,0.0080799737777175,0.3581098648004589,0.4456577682463812,2760.169921875,18.06999969482422,23.365333557128906,58.709999084472656,2.7774999141693115,2588.18798828125,80.03,4.31,0.3
2018-12-03,59.09,59.66,56.32,56.82,194258,-0.0159334949774853,6.8798,2654.798095703125,0.0257361937090625,0.3685253371704723,0.4463736048795603,2790.3701171875,16.440000534057617,23.89933204650879,61.689998626708984,2.799499988555908,2654.798095703125,80.85,4.31,3.7
2018-12-04,56.14,57.58,55.85,57.06,118280,0.0042238648363253,6.8343,2665.9580078125,0.0042036764029014,0.3609575498048744,0.4440806749263017,2700.06005859375,20.739999771118164,23.979999542236328,62.08000183105469,2.748500108718872,2665.9580078125,82.3,4.31,-1.2
2018-12-05,56.39,58.89,55.88,58.67,156248,0.0282159130739572,6.8343,2649.804931640625,-0.0060590137296007,0.3619402897069323,0.4457392035228321,2700.06005859375,20.739999771118164,23.979999542236328,62.08000183105469,2.748500108718872,2649.804931640625,81.37,4.31,-2.6
2018-12-06,58.25,58.54,55.62,56.09,135825,-0.043974774160559,6.8816,2605.180908203125,-0.0168404937679208,0.3963755321002831,0.4454307987883805,2695.949951171875,21.190000534057617,24.20400047302246,60.060001373291016,2.740499973297119,2605.180908203125,79.01,4.31,-4.6
2018-12-07,56.64,58.64,56.29,57.63,126354,0.0274558744874309,6.8733,2605.887939453125,0.0002713943004011,0.4004133112276232,0.4478220972429158,2633.080078125,23.229999542236328,23.864667892456055,61.66999816894531,2.757499933242798,2605.887939453125,79.7,4.31,-7.6
2018-12-10,56.76,57.29,55.79,56.13,115499,-0.0260281103591879,6.9077,2584.58203125,-0.0081760646267836,0.404959983226722,0.4523574947541225,2637.719970703125,22.639999389648438,24.343332290649414,59.970001220703125,2.7184998989105225,2584.58203125,78.29,4.31,-5.6
2018-12-11,56.46,58.08,56.44,56.9,111478,0.0137181542846962,6.8968,2594.087890625,0.0036779097200496,0.4021261289898575,0.4484612519822957,2636.780029296875,21.760000228881836,24.450666427612305,60.20000076293945,2.7660000324249268,2594.087890625,78.56,4.31,-5.2
2018-12-12,57.44,59.22,57.34,58.99,131204,0.036731107205624,6.8778,2602.153076171875,0.0031090641053537,0.4156204589561513,0.4525192767127935,2651.070068359375,21.459999084472656,24.440000534057617,60.150001525878906,2.7685000896453857,2602.153076171875,81.5,4.31,-4.8
2018-12-13,58.99,59.3,57.86,59.14,101065,0.0025428038650618,6.8798,2634.049072265625,0.0122575402599578,0.4148431846711209,0.4523778596507506,2650.5400390625,20.649999618530273,25.119333267211914,61.45000076293945,2.762500047683716,2634.049072265625,82.11,4.31,-2.4
2018-12-14,59.11,59.73,57.64,58.04,92911,-0.0185999323638823,6.905,2593.740966796875,-0.0153027162223974,0.4224887282731183,0.4540376684791463,2599.949951171875,21.6299991607666,24.380666732788086,60.279998779296875,2.760499954223633,2593.740966796875,79.34,4.31,-4.2
2018-12-17,57.41,57.74,54.74,55.63,142956,-0.0415230875258442,6.8962,2597.97412109375,0.0016320651719137,0.4017225602488651,0.4568733375951426,2545.93994140625,24.520000457763672,23.22800064086914,59.61000061035156,2.753000020980835,2597.97412109375,80.16,4.31,0.6
2018-12-18,54.79,56.84,54.72,55.78,91365,0.002696386841632,6.8939,2576.64990234375,-0.0082080181541694,0.3992775372711707,0.456812437001672,2546.159912109375,25.579999923706055,22.468666076660156,56.2599983215332,2.6710000038146973,2576.64990234375,79.55,4.31,0.9
2018-12-19,55.95,56.69,54.12,54.24,113363,-0.0276084618142703,6.8918,2549.56298828125,-0.0105124541901721,0.4105709305280833,0.4612892954520535,2506.9599609375,25.579999923706055,22.197999954223633,57.2400016784668,2.7214999198913574,2549.56298828125,79.5,4.31,0.5
2018-12-20,54.25,55.08,53.57,54.61,104322,0.0068215339233037,6.8834,2536.26806640625,-0.005214588514231,0.410901504578241,0.4545943213239406,2467.419921875,28.3799991607666,21.025333404541016,54.349998474121094,2.7019999027252197,2536.26806640625,77.34,4.31,-0.5
2018-12-21,54.35,54.93,52.66,53.72,103209,-0.0162973814319721,6.9048,2516.2509765625,-0.0078923399733976,0.4066598299993902,0.4536111919059679,2416.6201171875,30.110000610351562,21.31800079345703,53.81999969482422,2.678499937057495,2516.2509765625,78.5,4.31,0.7
2018-12-24,53.47,54.18,52.82,53.95,81601,0.0042814594192108,6.9048,2527.007080078125,0.004274654482328,0.4068457771487583,0.4517153351067238,2351.10009765625,36.06999969482422,19.69266700744629,50.470001220703125,2.6684999465942383,2527.007080078125,78.03,4.31,-5.1
2018-12-25,53.34,53.73,51.62,52.96,112456,-0.0183503243744207,6.9048,2504.819091796875,-0.0087803427446526,0.3509526234524726,0.4512181221409056,2351.10009765625,36.06999969482422,19.69266700744629,50.470001220703125,2.6684999465942383,2504.819091796875,77.2,4.31,-2.3
2018-12-26,52.98,53.42,51.74,51.74,77391,-0.023036253776435,6.8847,2498.2939453125,-0.0026050370287197,0.3543612683914425,0.4540600768423334,2467.699951171875,30.40999984741211,21.73933219909668,54.470001220703125,2.7084999084472656,2498.2939453125,75.9,4.31,-5.7
2018-12-27,52.85,53.19,51.5,51.58,100762,-0.0030923850019327,6.8649,2483.0859375,-0.0060873572707624,0.3538607951900943,0.4536098778129872,2488.830078125,29.959999084472656,21.075332641601562,52.15999984741211,2.6675000190734863,2483.0859375,75.78,4.31,-9.6
2018-12-28,51.6,52.14,50.85,51.74,82507,0.0031019775106631,6.8755,2493.89599609375,0.0043534774332594,0.354699318336853,0.4505384494716709,2485.739990234375,28.34000015258789,22.257999420166016,52.20000076293945,2.678999900817871,2493.89599609375,73.8,4.31,-9.8
2019-01-02,51.76,52.13,49.72,49.91,85554,-0.0353691534596057,6.8597,2465.291015625,-0.0114699973509539,0.3689011053406635,0.4438382246640311,2510.030029296875,23.219999313354492,20.674667358398438,54.90999984741211,2.625,2465.291015625,73.66,4.31,-5.4
2019-01-03,50.0,50.61,48.72,48.8,83478,-0.0222400320577038,6.8708,2464.363037109375,-0.0003764174329697,0.3709334846656684,0.4459095321496014,2447.889892578125,25.450000762939453,20.02400016784668,55.95000076293945,2.570499897003174,2464.363037109375,73.83,4.31,-4.7
2019-01-04,48.54,51.74,48.25,51.39,126538,0.0530737704918033,6.8663,2514.867919921875,0.0204940920034819,0.4110307344072011,0.455367303833877,2531.93994140625,21.3799991607666,21.179332733154297,57.060001373291016,2.6514999866485596,2514.867919921875,76.96,4.31,-3.2
2019-01-07,51.59,52.62,50.74,52.13,136046,0.0143996886553805,6.8501,2533.089111328125,0.0072453870288409,0.3918168122070948,0.4331915507973126,2549.68994140625,21.399999618530273,22.33066749572754,57.33000183105469,2.6410000324249268,2533.089111328125,77.42,4.31,-3.6
2019-01-08,53.04,54.38,52.79,53.62,147052,0.0285823901784001,6.8519,2526.4619140625,-0.0026162511362066,0.3930107334081772,0.4041217117539324,2574.409912109375,20.469999313354492,22.356666564941406,58.720001220703125,2.6605000495910645,2526.4619140625,79.33,4.31,-4.1
2019-01-09,52.54,53.74,49.24,51.2,262205,-0.0451324132786272,6.8117,2544.344970703125,0.0070783005043877,0.4130000030322948,0.4152908836257885,2584.9599609375,19.979999542236328,22.568666458129883,61.439998626708984,2.6619999408721924,2544.344970703125,77.98,4.31,-4.6
2019-01-10,50.64,50.93,49.38,49.59,153456,-0.0314453124999999,6.7875,2535.09912109375,-0.0036338820858949,0.4180018134093288,0.4183983634033452,2596.639892578125,19.5,22.99799919128418,61.68000030517578,2.6435000896453857,2535.09912109375,76.28,4.31,-3.3
2019-01-11,49.24,50.03,49.12,49.76,96800,0.0034281105061502,6.7596,2553.8310546875,0.007389033997877,0.3879290598457256,0.414467733584002,2596.260009765625,18.190000534057617,23.150667190551758,60.47999954223633,2.6695001125335693,2553.8310546875,75.29,4.31,-1.2
2019-01-14,49.94,49.95,48.05,49.54,109746,-0.0044212218649517,6.7596,2535.764892578125,-0.0070741414457369,0.3861575636864829,0.4114967012794528,2582.610107421875,19.06999969482422,22.293333053588867,58.9900016784668,2.6454999446868896,2535.764892578125,76.08,4.31,-1.6
2019-01-15,49.13,49.7,48.59,49.54,83531,0.0,6.7595,2570.344970703125,0.0136369417473252,0.3853719898792439,0.4100321831193075,2610.300048828125,18.600000381469727,22.961999893188477,60.63999938964844,2.6505000591278076,2570.344970703125,77.37,4.31,-5.8
2019-01-16,49.54,49.86,49.06,49.67,65924,0.002624142107388,6.7532,2570.422119140625,3.0014818391821407e-05,0.3651715497021808,0.3894079324212545,2616.10009765625,19.040000915527344,23.06999969482422,61.31999969482422,2.69350004196167,2570.422119140625,76.67,4.31,-4.8
2019-01-17,49.64,49.65,48.07,48.23,98744,-0.0289913428628951,6.7735,2559.636962890625,-0.0041958696860288,0.373091517340843,0.3889022472924794,2635.9599609375,18.059999465942383,23.15399932861328,61.18000030517578,2.700000047683716,2559.636962890625,76.66,4.31,-1.6
2019-01-18,48.23,48.23,46.78,47.56,125996,-0.0138917686087496,6.7765,2596.006103515625,0.0142087105133565,0.3661468309840592,0.3896972361819668,2670.7099609375,17.799999237060547,20.150667190551758,62.70000076293945,2.740999937057495,2596.006103515625,75.4,4.31,-1.1
2019-01-21,47.5,49.0,46.86,48.95,131233,0.0292262405382675,6.7765,2610.509033203125,0.0055866315829764,0.3849484366509829,0.3928623005922941,2670.7099609375,17.799999237060547,20.150667190551758,62.70000076293945,2.740999937057495,2610.509033203125,75.24,4.31,0.4
2019-01-22,48.8,49.54,48.34,48.44,84094,-0.0104187946884577,6.8072,2579.7041015625,-0.0118003543557276,0.3832580354527431,0.391398554312231,2632.89990234375,20.799999237060547,19.92799949645996,61.5,2.688999891281128,2579.7041015625,74.27,4.31,2.5
2019-01-23,48.16,49.62,48.07,49.54,96620,0.0227085053674649,6.7897,2581.00390625,0.0005038580536087,0.3945187000720735,0.3905686559132249,2638.699951171875,19.520000457763672,19.172666549682617,61.13999938964844,2.694000005722046,2581.00390625,75.44,4.31,1.6
2019-01-24,49.67,49.71,48.4,49.26,71712,-0.0056519983851432,6.7835,2591.694091796875,0.0041418711227008,0.3909350751252458,0.3889180675162868,2642.330078125,18.889999389648438,19.43400001525879,61.09000015258789,2.6735000610351562,2591.694091796875,75.17,4.31,-1.2
2019-01-25,49.29,50.38,48.93,49.92,100929,0.0133982947624848,6.7448,2601.722900390625,0.0038695958081984,0.3879539011215372,0.3896462333472543,2664.760009765625,17.420000076293945,19.80266761779785,61.63999938964844,2.73799991607666,2601.722900390625,77.44,4.31,-0.2
2019-01-28,49.94,50.59,49.02,49.2,86254,-0.0144230769230768,6.7437,2596.97705078125,-0.0018241180137448,0.390644098990577,0.3877891252776825,2643.85009765625,18.8700008392334,19.7586669921875,59.93000030517578,2.6875,2596.97705078125,76.07,4.31,-0.4
2019-01-29,49.19,49.19,47.77,48.74,61503,-0.009349593495935,6.7304,2594.25390625,-0.0010485824395062,0.3909569902843566,0.3748054490422028,2640.0,19.1299991607666,19.83066749572754,61.31999969482422,2.7320001125335693,2594.25390625,76.68,4.31,-1.0
2019-01-30,48.69,49.01,47.64,47.89,83426,-0.0174394747640541,6.7115,2575.575927734375,-0.0071997495968403,0.3759756383032989,0.3764285204794997,2681.050048828125,17.65999984741211,20.584667205810547,61.650001525878906,2.7730000019073486,2575.575927734375,76.2,4.31,0.3
2019-01-31,47.84,48.23,47.01,47.16,71885,-0.0152432658174984,6.6958,2584.572021484375,0.0034928474261342,0.3717264280238699,0.3768341906013527,2704.10009765625,16.56999969482422,20.468000411987305,61.88999938964844,2.7890000343322754,2584.572021484375,76.12,4.31,-3.6
2019-02-01,47.49,49.05,47.25,49.01,91780,0.039228159457167,6.7426,2618.23193359375,0.0130233987792081,0.3472340154200235,0.3849861553729319,2706.530029296875,16.139999389648438,20.81399917602539,61.869998931884766,2.7750000953674316,2618.23193359375,78.4,4.31,-3.0
2019-02-11,49.54,51.07,49.54,50.94,128871,0.0393797184248112,6.7907,2653.89599609375,0.0136214298062768,0.3733550193716655,0.3863526941211806,2709.800048828125,15.970000267028809,20.856000900268555,61.5099983215332,2.7915000915527344,2653.89599609375,81.0,4.31,-3.7
2019-02-12,50.95,51.89,50.62,51.32,102992,0.0074597565763643,6.7726,2671.89404296875,0.0067817453666199,0.358470633133002,0.3844134673189462,2744.72998046875,15.430000305175781,20.78733253479004,62.41999816894531,2.7744998931884766,2671.89404296875,81.0,4.31,-4.1
2019-02-13,51.32,52.83,51.06,52.31,122965,0.0192907248636009,6.7598,2721.068115234375,0.0184041999700659,0.3271037728729972,0.3809230935467183,2753.030029296875,15.649999618530273,20.544666290283203,63.61000061035156,2.7739999294281006,2721.068115234375,81.7,4.31,-4.9
2019-02-14,52.59,54.8,52.59,54.46,169124,0.0411011278914166,6.7711,2719.699951171875,-0.000502804047734,0.3321851363261888,0.3891255432464805,2745.72998046875,16.219999313354492,20.251333236694336,64.56999969482422,2.7760000228881836,2719.699951171875,84.72,4.31,-4.1
2019-02-15,54.14,54.14,52.26,52.41,152916,-0.0376423062798384,6.768,2682.385009765625,-0.0137202419664609,0.3649721949910137,0.3956037724580938,2775.60009765625,14.90999984741211,20.525333404541016,66.25,2.802500009536743,2682.385009765625,82.42,4.31,-3.5
2019-02-18,52.67,53.53,52.38,53.19,168185,0.0148826559816828,6.768,2754.35693359375,0.0268313174902561,0.3663032816678967,0.3967160644845469,2775.60009765625,14.90999984741211,20.525333404541016,66.25,2.802500009536743,2754.35693359375,84.46,4.31,-0.4
2019-02-19,53.24,53.4,51.73,52.48,144365,-0.0133483737544651,6.756,2755.64599609375,0.0004680085156276,0.3711779250715989,0.3975820360098274,2779.760009765625,14.880000114440918,20.375999450683594,66.44999694824219,2.881500005722046,2755.64599609375,82.29,4.31,1.0
2019-02-20,52.54,53.54,52.28,53.1,124999,0.011814024390244,6.756,2761.218994140625,0.0020223925913469,0.372438194006199,0.3783549377931283,2784.699951171875,14.020000457763672,20.17066764831543,67.08000183105469,2.930000066757202,2761.218994140625,83.17,4.31,0.4
2019-02-21,53.04,53.75,52.3,52.68,126056,-0.007909604519774,6.7195,2751.801025390625,-0.0034108010882096,0.3550801255682664,0.3776658827748901,2774.8798828125,14.460000038146973,19.415332794189453,67.06999969482422,2.9024999141693115,2751.801025390625,83.33,4.31,1.1
2019-02-22,52.54,52.62,51.64,52.62,119678,-0.0011389521640091,6.7112,2804.22607421875,0.0190511771543087,0.3490784868954992,0.3774356693706458,2792.669921875,13.510000228881836,19.6473331451416,67.12000274658203,2.9609999656677246,2804.22607421875,84.37,4.31,3.2
2019-02-25,52.62,55.87,52.24,55.8,258382,0.0604332953249715,6.6844,2961.282958984375,0.0560072121893313,0.3923470078495344,0.3975404258359232,2796.110107421875,14.850000381469727,19.917999267578125,64.76000213623047,2.950000047683716,2961.282958984375,91.32,4.31,3.6
2019-02-26,57.94,59.41,57.18,57.48,291996,0.0301075268817203,6.698,2941.51611328125,-0.0066750952127534,0.3950429966308602,0.3991269958326839,2793.89990234375,15.170000076293945,19.857332229614258,65.20999908447266,2.944000005722046,2941.51611328125,88.5,4.31,3.6
2019-02-27,56.94,56.99,54.89,55.7,228543,-0.0309672929714682,6.6822,2953.823974609375,0.0041841896675505,0.4155423796099972,0.404481476193177,2792.3798828125,14.699999809265137,20.982667922973633,66.38999938964844,2.9590001106262207,2953.823974609375,86.05,4.31,4.3
2019-02-28,55.86,55.96,54.9,55.25,94237,-0.0080789946140036,6.6912,2940.9541015625,-0.0043570209861868,0.4165484967004798,0.3877698953638981,2784.489990234375,14.779999732971191,21.325332641601562,66.02999877929688,2.950000047683716,2940.9541015625,87.7,4.31,5.5
2019-03-01,55.62,55.72,53.62,54.54,174563,-0.0128506787330316,6.7048,2994.0048828125,0.0180386294440346,0.4208288539973902,0.3882693696066231,2803.68994140625,13.569999694824219,19.652666091918945,65.06999969482422,2.933500051498413,2994.0048828125,90.03,4.31,6.8
2019-03-04,54.74,55.53,53.47,54.42,302258,-0.0022002200220021,6.7045,3027.575927734375,0.0112127555685008,0.415641618890644,0.3882751396409405,2792.81005859375,14.630000114440918,19.02400016784668,65.66999816894531,2.9110000133514404,3027.575927734375,92.39,4.31,8.5
2019-03-05,54.4,54.97,53.74,54.82,196306,0.0073502388827637,6.706,3054.2470703125,0.0088094050206311,0.4120054599499179,0.3880382339557932,2789.64990234375,14.739999771118164,18.43600082397461,65.86000061035156,2.936000108718872,3054.2470703125,92.6,4.31,9.6
2019-03-06,55.24,55.7,54.24,55.18,220522,0.006566946369938,6.7099,3102.09912109375,0.01566738043113,0.4024289487650558,0.386972114143998,2771.449951171875,15.739999771118164,18.416000366210938,65.98999786376953,2.9184999465942383,3102.09912109375,91.2,4.31,6.3
2019-03-07,54.84,54.84,53.75,54.12,182839,-0.0192098586444364,6.7132,3106.41796875,0.0013922339318181,0.4056242632749771,0.3888043659537639,2748.929931640625,16.59000015258789,18.439332962036133,66.30000305175781,2.9114999771118164,3106.41796875,87.89,4.31,4.8
2019-03-08,53.74,53.74,51.79,51.86,185282,-0.0417590539541758,6.7201,2969.861083984375,-0.0439595978839172,0.4223700619301586,0.3930862169613154,2743.070068359375,16.049999237060547,18.94266700744629,65.73999786376953,2.8940000534057617,2969.861083984375,84.97,4.31,6.1
2019-03-11,51.84,53.22,51.84,53.11,126197,0.0241033551870419,6.7215,3026.992919921875,0.0192372081797347,0.4082418071829137,0.3865600602684672,2783.300048828125,14.329999923706055,19.39466667175293,66.58000183105469,2.9000000953674316,3026.992919921875,87.92,4.31,8.0
2019-03-12,53.14,53.62,52.45,52.73,138615,-0.0071549614008661,6.707,3060.306884765625,0.0110056302492473,0.4091346371839972,0.3823078198508409,2791.52001953125,13.770000457763672,18.890666961669922,66.66999816894531,2.927500009536743,3060.306884765625,91.07,4.31,5.6
2019-03-13,52.52,53.51,52.04,52.74,127210,0.0001896453631708,6.7064,3026.950927734375,-0.0108995464465664,0.4038067882562082,0.3787938578977829,2810.919921875,13.40999984741211,19.263999938964844,67.55000305175781,2.933500051498413,3026.950927734375,88.08,4.31,7.9
2019-03-14,52.75,55.89,52.75,55.31,350367,0.0487296169890025,6.7209,2990.68505859375,-0.0119809901139591,0.4146874057362953,0.3911048680379823,2808.47998046875,13.5,19.33066749572754,67.2300033569336,2.8884999752044678,2990.68505859375,88.95,4.31,8.1
2019-03-15,55.79,56.94,54.87,56.13,255426,0.0148255288374616,6.7129,3021.7509765625,0.0103875591578865,0.3908157175148189,0.3848015424097322,2822.47998046875,12.880000114440918,18.36199951171875,67.16000366210938,2.9035000801086426,3021.7509765625,89.83,4.31,8.1
2019-03-18,56.24,57.18,56.13,56.4,154589,0.0048102618920362,6.7121,3096.41796875,0.0247098429905829,0.3886290703970183,0.3849071905158126,2832.93994140625,13.100000381469727,17.965999603271484,67.54000091552734,2.9035000801086426,3096.41796875,89.28,4.31,12.7
2019-03-19,56.89,57.4,56.25,56.73,124060,0.0058510638297872,6.7106,3090.97509765625,-0.001757795991588,0.3837202925349642,0.3832552538484517,2832.570068359375,13.5600004196167,17.83133316040039,67.61000061035156,2.9195001125335693,3090.97509765625,88.6,4.31,14.9
2019-03-20,56.99,57.41,55.59,56.14,122723,-0.0104001410188612,6.6916,3090.639892578125,-0.0001084463858602,0.3859507132976351,0.3740838480406986,2824.22998046875,13.90999984741211,18.239999771118164,68.5,2.9154999256134033,3090.639892578125,87.17,4.31,15.6
2019-03-21,56.14,56.72,55.38,55.79,109002,-0.0062344139650872,6.6952,3101.455078125,0.003499335387745,0.385364298548156,0.37429975505401,2854.8798828125,13.630000114440918,18.26799964904785,67.86000061035156,2.9000000953674316,3101.455078125,87.12,4.31,7.8
2019-03-22,55.89,58.32,55.73,57.74,173033,0.034952500448109,6.7162,3104.14892578125,0.0008685754229522,0.4010155636559002,0.3763474024687394,2800.7099609375,16.479999542236328,17.635332107543945,67.02999877929688,2.8359999656677246,3104.14892578125,86.58,4.31,6.9
2019-03-25,56.74,58.71,56.46,57.24,124562,-0.0086595081399376,6.7079,3043.031005859375,-0.0196891068641279,0.3453706982108974,0.3767174463266502,2798.360107421875,16.329999923706055,17.3613338470459,67.20999908447266,2.8494999408721924,3043.031005859375,89.0,4.31,12.3
2019-03-26,57.74,58.29,55.82,55.99,105549,-0.0218378756114605,6.7145,2997.094970703125,-0.0150954870547818,0.337429941037344,0.3779767606762753,2818.4599609375,14.680000305175781,17.851333618164062,67.97000122070312,2.8505001068115234,2997.094970703125,85.3,4.31,11.4
2019-03-27,55.51,57.29,54.44,55.45,147450,-0.0096445793891766,6.7262,3022.719970703125,0.0085499459478217,0.3204584019360808,0.378532228825608,2805.3701171875,15.149999618530273,18.32200050354004,67.83000183105469,2.8580000400543213,3022.719970703125,83.41,4.31,11.6
2019-03-28,56.39,56.4,53.24,53.51,167947,-0.0349864743011723,6.7381,2994.943115234375,-0.0091893578425952,0.3428692759811158,0.383616046052345,2815.43994140625,14.430000305175781,18.57466697692871,67.81999969482422,2.868499994277954,2994.943115234375,83.2,4.31,6.7
2019-03-29,53.6,54.3,52.9,54.23,128354,0.0134554288917958,6.7112,3090.758056640625,0.0319922408271691,0.343908347845098,0.3813535996824731,2834.39990234375,13.710000038146973,18.657333374023438,68.38999938964844,2.936000108718872,3090.758056640625,85.0,4.31,6.6
2019-04-01,54.28,55.53,54.04,55.19,160698,0.0177023787571455,6.7102,3170.361083984375,0.0257551791130075,0.3494788312831356,0.3827637839483879,2867.18994140625,13.399999618530273,19.278667449951172,69.01000213623047,2.9205000400543213,3170.361083984375,86.35,4.31,9.1
2019-04-02,55.35,55.72,54.74,55.42,128437,0.0041674216343541,6.7223,3176.822998046875,0.0020382265273011,0.3488857356091575,0.382790100107151,2867.239990234375,13.359999656677246,19.058666229248047,69.37000274658203,2.9040000438690186,3176.822998046875,84.98,4.31,10.3
2019-04-03,55.45,55.64,54.91,55.13,101703,-0.0052327679538072,6.7098,3216.294921875,0.0124249679168126,0.3488010711396927,0.3753255448046889,2873.39990234375,13.739999771118164,19.45400047302246,69.30999755859375,2.946500062942505,3216.294921875,84.48,4.31,11.2
2019-04-04,55.28,56.38,55.16,55.93,147706,0.0145111554507526,6.7167,3246.571044921875,0.0094133541177949,0.3444453417315692,0.3727643681047149,2879.389892578125,13.579999923706055,17.851999282836914,69.4000015258789,2.9084999561309814,3246.571044921875,84.17,4.31,17.6
2019-04-08,56.22,56.36,53.64,54.18,165600,-0.0312891113892365,6.7158,3244.81005859375,-0.0005424142283531,0.3284918667818023,0.3639106013196858,2895.77001953125,13.180000305175781,18.213333129882812,71.0999984741211,2.929500102996826,3244.81005859375,82.29,4.31,11.1
2019-04-09,54.29,56.04,54.29,55.67,133049,0.02750092284976,6.7111,3239.6640625,-0.0015859159706809,0.3316760552098154,0.3669276864683016,2878.199951171875,14.279999732971191,18.15399932861328,70.61000061035156,2.93149995803833,3239.6640625,83.91,4.31,8.6
2019-04-10,55.69,57.04,54.41,56.26,176455,0.0105981677743847,6.7153,3241.929931640625,0.0006994148457715,0.3307625324581027,0.3630589234045888,2888.2099609375,13.300000190734863,18.40399932861328,71.7300033569336,2.922499895095825,3241.929931640625,82.24,4.31,10.9
2019-04-11,56.52,58.14,55.47,55.67,183873,-0.0104870245289725,6.7188,3189.9619140625,-0.016029963223735,0.334310704997541,0.3509743647779419,2888.320068359375,13.020000457763672,17.89466667175293,70.83000183105469,2.885999917984009,3189.9619140625,80.72,4.31,13.3
2019-04-12,55.49,55.49,54.41,54.83,89460,-0.0150889168313275,6.7039,3188.6259765625,-0.000418794185006,0.2924474853360477,0.3459546242237613,2907.409912109375,12.010000228881836,17.84666633605957,71.55000305175781,2.946000099182129,3188.6259765625,81.98,4.31,14.4
2019-04-15,55.2,55.98,54.07,54.28,100201,-0.0100310049243114,6.7072,3177.787109375,-0.0033992281525552,0.2887114502888267,0.3468004971804093,2905.580078125,12.319999694824219,17.7586669921875,71.18000030517578,2.934000015258789,3177.787109375,80.97,4.31,17.8
2019-04-16,54.28,57.79,54.04,57.47,210096,0.0587693441414884,6.7112,3253.597900390625,0.0238564725723666,0.3593005112656409,0.365713394050583,2907.06005859375,12.180000305175781,18.224000930786133,71.72000122070312,2.930500030517578,3253.597900390625,82.27,4.31,19.3
2019-04-17,58.84,63.14,58.84,63.14,491714,0.0986601705237515,6.687,3263.117919921875,0.0029259975641449,0.4991241485056283,0.4151171590829238,2900.449951171875,12.600000381469727,18.082000732421875,71.62000274658203,2.9755001068115234,3263.117919921875,86.11,4.31,21.1
2019-04-18,63.04,63.05,59.64,60.06,314697,-0.0487804878048779,6.7081,3250.200927734375,-0.0039584815824887,0.5331043197006716,0.4291757038852044,2905.030029296875,12.09000015258789,18.21733283996582,71.97000122070312,2.927500009536743,3250.200927734375,84.65,4.31,18.6
2019-04-19,59.75,62.54,59.25,60.87,174364,0.0134865134865134,6.7032,3270.797119140625,0.0063368978916042,0.5327267669994392,0.4242306049664265,2905.030029296875,12.09000015258789,18.21733283996582,71.97000122070312,2.927500009536743,3270.797119140625,83.2,4.31,14.8
2019-04-22,60.74,60.87,57.93,58.45,152525,-0.0397568588795793,6.7112,3215.04296875,-0.0170460436278218,0.5427194809038961,0.4321872452471534,2907.969970703125,12.420000076293945,17.516666412353516,74.04000091552734,2.9065001010894775,3215.04296875,81.23,4.31,17.4
2019-04-23,58.49,58.65,57.35,57.7,99686,-0.0128314798973481,6.7249,3198.593994140625,-0.0051162534277948,0.5439206250801494,0.4302096087513718,2933.679931640625,12.279999732971191,17.593332290649414,74.51000213623047,2.8984999656677246,3198.593994140625,78.17,4.31,21.6
2019-04-24,58.18,58.91,57.39,58.89,112923,0.0206239168110917,6.7207,3201.614013671875,0.0009441709503557,0.5412085916787835,0.4307467942192264,2927.25,13.140000343322754,17.243999481201172,74.56999969482422,2.9175000190734863,3201.614013671875,79.78,4.31,15.0
2019-04-25,58.44,58.44,56.74,56.9,92925,-0.0337918152487689,6.7418,3123.825927734375,-0.0242965221932816,0.5553342377910621,0.4355869940361515,2926.169921875,13.25,16.5086669921875,74.3499984741211,2.877500057220459,3123.825927734375,79.1,4.31,11.4
2019-04-26,56.83,57.33,55.87,56.1,82089,-0.0140597539543056,6.7282,3086.39892578125,-0.011981141977482,0.5417196842944861,0.4366131326585279,2939.8798828125,12.729999542236328,15.675999641418457,72.1500015258789,2.9700000286102295,3086.39892578125,79.35,4.31,13.6
2019-04-29,57.24,57.72,56.19,56.39,105128,0.005169340463458,6.7332,3086.39892578125,0.0,0.5403763809135086,0.4360640160787701,2943.030029296875,13.109999656677246,16.097999572753906,72.04000091552734,2.8949999809265137,3086.39892578125,79.78,4.31,15.3
2019-04-30,56.29,57.64,55.99,57.64,79274,0.0221670508955489,6.7347,3086.39892578125,0.0,0.5422722350599614,0.4364827263131832,2945.830078125,13.119999885559082,15.912667274475098,72.80000305175781,2.9014999866485596,3086.39892578125,79.76,4.31,18.0
2019-05-06,55.62,56.02,52.58,52.79,135544,-0.0841429562803608,6.7602,2906.464111328125,-0.0582992732890413,0.6236355315118225,0.4710707229379812,2932.469970703125,15.4399995803833,17.022666931152344,71.23999786376953,2.8369998931884766,2906.464111328125,75.7,4.31,17.7
2019-05-07,53.16,54.32,52.81,53.75,85742,0.0181852623602956,6.7755,2926.39111328125,0.0068560977152472,0.6274048196101735,0.4705259850993584,2884.050048828125,19.31999969482422,16.470666885375977,69.87999725341797,2.7939999103546143,2926.39111328125,75.85,4.31,20.4
2019-05-08,52.77,54.06,52.15,52.59,98147,-0.0215813953488371,6.7818,2893.757080078125,-0.0111516307765621,0.6290076586328398,0.4717162862084087,2879.419921875,19.399999618530273,16.32266616821289,70.37000274658203,2.7855000495910645,2893.757080078125,74.61,4.31,19.7
2019-05-09,52.64,52.99,51.41,51.85,74264,-0.0140711161817836,6.8256,2850.9541015625,-0.0147914898628842,0.621418826391726,0.4664882082181927,2870.719970703125,19.100000381469727,16.131999969482422,70.38999938964844,2.7834999561309814,2850.9541015625,72.7,4.31,22.5
2019-05-10,52.6,53.06,50.44,53.0,90465,0.0221793635486982,6.8217,2939.2109375,0.0309569473212949,0.6184077649228588,0.4618091695391026,2881.39990234375,16.040000915527344,15.968000411987305,70.62000274658203,2.7850000858306885,2939.2109375,74.1,4.31,22.6
2019-05-13,52.94,52.94,51.24,51.76,64961,-0.0233962264150944,6.8765,2903.712890625,-0.0120774070421748,0.6211793646048155,0.4643096775146075,2811.8701171875,20.549999237060547,15.133999824523926,70.2300033569336,2.7295000553131104,2903.712890625,71.59,4.31,17.6
2019-05-14,51.19,51.74,50.84,50.93,62975,-0.0160355486862441,6.8737,2883.611083984375,-0.0069227941596864,0.6223255289391587,0.4638669829766517,2834.409912109375,18.059999465942383,15.487333297729492,71.23999786376953,2.734499931335449,2883.611083984375,72.16,4.31,19.8
2019-05-15,51.35,52.07,51.07,52.03,68027,0.021598272138229,6.8742,2938.677978515625,0.019096505363394,0.6270410701778496,0.4581679656162971,2850.9599609375,16.440000534057617,15.463333129882812,71.7699966430664,2.753499984741211,2938.677978515625,74.98,4.31,23.0
2019-05-16,51.99,52.63,51.94,52.21,58377,0.0034595425715933,6.8832,2955.7109375,0.0057961297933633,0.6265440688675439,0.4515759324508715,2876.320068359375,15.289999961853027,15.222000122070312,72.62000274658203,2.758500099182129,2955.7109375,74.33,4.31,25.3
2019-05-17,52.04,52.19,50.74,50.96,67505,-0.0239417736065887,6.9182,2882.2958984375,-0.0248383690472099,0.5892073923608935,0.453239146101577,2859.530029296875,15.960000038146973,14.0686674118042,72.20999908447266,2.747999906539917,2882.2958984375,72.25,4.31,24.2
2019-05-20,51.14,51.16,49.24,49.74,78296,-0.0239403453689167,6.9111,2870.60498046875,-0.0040561130365163,0.445333193651851,0.4550561958570312,2840.22998046875,16.309999465942383,13.690667152404785,71.97000122070312,2.7360000610351562,2870.60498046875,69.69,4.31,18.8
2019-05-21,49.9,50.35,49.44,50.14,59861,0.0080418174507439,6.9007,2905.968994140625,0.0123193591289945,0.4275174596994551,0.4546860010102442,2864.360107421875,14.949999809265137,13.67199993133545,72.18000030517578,2.7235000133514404,2905.968994140625,70.15,4.31,21.8
2019-05-22,50.23,50.25,49.34,49.67,52623,-0.0093737534902272,6.9054,2891.705078125,-0.0049084887156007,0.4194559011660457,0.4547970431907454,2856.27001953125,14.75,12.84866714477539,70.98999786376953,2.686000108718872,2891.705078125,69.37,4.31,24.1
2019-05-23,50.04,50.22,48.21,48.33,107057,-0.026978055164083,6.9087,2852.514892578125,-0.0135526218919552,0.4096799865214601,0.4580044159732522,2822.239990234375,16.920000076293945,13.03266716003418,67.76000213623047,2.686500072479248,2852.514892578125,67.48,4.31,27.3
2019-05-24,48.45,50.43,47.74,49.35,93766,0.0211049037864681,6.8997,2852.9951171875,0.0001683513066397,0.4231100596363809,0.4422916849959576,2826.06005859375,15.850000381469727,12.708666801452637,68.69000244140625,2.7065000534057617,2852.9951171875,67.85,4.31,26.7
2019-05-27,49.04,49.73,48.04,49.55,79567,0.0040526849037485,6.8997,2892.3779296875,0.0138040238003716,0.4124880141611726,0.437494466806844,2826.06005859375,15.850000381469727,12.708666801452637,68.69000244140625,2.7065000534057617,2892.3779296875,69.2,4.31,22.1
2019-05-28,49.55,51.24,49.45,51.24,122525,0.0341069626639758,6.9078,2909.910888671875,0.0060617801029443,0.4269237461433464,0.4394767424904708,2802.389892578125,17.5,12.579999923706055,70.11000061035156,2.7035000324249268,2909.910888671875,71.88,4.31,23.2
2019-05-29,50.25,50.69,50.01,50.34,56659,-0.0175644028103044,6.9138,2914.696044921875,0.0016444339476608,0.4281036272453314,0.4405565392847943,2783.02001953125,17.899999618530273,12.657333374023438,69.44999694824219,2.672499895095825,2914.696044921875,70.57,4.31,25.4
2019-05-30,50.24,50.24,48.99,49.11,55404,-0.0244338498212157,6.9011,2905.804931640625,-0.0030504427028473,0.4316148648621511,0.4425031489592392,2788.860107421875,17.299999237060547,12.54800033569336,66.87000274658203,2.6605000495910645,2905.804931640625,69.81,4.31,25.4
2019-05-31,49.38,49.67,48.61,48.99,53591,-0.0024434941967012,6.9027,2898.696044921875,-0.002446443201105,0.4185569533406678,0.4425053880768166,2752.06005859375,18.709999084472656,12.343999862670898,64.48999786376953,2.6459999084472656,2898.696044921875,69.44,4.31,23.7
2019-06-03,49.45,49.9,48.78,49.53,53962,0.0110226576852419,6.9028,2890.0810546875,-0.0029720226270247,0.3106088707245066,0.442878354183465,2744.449951171875,18.860000610351562,11.9313325881958,61.279998779296875,2.6554999351501465,2890.0810546875,68.16,4.31,25.9
2019-06-04,49.18,49.34,48.44,49.25,49331,-0.0056531395114072,6.9072,2862.280029296875,-0.0096194621758215,0.3004020677129993,0.4426581687829436,2803.27001953125,16.969999313354492,12.90666675567627,61.970001220703125,2.6735000610351562,2862.280029296875,66.87,4.31,23.3
2019-06-05,49.72,50.09,49.34,49.64,67271,0.0079187817258883,6.9084,2861.41796875,-0.0003011796672762,0.2959716415104045,0.4415157148614179,2826.14990234375,16.09000015258789,13.105999946594238,60.630001068115234,2.627000093460083,2861.41796875,69.07,4.31,24.2
2019-06-06,50.43,50.86,49.74,50.11,106348,0.0094681708299757,6.9082,2827.798095703125,-0.0117493751049455,0.2957894986414184,0.4337605050396566,2843.489990234375,15.930000305175781,13.729999542236328,61.66999816894531,2.6540000438690186,2827.798095703125,66.94,4.31,21.6
2019-06-10,51.74,52.65,51.4,51.64,131082,0.0305328277788865,6.9298,2852.1298828125,0.0086044994323843,0.3059846994166326,0.4354962503776946,2886.72998046875,15.9399995803833,14.192000389099121,62.290000915527344,2.6640000343322754,2852.1298828125,67.6,4.31,26.1
2019-06-11,51.31,52.43,50.89,52.29,119686,0.0125871417505809,6.9107,2925.716064453125,0.0258004314894879,0.2977934368661838,0.4360092947937615,2885.719970703125,15.989999771118164,14.473333358764648,62.290000915527344,2.67549991607666,2925.716064453125,68.19,4.31,25.3
2019-06-12,52.3,52.3,51.3,51.49,93791,-0.015299292407726,6.9161,2909.3798828125,-0.0055836524395195,0.2972564089391076,0.437169266728083,2879.840087890625,15.90999984741211,13.950667381286621,59.970001220703125,2.6589999198913574,2909.3798828125,68.65,4.31,27.1
2019-06-13,51.44,51.44,50.63,50.96,68059,-0.0102932608273451,6.9212,2910.740966796875,0.0004678261482509,0.2889783482095884,0.4256345073833091,2891.639892578125,15.819999694824219,14.260666847229004,61.310001373291016,2.6610000133514404,2910.740966796875,71.01,4.31,26.9
2019-06-14,51.04,51.23,50.04,50.09,62553,-0.0170722135007849,6.9247,2881.97412109375,-0.0098829975017603,0.2940338346222422,0.4255848927318167,2886.97998046875,15.279999732971191,14.32800006866455,62.0099983215332,2.634500026702881,2881.97412109375,72.18,4.31,28.1
2019-06-17,50.23,50.67,49.74,49.84,53005,-0.0049910161708923,6.9251,2887.6220703125,0.001959750150916,0.2826741034160377,0.4254338298037122,2889.669921875,15.350000381469727,15.001999855041504,60.939998626708984,2.6510000228881836,2887.6220703125,71.96,4.31,23.0
2019-06-18,49.85,50.34,49.71,49.94,54724,0.0020064205457461,6.9002,2890.157958984375,0.0008781927170962,0.2693898872396027,0.4252149851176035,2917.75,15.149999618530273,14.982666969299316,62.13999938964844,2.7070000171661377,2890.157958984375,71.05,4.31,25.9
2019-06-19,50.86,51.09,50.2,50.34,92550,0.0080096115338408,6.8996,2917.802978515625,0.0095652278953517,0.2693776942370249,0.4252931818487128,2926.4599609375,14.329999923706055,15.095333099365234,61.81999969482422,2.684499979019165,2917.802978515625,69.68,4.31,26.5
2019-06-20,50.34,51.23,49.82,51.03,121169,0.0137067938021453,6.851,2987.118896484375,0.0237562023478408,0.2707991290582959,0.4263002919788327,2954.179931640625,14.75,14.641332626342773,64.44999694824219,2.7155001163482666,2987.118896484375,69.06,4.31,28.3
2019-06-21,50.94,51.42,50.74,51.29,106525,0.0050950421320792,6.8686,3001.97998046875,0.004975056065517,0.2491465399400192,0.4198482133037044,2950.4599609375,15.399999618530273,14.790666580200195,65.19999694824219,2.7060000896453857,3001.97998046875,69.09,4.31,26.5
2019-06-24,51.29,51.62,50.95,51.5,65401,0.0040943653733671,6.8758,3008.14794921875,0.0020546335385744,0.2399843508823213,0.4197497456356316,2945.35009765625,15.260000228881836,14.909333229064941,64.86000061035156,2.7054998874664307,3008.14794921875,68.86,4.31,30.1
2019-06-25,51.24,51.42,50.44,50.64,78742,-0.0166990291262135,6.8791,2982.073974609375,-0.0086677833170228,0.2490422616186978,0.4188130217805664,2917.3798828125,16.280000686645508,14.650667190551758,65.05000305175781,2.7355000972747803,2982.073974609375,68.83,4.31,30.4
2019-06-26,50.3,51.34,50.15,50.77,57139,0.002567140600316,6.8781,2976.283935546875,-0.0019416148330989,0.2168618165314651,0.4185254034523181,2913.780029296875,16.209999084472656,14.618000030517578,66.48999786376953,2.7109999656677246,2976.283935546875,69.98,4.31,29.4
2019-06-27,50.94,51.6,50.8,51.28,81181,0.0100453023439037,6.8762,2996.79296875,0.0068908187683902,0.2098632065817315,0.4131053378866746,2924.919921875,15.819999694824219,14.855999946594238,66.55000305175781,2.7125000953674316,2996.79296875,69.93,4.31,29.3
2019-06-28,51.29,51.57,50.97,51.46,55171,0.0035101404056161,6.865,2978.8779296875,-0.0059780703069296,0.1871426007307676,0.4121846917716744,2941.760009765625,15.079999923706055,14.897333145141602,66.55000305175781,2.7054998874664307,2978.8779296875,68.88,4.31,28.0
2019-07-01,52.34,52.87,51.82,52.65,114364,0.0231247570928876,6.8487,3044.903076171875,0.0221644350801919,0.1999264346449465,0.4133580268955371,2964.330078125,14.0600004196167,15.14466667175293,65.05999755859375,2.679500102996826,3044.903076171875,70.32,4.31,27.8
2019-07-02,52.65,55.14,52.29,53.92,158556,0.0241215574548907,6.8717,3043.943115234375,-0.0003152681426913,0.2113821466807301,0.4163229061541375,2973.010009765625,12.930000305175781,14.970000267028809,62.400001525878906,2.6575000286102295,3043.943115234375,71.04,4.31,28.0
2019-07-03,53.92,54.94,53.51,54.14,118723,0.0040801186943619,6.8806,3015.262939453125,-0.0094220472247693,0.2080774924519944,0.4162719432589715,2995.820068359375,12.569999694824219,15.65999984741211,63.81999969482422,2.679500102996826,3015.262939453125,71.8,4.31,29.6
2019-07-04,54.16,54.85,53.56,53.98,81471,-0.0029553010712967,6.8806,3005.2490234375,-0.0033210755468778,0.2095087867728614,0.4152152304005387,2995.820068359375,12.569999694824219,15.65999984741211,63.81999969482422,2.679500102996826,3005.2490234375,71.05,4.31,32.4
2019-07-05,53.98,54.51,52.92,54.0,82513,0.0003705075954056,6.8925,3011.05908203125,0.0019333035460415,0.2090101137203098,0.4101472328984104,2990.409912109375,13.279999732971191,15.539999961853027,64.2300033569336,2.6584999561309814,3011.05908203125,71.08,4.31,28.1
2019-07-08,54.01,54.03,52.0,53.06,97308,-0.0174074074074073,6.8808,2933.363037109375,-0.0258035604102,0.1966780998531772,0.407731737887857,2975.949951171875,13.960000038146973,15.355999946594238,64.11000061035156,2.6559998989105225,2933.363037109375,68.86,4.31,24.5
2019-07-09,52.93,55.79,52.81,55.63,181053,0.048435733132303,6.8866,2928.22998046875,-0.0017498879530721,0.2558992241829911,0.4193304947618175,2979.6298828125,14.09000015258789,15.337332725524902,64.16000366210938,2.624500036239624,2928.22998046875,70.86,4.31,23.6
2019-07-10,55.34,55.34,54.25,54.64,119792,-0.0177961531547726,6.8705,2915.302001953125,-0.0044149464358518,0.2584370525179781,0.4203888658645561,2993.070068359375,13.029999732971191,15.928000450134277,67.01000213623047,2.693000078201294,2915.302001953125,72.25,4.31,22.9
2019-07-11,54.66,54.89,53.63,53.99,92304,-0.0118960468521229,6.8682,2917.760986328125,0.0008434750064838,0.2595985494030933,0.4199490558338516,2999.909912109375,12.930000305175781,15.90666675567627,66.5199966430664,2.682499885559082,2917.760986328125,72.42,4.31,24.4
2019-07-12,54.04,55.52,53.94,55.0,103750,0.0187071679940729,6.8796,2930.550048828125,0.0043831768811517,0.253878730054298,0.4211206209239248,3013.77001953125,12.390000343322754,16.338666915893555,66.72000122070312,2.691499948501587,2930.550048828125,73.88,4.31,26.7
2019-07-15,55.02,56.62,54.36,56.09,122207,0.0198181818181819,6.8769,2942.18994140625,0.0039719139356722,0.2564409492359607,0.4053982231629511,3014.300048828125,12.680000305175781,16.899999618530273,66.4800033569336,2.7074999809265137,2942.18994140625,73.66,4.31,28.3
2019-07-16,55.88,55.99,55.34,55.52,53946,-0.0101622392583348,6.8753,2937.6201171875,-0.001553205030864,0.2625489694622427,0.3497017992697789,3004.0400390625,12.859999656677246,16.825332641601562,64.3499984741211,2.69350004196167,2937.6201171875,72.82,4.31,28.5
2019-07-17,55.53,55.94,55.14,55.39,62129,-0.0023414985590778,6.8731,2931.68994140625,-0.0020187006980765,0.2637726864877288,0.3357844618301507,2984.419921875,13.970000267028809,16.99066734313965,63.65999984741211,2.7100000381469727,2931.68994140625,72.99,4.31,25.5
2019-07-18,55.11,55.11,53.8,54.19,89584,-0.0216645603899621,6.8788,2901.179931640625,-0.0104069701692226,0.2776631046167122,0.3369765689272298,2995.110107421875,13.529999732971191,16.902666091918945,61.93000030517578,2.7039999961853027,2901.179931640625,71.5,4.31,27.1
2019-07-19,54.35,54.97,54.1,54.67,60072,0.0088577228270898,6.8812,2924.199951171875,0.0079347093505615,0.2783326855430241,0.3281456667417883,2976.610107421875,14.449999809265137,17.211999893188477,62.470001220703125,2.744499921798706,2924.199951171875,72.5,4.31,27.8
2019-07-22,55.24,56.17,54.78,55.64,115344,0.0177428205597218,6.8803,2886.97412109375,-0.012730261507325,0.283000246510463,0.3293776964115966,2985.030029296875,13.529999732971191,17.045333862304688,63.2599983215332,2.7144999504089355,2886.97412109375,73.22,4.31,28.6
2019-07-23,55.54,57.99,55.1,57.07,141072,0.0257009345794392,6.8787,2899.93994140625,0.0044911453198575,0.2818413815960099,0.3309219676190368,3005.469970703125,12.609999656677246,17.344667434692383,63.83000183105469,2.694000005722046,2899.93994140625,76.01,4.31,28.9
2019-07-24,57.54,58.0,56.94,57.08,106124,0.0001752234098475,6.8717,2923.280029296875,0.0080484728519263,0.2823712673207711,0.3234796776381602,3019.56005859375,12.069999694824219,17.658666610717773,63.18000030517578,2.7039999961853027,2923.280029296875,75.82,4.31,29.7
2019-07-25,57.08,57.72,56.56,57.54,69023,0.0080588647512263,6.8714,2937.360107421875,0.0048165341615893,0.2820838936609346,0.322472202973163,3003.669921875,12.739999771118164,15.254667282104492,63.38999938964844,2.695499897003174,2937.360107421875,75.95,4.31,30.7
2019-07-26,57.19,58.82,56.94,58.36,105884,0.0142509558567953,6.8785,2944.5400390625,0.0024443484550917,0.2834381291323627,0.3235537337063072,3025.860107421875,12.15999984741211,15.202667236328125,63.459999084472656,2.676500082015991,2944.5400390625,76.8,4.31,29.3
2019-07-29,58.78,58.89,57.53,58.16,63434,-0.0034270047978067,6.8927,2941.010009765625,-0.001198838952789,0.2783586645801135,0.3205654535760008,3020.969970703125,12.829999923706055,15.718000411987305,63.709999084472656,2.7095000743865967,2941.010009765625,76.82,4.31,25.8
2019-07-30,58.19,58.4,57.48,58.02,75485,-0.0024071526822557,6.8833,2952.340087890625,0.0038524445980729,0.270164761676806,0.2680014741836109,3013.179931640625,13.9399995803833,16.150667190551758,64.72000122070312,2.6705000400543213,2952.340087890625,77.9,4.31,26.4
2019-07-31,57.74,57.74,56.42,56.89,89720,-0.0194760427438814,6.8833,2932.510009765625,-0.0067167323325437,0.2825066612257015,0.2692271633896952,2980.3798828125,16.1200008392334,16.107332229614258,65.16999816894531,2.6579999923706055,2932.510009765625,76.14,4.31,28.7
2019-08-01,56.64,57.22,56.12,56.67,88670,-0.0038671119704692,6.8972,2908.77001953125,-0.0080954507078638,0.2827641461648028,0.265275144271204,2953.56005859375,17.8700008392334,15.59000015258789,60.5,2.6600000858306885,2908.77001953125,75.94,4.31,27.9
2019-08-02,55.0,55.97,54.79,55.33,84180,-0.0236456679018881,6.9387,2867.840087890625,-0.0140712161380227,0.2977126990749432,0.2683652132069209,2932.050048828125,17.610000610351562,15.62266731262207,61.88999938964844,2.565000057220459,2867.840087890625,75.42,4.31,25.3
2019-08-05,55.14,55.41,53.15,53.32,104575,-0.0363274896078076,7.0481,2821.5,-0.0161585327181577,0.3202713158825453,0.275541413910821,2844.739990234375,24.59000015258789,15.221332550048828,59.810001373291016,2.5369999408721924,2821.5,73.14,4.31,25.0
2019-08-06,52.35,52.92,51.39,52.31,108362,-0.0189422355588896,7.0192,2777.555908203125,-0.015574726846314,0.2720058026853827,0.2740561633865174,2881.77001953125,20.170000076293945,15.383333206176758,58.939998626708984,2.5510001182556152,2777.555908203125,72.29,4.31,25.3
2019-08-07,52.59,52.84,51.51,51.74,71131,-0.0108965780921429,7.0592,2768.679931640625,-0.0031956068053521,0.2680793522865156,0.2729461582273975,2883.97998046875,19.489999771118164,15.561332702636719,56.22999954223633,2.565000057220459,2768.679931640625,73.47,4.31,25.7
2019-08-08,52.07,52.25,51.44,51.8,71456,0.0011596443757246,7.044,2794.552001953125,0.0093445508152938,0.2660645591828632,0.2693592242598637,2938.090087890625,16.90999984741211,15.886667251586914,57.380001068115234,2.6019999980926514,2794.552001953125,73.22,4.31,26.7
2019-08-09,52.24,52.9,51.8,51.93,85773,0.0025096525096526,7.0613,2774.75,-0.0070859307464256,0.2553962733299364,0.269315160440586,2918.64990234375,17.969999313354492,15.667332649230957,58.529998779296875,2.5840001106262207,2774.75,72.07,4.31,26.6
2019-08-12,51.82,52.14,50.74,52.14,90739,0.0040439052570768,7.0578,2814.989990234375,0.0145022038866113,0.2427378017984688,0.2647341378075698,2882.699951171875,21.09000015258789,15.267333030700684,58.56999969482422,2.5799999237060547,2814.989990234375,73.51,4.31,24.9
2019-08-13,51.45,51.63,50.34,50.44,135333,-0.0326045262754124,7.0423,2797.260009765625,-0.0062984168790148,0.2630859806814558,0.2687185694319211,2926.320068359375,17.520000457763672,15.666666984558105,61.29999923706055,2.624500036239624,2797.260009765625,73.61,4.31,26.1
2019-08-14,51.14,51.44,50.7,51.23,92687,0.0156621728786676,7.0224,2808.909912109375,0.0041647549041128,0.2727694330054766,0.270097647083122,2840.60009765625,22.100000381469727,14.641332626342773,59.47999954223633,2.5864999294281006,2808.909912109375,73.64,4.31,26.0
2019-08-15,50.39,51.31,49.98,51.05,66447,-0.0035135662697638,7.0327,2815.800048828125,0.0024529575295548,0.2644450408219907,0.2694488263510747,2847.60009765625,21.18000030517578,14.37600040435791,58.22999954223633,2.5894999504089355,2815.800048828125,74.31,4.31,25.9
2019-08-16,51.24,52.49,51.06,52.01,90301,0.0188050930460332,7.0413,2823.820068359375,0.0028482205384532,0.2725188345309626,0.2657466886212209,2888.679931640625,18.469999313354492,14.662667274475098,58.63999938964844,2.5899999141693115,2823.820068359375,73.36,4.31,25.0
2019-08-19,52.94,53.13,52.14,53.04,106806,0.0198038838684868,7.0499,2883.10009765625,0.0209928493536475,0.2746243937176057,0.2653469133892207,2923.64990234375,16.8799991607666,15.121999740600586,59.7400016784668,2.5969998836517334,2883.10009765625,76.34,4.31,25.5
2019-08-20,52.73,53.03,52.24,52.37,87996,-0.01263197586727,7.0597,2880.0,-0.0010752653571654,0.2559589346175173,0.2668173100916701,2900.510009765625,17.5,15.057332992553711,60.029998779296875,2.5739998817443848,2880.0,75.57,4.25,22.9
2019-08-21,52.27,52.56,51.82,52.56,85678,0.0036280313156387,7.0623,2880.330078125,0.0001146104600695,0.2570264122378659,0.2578552433163175,2924.429931640625,15.800000190734863,14.722000122070312,60.29999923706055,2.5815000534057617,2880.330078125,75.94,4.25,24.2
2019-08-22,51.84,51.84,50.61,51.15,211089,-0.0268264840182649,7.0829,2883.43994140625,0.0010796898955671,0.2650397151838185,0.2613103869208811,2922.949951171875,16.68000030517578,14.8100004196167,59.91999816894531,2.553499937057495,2883.43994140625,75.74,4.25,23.8
2019-08-23,50.94,50.95,49.18,49.83,246969,-0.0258064516129031,7.0928,2897.429931640625,0.0048518403430146,0.2631106998778357,0.2618820433976243,2847.110107421875,19.8700008392334,14.09333324432373,59.34000015258789,2.5260000228881836,2897.429931640625,74.04,4.25,24.1
2019-08-26,48.96,49.99,48.68,49.97,142274,0.0028095524784266,7.1503,2863.570068359375,-0.0116861715658737,0.2653874385320979,0.2618617388362246,2878.3798828125,19.31999969482422,14.333333015441895,58.70000076293945,2.5399999618530273,2863.570068359375,72.91,4.25,23.6
2019-08-27,50.06,50.57,50.04,50.48,144792,0.0102061236742045,7.1603,2902.18994140625,0.0134866170985652,0.2722395397729789,0.2617264239003521,2869.159912109375,20.309999465942383,14.272000312805176,59.5099983215332,2.5434999465942383,2902.18994140625,73.44,4.25,25.7
2019-08-28,51.24,52.28,50.73,50.75,176510,0.0053486529318542,7.1628,2893.760009765625,-0.0029046795043815,0.2711624597552308,0.2616017734165041,2887.93994140625,19.350000381469727,14.37266731262207,60.4900016784668,2.5510001182556152,2893.760009765625,72.66,4.25,25.7
2019-08-29,50.72,50.72,49.74,50.04,97409,-0.0139901477832512,7.1434,2890.919921875,-0.0009814524635908,0.2727035541707491,0.2628460192814436,2924.580078125,17.8799991607666,14.780667304992676,61.08000183105469,2.559499979019165,2890.919921875,71.22,4.25,24.7
2019-08-30,50.52,50.83,50.1,50.39,101825,0.0069944044764189,7.1543,2886.239990234375,-0.0016188382131282,0.2681483821016105,0.2625249011355874,2926.4599609375,18.979999542236328,15.040666580200195,60.43000030517578,2.5329999923706055,2886.239990234375,72.41,4.25,25.4
2019-09-02,50.92,50.94,50.28,50.66,118337,0.0053582059932526,7.1543,2924.10595703125,0.0131194796430633,0.2421490142951147,0.2550761835603232,2926.4599609375,18.979999542236328,15.040666580200195,60.43000030517578,2.5329999923706055,2924.10595703125,73.1,4.25,26.2
2019-09-03,50.93,50.93,50.09,50.43,95675,-0.0045400710619817,7.1786,2930.14990234375,0.0020669378611151,0.2344073189953338,0.2538230780404408,2906.27001953125,19.65999984741211,15.000666618347168,58.2599983215332,2.512500047683716,2930.14990234375,71.34,4.25,26.5
2019-09-04,50.42,50.42,49.95,50.31,107035,-0.0023795359904817,7.144,2957.409912109375,0.009303281632049,0.231923433718487,0.251975091741805,2937.780029296875,17.329999923706055,14.711999893188477,60.70000076293945,2.5789999961853027,2957.409912109375,71.32,4.25,26.1
2019-09-05,50.44,51.34,50.43,51.08,174907,0.0153051083283639,7.1468,2985.860107421875,0.0096199702300341,0.2392319052769884,0.2530813725368185,2976.0,16.270000457763672,15.305333137512207,60.95000076293945,2.624500036239624,2985.860107421875,71.44,4.25,26.4
2019-09-06,51.28,52.14,51.15,51.43,146574,0.0068519968676585,7.1131,2999.60009765625,0.0046016858593682,0.240471684078147,0.2508616109908158,2978.7099609375,15.0,15.16333293914795,61.540000915527344,2.615499973297119,2999.60009765625,72.0,4.25,26.7
2019-09-09,51.79,52.6,51.5,52.52,194828,0.0211938557262298,7.121,3024.739990234375,0.0083810813974063,0.2520759192043753,0.2541042607112623,2978.429931640625,15.270000457763672,15.452667236328125,62.59000015258789,2.6105000972747803,3024.739990234375,77.14,4.25,26.9
2019-09-10,52.64,52.81,51.8,52.09,128374,-0.0081873571972581,7.1121,3021.199951171875,-0.0011703614439354,0.2227626372286173,0.2547895355596913,2979.389892578125,15.199999809265137,15.702667236328125,62.380001068115234,2.6105000972747803,3021.199951171875,77.36,4.25,20.9
2019-09-11,52.2,52.62,51.84,52.05,116357,-0.0007679017085814,7.1153,3008.81005859375,-0.0041009839727156,0.2166596368027356,0.2543676755823743,3000.929931640625,14.609999656677246,16.47333335876465,60.810001373291016,2.5975000858306885,3008.81005859375,77.91,4.25,21.4
2019-09-12,52.24,52.32,51.3,51.73,99145,-0.006147934678194,7.0787,3031.239990234375,0.0074547516140344,0.217568560025226,0.2532778887310425,3009.570068359375,14.220000267028809,16.391332626342773,60.380001068115234,2.623500108718872,3031.239990234375,78.14,4.25,21.4
2019-09-16,52.29,52.3,51.79,52.1,83788,0.0071525227140925,7.0659,3030.75,-0.0001616467966751,0.2084862815563734,0.2534774710549005,2997.9599609375,14.670000076293945,16.187332153320312,69.0199966430664,2.621000051498413,3030.75,76.84,4.25,20.8
2019-09-17,52.14,52.17,50.62,50.91,105598,-0.0228406909788868,7.0905,2978.1201171875,-0.0173652999463829,0.210164273300222,0.2577688199506202,3005.699951171875,14.4399995803833,16.319332122802734,64.55000305175781,2.609499931335449,2978.1201171875,74.66,4.25,21.4
2019-09-18,50.94,51.07,50.75,50.98,53283,0.001374975446867,7.0849,2985.659912109375,0.0025317296231139,0.2065845453258398,0.2554372279904371,3006.72998046875,13.949999809265137,16.232667922973633,63.599998474121094,2.5954999923706055,2985.659912109375,74.73,4.25,19.7
2019-09-19,51.12,51.2,50.74,51.13,61708,0.0029423303256179,7.0959,2999.280029296875,0.0045618448143605,0.2063834593383121,0.2554529920378604,3006.7900390625,14.050000190734863,16.440000534057617,64.4000015258789,2.5910000801086426,2999.280029296875,75.52,4.25,18.9
2019-09-20,51.34,51.38,50.94,51.01,68763,-0.0023469587326423,7.0909,3006.449951171875,0.0023905476664281,0.1832138693868097,0.2546836581337244,2992.070068359375,15.319999694824219,16.041332244873047,64.27999877929688,2.5899999141693115,3006.449951171875,75.0,4.2,20.9
2019-09-23,50.84,50.89,49.79,50.12,95935,-0.0174475593020976,7.1168,2977.080078125,-0.0097689545889253,0.1695343822983385,0.2570738903095325,2991.780029296875,14.90999984741211,16.082000732421875,64.7699966430664,2.5945000648498535,2977.080078125,73.13,4.2,23.2
2019-09-24,50.34,51.34,50.13,50.81,79834,0.0137669592976856,7.1138,2985.340087890625,0.0027745339557097,0.1759864207465354,0.254128676299621,2966.60009765625,17.049999237060547,14.880666732788086,63.099998474121094,2.5894999504089355,2985.340087890625,72.87,4.2,24.4
2019-09-25,50.79,50.79,49.84,49.98,80753,-0.0163353670537297,7.1313,2955.429931640625,-0.0100190113586469,0.1824553515958368,0.2509145354831347,2984.8701171875,15.960000038146973,15.24666690826416,62.38999938964844,2.5950000286102295,2955.429931640625,73.1,4.2,22.7
2019-09-26,50.24,50.44,49.42,49.43,69524,-0.0110044017607042,7.13,2929.090087890625,-0.0089123560223869,0.1847991536668501,0.2514776230624154,2977.6201171875,16.06999969482422,16.17066764831543,62.7400016784668,2.559999942779541,2929.090087890625,71.59,4.2,22.8
2019-09-27,49.43,49.75,49.32,49.52,40681,0.001820756625531,7.1218,2932.169921875,0.0010514644111179,0.1787687043496639,0.25154132512305,2961.7900390625,17.219999313354492,16.142000198364258,61.90999984741211,2.5829999446868896,2932.169921875,71.6,4.2,21.4
2019-09-30,49.59,50.07,49.48,49.72,49145,0.0040387722132471,7.1477,2905.18994140625,-0.0092013700391201,0.1774365691076174,0.2517584237249703,2976.739990234375,16.239999771118164,16.058000564575195,60.779998779296875,2.564500093460083,2905.18994140625,71.64,4.2,23.4
2019-10-08,49.74,50.2,49.24,49.36,48615,-0.0072405470635559,7.1422,2913.570068359375,0.0028845366816423,0.1774521890388554,0.2498266019668267,2893.06005859375,20.280000686645508,16.003332138061523,58.2400016784668,2.563499927520752,2913.570068359375,70.4,4.2,15.2
2019-10-09,49.24,49.26,48.22,49.03,50471,-0.0066855753646677,7.1316,2924.860107421875,0.0038749845713705,0.1781435369643027,0.22772362294464,2919.39990234375,18.639999389648438,16.302000045776367,58.31999969482422,2.562000036239624,2924.860107421875,69.24,4.2,15.3
2019-10-10,49.34,50.14,49.3,49.94,62553,0.0185600652661634,7.1153,2947.7099609375,0.0078122893664702,0.191536378668695,0.2291375532886085,2938.1298828125,17.56999969482422,16.31599998474121,59.099998474121094,2.6050000190734863,2947.7099609375,71.04,4.2,16.1
2019-10-11,49.44,49.9,48.91,49.37,75742,-0.0114136964357228,7.0868,2973.659912109375,0.0088034275813289,0.1860677840401692,0.2290452509029589,2970.27001953125,15.579999923706055,16.525999069213867,60.5099983215332,2.618499994277954,2973.659912109375,71.6,4.2,15.8
2019-10-14,49.92,50.32,49.44,49.79,83882,0.0085071906015798,7.0868,3007.8798828125,0.0115076947985119,0.1871587731126985,0.2261589000511928,2966.14990234375,14.569999694824219,17.130666732788086,59.349998474121094,2.623500108718872,3007.8798828125,70.99,4.2,8.7
2019-10-15,49.84,49.94,48.84,48.94,76611,-0.0170717011448082,7.0814,2991.050048828125,-0.0055952480285343,0.1743241194969111,0.2238918846358774,2995.679931640625,13.539999961853027,17.19266700744629,58.7400016784668,2.6040000915527344,2991.050048828125,71.11,4.2,9.8
2019-10-16,48.94,49.18,48.42,48.46,71504,-0.009807928075194,7.092,2978.7099609375,-0.0041256708143214,0.1749998196464935,0.2238390471149345,2989.68994140625,13.680000305175781,17.316667556762695,59.41999816894531,2.5794999599456787,2978.7099609375,69.83,4.2,11.1
2019-10-17,48.46,48.69,48.34,48.46,38510,0.0,7.0766,2977.330078125,-0.0004632484634609,0.1751827123304935,0.2238826347256576,2997.949951171875,13.789999961853027,17.46466636657715,59.90999984741211,2.5869998931884766,2977.330078125,69.44,4.2,10.9
2019-10-18,48.93,48.93,47.76,47.84,75010,-0.012794056954189,7.0805,2938.139892578125,-0.0131628622015451,0.1780752197093014,0.2212994471708859,2986.199951171875,14.25,17.1299991607666,59.41999816894531,2.625,2938.139892578125,70.23,4.2,12.0
2019-10-21,47.84,47.92,47.15,47.51,52825,-0.0068979933110369,7.0748,2939.6201171875,0.0005037965050997,0.1734957291632259,0.2203577299602025,3006.719970703125,14.0,16.899999618530273,58.959999084472656,2.634999990463257,2939.6201171875,69.78,4.2,12.0
2019-10-22,47.53,47.8,47.46,47.74,33224,0.0048410860871397,7.0761,2954.3798828125,0.0050209772135869,0.1622361211838787,0.2169196210522282,2995.989990234375,14.460000038146973,17.038667678833008,59.70000076293945,2.621999979019165,2954.3798828125,70.86,4.2,12.1
2019-10-23,47.73,47.89,47.5,47.54,30368,-0.0041893590280687,7.0624,2941.6201171875,-0.0043189319353382,0.1613733452343075,0.2088466644895193,3004.52001953125,14.010000228881836,16.978666305541992,61.16999816894531,2.6624999046325684,2941.6201171875,70.9,4.2,14.2
2019-10-24,47.44,47.76,47.44,47.6,31569,0.0012620950778292,7.0684,2940.919921875,-0.0002380305017662,0.1606006196956434,0.2089281018689323,3010.2900390625,13.710000038146973,19.978666305541992,61.66999816894531,2.6589999198913574,2940.919921875,71.77,4.2,12.2
2019-10-25,47.74,48.11,47.38,47.98,37076,0.0079831932773108,7.0647,2954.929931640625,0.0047638188518552,0.1657078519330498,0.20891114879352,3022.550048828125,12.649999618530273,21.875333786010742,62.02000045776367,2.6665000915527344,2954.929931640625,71.16,4.2,7.9
2019-10-28,47.97,48.4,47.97,48.24,52592,0.0054189245518967,7.067,2980.050048828125,0.0085010872571023,0.1590196376322993,0.2065784152804611,3039.419921875,13.109999656677246,21.847333908081055,61.56999969482422,2.672499895095825,2980.050048828125,70.95,4.2,10.1
2019-10-29,48.28,48.83,48.04,48.09,55109,-0.0031094527363183,7.0655,2954.179931640625,-0.0086811015800466,0.14791638163502,0.2065771961881275,3036.889892578125,13.199999809265137,21.08133316040039,61.59000015258789,2.682499885559082,2954.179931640625,69.42,4.2,8.2
2019-10-30,46.84,46.84,44.44,44.9,172419,-0.0663339571636515,7.0541,2939.320068359375,-0.0050301144903511,0.2673087119053435,0.2438660061781418,3046.77001953125,12.329999923706055,21.000667572021484,60.61000061035156,2.680500030517578,2939.320068359375,69.66,4.2,10.5
2019-10-31,44.89,44.89,43.54,43.79,110684,-0.0247216035634744,7.0379,2929.06005859375,-0.0034906065100123,0.2755625012812301,0.2455059202840445,3037.56005859375,13.220000267028809,20.994667053222656,60.22999954223633,2.632999897003174,2929.06005859375,68.85,4.2,14.2
2019-11-01,43.74,44.69,43.24,44.51,67305,0.0164421100707923,7.0368,2958.199951171875,0.0099485473138829,0.285691524756827,0.2491364022993284,3066.909912109375,12.300000190734863,20.887332916259766,61.689998626708984,2.6510000228881836,2958.199951171875,69.47,4.2,11.8
2019-11-04,44.51,44.74,44.07,44.37,54119,-0.0031453605931252,7.03,2975.489990234375,0.0058447837698227,0.2837548945057764,0.2457135808518623,3078.27001953125,12.829999923706055,21.1646671295166,62.130001068115234,2.6670000553131104,2975.489990234375,70.07,4.2,9.5
2019-11-05,44.46,45.29,43.96,44.89,76990,0.0117196303808879,7.0082,2991.56005859375,0.0054008141220831,0.290139567324978,0.2379474142319944,3074.6201171875,13.100000381469727,21.148000717163086,62.959999084472656,2.694999933242798,2991.56005859375,73.62,4.2,10.0
2019-11-06,45.04,45.79,44.47,45.25,96714,0.0080196034751613,6.9968,2978.60009765625,-0.004332174746173,0.2933958071126528,0.2365231089298501,3076.780029296875,12.619999885559082,21.77199935913086,61.7400016784668,2.6610000133514404,2978.60009765625,76.04,4.2,10.2
2019-11-07,44.97,46.59,44.63,45.62,96836,0.0081767955801104,6.9766,2978.7099609375,3.688419984149149e-05,0.2850803996934585,0.2367928633117222,3085.179931640625,12.729999542236328,22.369333267211914,62.290000915527344,2.7239999771118164,2978.7099609375,75.44,4.2,7.3
2019-11-08,46.82,46.89,45.74,45.82,91373,0.0043840420868039,6.9954,2964.179931640625,-0.0048779604215987,0.2854079775177687,0.2370677772212713,3093.080078125,12.069999694824219,22.47599983215332,62.5099983215332,2.677999973297119,2964.179931640625,75.76,4.2,6.6
2019-11-11,45.74,45.74,44.57,44.89,61674,-0.0202968136185072,6.9954,2909.969970703125,-0.0182883502984569,0.2875534676716252,0.239834515132838,3087.010009765625,12.6899995803833,23.006000518798828,62.18000030517578,2.6600000858306885,2909.969970703125,73.84,4.2,9.9
2019-11-12,44.86,45.27,44.49,45.04,44569,0.0033415014479838,7.0066,2914.820068359375,0.0016667174249491,0.2853138645828103,0.2397593302497242,3091.840087890625,12.680000305175781,23.32866668701172,62.060001373291016,2.6419999599456787,2914.820068359375,74.59,4.2,10.7
2019-11-13,45.06,45.11,43.94,44.22,57978,-0.0182060390763765,7.0223,2905.239990234375,-0.0032866790746339,0.289118924793089,0.2337320661681085,3094.0400390625,13.0,23.073999404907227,62.369998931884766,2.6364998817443848,2905.239990234375,74.08,4.2,5.7
2019-11-14,44.44,44.76,44.26,44.46,40398,0.005427408412483,7.0195,2909.8701171875,0.0015937158268124,0.2908524242278489,0.2313421979177223,3096.6298828125,13.050000190734863,23.290000915527344,62.279998779296875,2.618499994277954,2909.8701171875,74.24,4.2,0.9
2019-11-15,44.47,44.57,43.74,44.06,46149,-0.0089968511021142,7.0075,2891.340087890625,-0.0063679918864505,0.289662749595643,0.2317423667247799,3120.4599609375,12.050000190734863,23.47800064086914,63.29999923706055,2.634999990463257,2891.340087890625,72.74,4.2,3.5
2019-11-18,43.84,43.97,43.46,43.77,53686,-0.0065819337267362,7.0246,2909.199951171875,0.0061770192154322,0.289622170466242,0.2276505679943502,3122.030029296875,12.460000038146973,23.332666397094727,62.439998626708984,2.617500066757202,2909.199951171875,73.01,4.2,-1.2
2019-11-19,43.5,44.69,43.5,44.68,53463,0.0207904957733606,7.0263,2933.989990234375,0.0085212565236412,0.301324340314394,0.2280769681809735,3120.179931640625,12.859999656677246,23.968000411987305,60.90999984741211,2.6535000801086426,2933.989990234375,77.08,4.2,0.5
2019-11-20,44.54,44.54,43.95,44.04,39387,-0.0143240823634736,7.0344,2911.050048828125,-0.0078186842772485,0.3039327598538017,0.2284161769737163,3108.4599609375,12.779999732971191,23.481332778930664,62.400001525878906,2.6465001106262207,2911.050048828125,76.44,4.15,0.2
2019-11-21,44.14,44.81,43.72,44.56,57000,0.0118074477747502,7.0285,2903.639892578125,-0.0025455269149299,0.3084588520960107,0.2300057568251299,3103.5400390625,13.130000114440918,23.655332565307617,63.970001220703125,2.621000051498413,2903.639892578125,77.29,4.15,1.7
2019-11-22,44.67,45.54,44.39,44.76,70269,0.0044883303411129,7.0389,2885.2900390625,-0.0063196037368574,0.3070380009034067,0.2248380426406174,3110.2900390625,12.34000015258789,22.202667236328125,63.38999938964844,2.6475000381469727,2885.2900390625,80.64,4.15,4.3
2019-11-25,45.1,46.22,44.48,45.81,121727,0.0234584450402146,7.0349,2906.169921875,0.0072366668618466,0.3202150761867233,0.2253398048123104,3133.639892578125,11.869999885559082,22.422666549682617,63.650001525878906,2.6475000381469727,2906.169921875,83.72,4.15,-2.6
2019-11-26,45.72,46.03,44.69,45.54,99568,-0.005893909626719,7.0319,2907.06005859375,0.000306292041649,0.3204513084633719,0.2253677562387865,3140.52001953125,11.539999961853027,21.92799949645996,64.2699966430664,2.674499988555908,2907.06005859375,88.14,4.15,-1.7
2019-11-27,45.4,45.41,44.79,44.84,48331,-0.0153711023276239,7.028,2903.18994140625,-0.0013312821577453,0.2216971198315984,0.2258152533975544,3153.6298828125,11.75,22.086000442504883,64.05999755859375,2.674499988555908,2903.18994140625,87.39,4.15,-0.2
2019-11-28,44.52,44.67,44.09,44.12,48120,-0.0160570918822481,7.028,2889.693115234375,-0.0046489642235868,0.2107311910456953,0.2271491518166045,3153.6298828125,11.75,22.086000442504883,64.05999755859375,2.674499988555908,2889.693115234375,87.55,4.15,-3.4
2019-11-29,44.21,44.56,43.96,44.33,44104,0.0047597461468722,7.0308,2871.97998046875,-0.0061297632860187,0.2029144807426682,0.2262507599705282,3140.97998046875,12.619999885559082,21.996000289916992,62.43000030517578,2.6419999599456787,2871.97998046875,87.55,4.15,-1.3
2019-12-02,44.33,44.48,43.99,44.09,43311,-0.0054139408978117,7.038,2875.81005859375,0.0013336019578991,0.2035212252091177,0.2255916977047163,3113.8701171875,14.90999984741211,22.32466697692871,60.91999816894531,2.632499933242798,2875.81005859375,87.24,4.15,-1.1
2019-12-03,44.09,44.78,43.93,44.73,47048,0.0145157632116124,7.0609,2884.699951171875,0.0030912655554422,0.2059280017580811,0.2276599091133418,3093.199951171875,15.960000038146973,22.413333892822266,60.81999969482422,2.6080000400543213,2884.699951171875,86.54,4.15,0.8
2019-12-04,44.66,45.38,44.38,45.07,68960,0.0076011625307401,7.0489,2878.115966796875,-0.0022823810054578,0.2057144583616804,0.2284329199353542,3112.760009765625,14.800000190734863,22.20199966430664,63.0,2.6440000534057617,2878.115966796875,86.84,4.15,1.6
2019-12-05,45.14,45.35,44.84,44.98,62865,-0.0019968937208787,7.0445,2899.468994140625,0.0074190990182769,0.2034297282912167,0.2284298880732495,3117.429931640625,14.520000457763672,22.024667739868164,63.38999938964844,2.6484999656677246,2899.468994140625,92.14,4.15,-2.8
2019-12-06,44.99,45.08,44.41,44.65,68146,-0.0073365940417963,7.0348,2912.013916015625,0.004326627358441,0.2038534291179956,0.2259036456695483,3145.909912109375,13.619999885559082,22.392667770385742,64.38999938964844,2.7109999656677246,2912.013916015625,93.14,4.15,-3.4
2019-12-09,44.65,44.74,44.21,44.32,58260,-0.0073908174692048,7.0389,2914.47802734375,0.0008461880331589,0.1926708276441618,0.2253676861446673,3135.9599609375,15.859999656677246,22.635332107543945,64.25,2.746500015258789,2914.47802734375,93.03,4.15,-2.0
2019-12-10,44.47,44.47,44.14,44.37,42173,0.0011281588447653,7.0328,2917.31591796875,0.0009737217430958,0.1922347111531167,0.2200944590585722,3132.52001953125,15.680000305175781,23.256000518798828,64.33999633789062,2.755500078201294,2917.31591796875,93.49,4.15,0.1
2019-12-11,44.3,45.17,44.13,45.06,88873,0.015551048005409,7.0384,2924.4169921875,0.0024341121833983,0.1887282256443306,0.2229298037712317,3141.6298828125,14.989999771118164,23.51333236694336,63.720001220703125,2.7825000286102295,2924.4169921875,91.63,4.15,-1.1
2019-12-12,45.03,45.03,44.17,44.42,80923,-0.0142032845095428,6.9925,2915.697998046875,-0.0029814469564078,0.19537844608713,0.2242282333100761,3168.570068359375,13.9399995803833,23.978666305541992,64.19999694824219,2.7894999980926514,2915.697998046875,89.84,4.15,-3.3
2019-12-13,44.73,44.83,44.17,44.31,141601,-0.0024763619990995,6.9925,2967.676025390625,0.0178269585459702,0.1927373686820882,0.2241020284293566,3168.800048828125,12.630000114440918,23.892667770385742,65.22000122070312,2.7804999351501465,2967.676025390625,93.14,4.15,-0.2
2019-12-16,44.37,45.09,44.17,45.07,125263,0.0171518844504625,6.9921,2984.39306640625,0.0056330410976799,0.1996981177921445,0.2268573283369231,3191.449951171875,12.140000343322754,25.433332443237305,65.33999633789062,2.820499897003174,2984.39306640625,92.44,4.15,-0.1
2019-12-17,45.11,46.49,45.1,45.98,190472,0.0201908142888838,6.9967,3022.422119140625,0.0127426421011522,0.1989412878757984,0.227365013367272,3192.52001953125,12.289999961853027,25.266000747680664,66.0999984741211,2.819499969482422,3022.422119140625,95.53,4.15,0.9
2019-12-18,46.02,46.02,45.47,45.64,113229,-0.0073945193562418,7.0029,3017.0439453125,-0.0017794251153953,0.1930601537304151,0.2275861547928634,3191.139892578125,12.579999923706055,26.209999084472656,66.16999816894531,2.816999912261963,3017.0439453125,93.33,4.15,-3.7
2019-12-19,45.64,45.94,45.2,45.91,101163,0.0059158632778264,7.0097,3017.06591796875,7.282842626077368e-06,0.1901429271962117,0.2279287730620629,3205.3701171875,12.5,26.93600082397461,66.54000091552734,2.8315000534057617,3017.06591796875,93.39,4.15,-3.0
2019-12-20,46.17,48.22,45.99,47.56,289838,0.0359398823785668,7.0063,3004.93798828125,-0.0040197761723632,0.2259651043898665,0.2406105885616614,3221.219970703125,12.510000228881836,27.03933334350586,66.13999938964844,2.811000108718872,3004.93798828125,92.92,4.15,-4.8
2019-12-23,47.26,47.36,46.41,46.48,132775,-0.022708158116064,7.0124,2962.7509765625,-0.0140392287239444,0.2302721748759663,0.2423766946146626,3224.010009765625,12.609999656677246,27.947999954223633,66.38999938964844,2.816999912261963,2962.7509765625,93.04,4.15,-1.7
2019-12-24,46.69,47.79,46.69,47.72,156602,0.0266781411359724,7.0064,2982.680908203125,0.0067268332027514,0.2461449724114195,0.2471653264238359,3223.3798828125,12.670000076293945,28.350000381469727,67.19999694824219,2.8385000228881836,2982.680908203125,99.64,4.15,-1.1
2019-12-25,47.99,49.08,47.45,47.79,191833,0.0014668901927912,7.0064,2981.881103515625,-0.0002681495983363,0.2370611972057311,0.2451085519128576,3223.3798828125,12.670000076293945,28.350000381469727,67.19999694824219,2.8385000228881836,2981.881103515625,105.44,4.15,-1.1
2019-12-26,47.15,48.19,47.08,47.35,110346,-0.0092069470600543,6.9949,3007.35498046875,0.0085428882201545,0.2308086032690512,0.2448110417940751,3239.909912109375,12.649999618530273,28.729333877563477,67.91999816894531,2.864500045776367,3007.35498046875,105.26,4.15,-1.8
2019-12-27,47.14,47.79,46.94,46.94,109621,-0.0086589229144667,6.9954,3005.035888671875,-0.0007711400256824,0.2348239839614764,0.2453103673963325,3240.02001953125,13.430000305175781,28.691999435424805,68.16000366210938,2.8364999294281006,3005.035888671875,104.34,4.15,-3.0
2019-12-30,47.29,48.74,46.96,48.58,196477,0.0349382190029825,6.9864,3040.02392578125,0.0116431345267022,0.2582387044556075,0.2558461095750951,3221.2900390625,14.819999694824219,27.64666748046875,68.44000244140625,2.827500104904175,3040.02392578125,110.14,4.15,-7.3
2019-12-31,48.45,49.04,47.84,48.61,132166,0.0006175380815149,6.9618,3050.1240234375,0.0033223743966601,0.2561395261701657,0.2554365704550484,3230.780029296875,13.779999732971191,27.8886661529541,66.0,2.7939999103546143,3050.1240234375,106.54,4.15,-8.1
2020-01-02,48.63,49.41,48.45,49.11,159346,0.0102859493931288,6.9642,3085.197998046875,0.0114991962096828,0.2567762958671711,0.2559427488849439,3257.85009765625,12.470000267028809,28.68400001525879,66.25,2.8329999446868896,3085.197998046875,107.66,4.15,-4.2
2020-01-03,49.14,49.93,48.62,48.98,129936,-0.002647118713093,6.9649,3083.785888671875,-0.0004577046192477,0.2570022404685,0.2531038801554058,3234.85009765625,14.020000457763672,29.534000396728516,68.5999984741211,2.7985000610351562,3083.785888671875,109.69,4.15,-1.4
2020-01-06,48.33,50.13,48.13,49.22,169871,0.0048999591670069,6.9749,3083.407958984375,-0.0001225538027423,0.2532385655612638,0.2522226270342461,3246.280029296875,13.850000381469727,30.1026668548584,68.91000366210938,2.80049991607666,3083.407958984375,109.23,4.15,0.0
2020-01-07,49.25,49.44,48.71,48.99,93401,-0.0046728971962616,6.9443,3104.802001953125,0.0069384405999253,0.2516530011595204,0.2517864919659008,3237.179931640625,13.789999961853027,31.270666122436523,68.2699966430664,2.803999900817871,3104.802001953125,108.64,4.15,0.7
2020-01-08,48.49,49.29,48.09,48.22,110974,-0.0157174933659931,6.9447,3066.89306640625,-0.0122097755422174,0.2621019418294967,0.2514126686014129,3253.050048828125,13.449999809265137,32.80933380126953,65.44000244140625,2.819000005722046,3066.89306640625,109.74,4.15,-1.5
2020-01-09,48.69,49.14,48.32,48.59,89217,0.0076731646619661,6.9309,3094.882080078125,0.0091261785350318,0.259090205331408,0.2510885807159929,3274.699951171875,12.539999961853027,32.089332580566406,65.37000274658203,2.810499906539917,3094.882080078125,115.14,4.15,-3.0
2020-01-10,48.6,48.6,47.55,47.86,109295,-0.0150236674212801,6.9178,3092.291015625,-0.0008372094270744,0.2598658356782115,0.2530121167532005,3265.35009765625,12.5600004196167,31.876667022705078,64.9800033569336,2.81850004196167,3092.291015625,113.45,4.15,-1.3
2020-01-13,52.55,52.55,51.45,52.55,518828,0.0979941496030087,6.8924,3115.570068359375,0.0075280924779552,0.4216926071377424,0.3217685255729252,3288.1298828125,12.319999694824219,34.990665435791016,64.19999694824219,2.8615000247955322,3115.570068359375,117.04,4.15,-3.8
2020-01-14,55.94,56.93,53.94,54.38,614976,0.0348239771646052,6.8837,3106.820068359375,-0.0028084747920972,0.4308531665828886,0.3282659152156937,3283.14990234375,12.390000343322754,35.861331939697266,64.48999786376953,2.875999927520752,3106.820068359375,115.84,4.15,-4.4
2020-01-15,54.95,55.69,53.22,54.25,298705,-0.0023905847738139,6.8899,3090.0400390625,-0.0054010302906715,0.4310651938537764,0.3283764371195496,3289.2900390625,12.420000076293945,34.56666564941406,64.0,2.869999885559082,3090.0400390625,115.44,4.15,-4.4
2020-01-16,54.43,55.48,52.72,55.03,335737,0.0143778801843317,6.8769,3074.0810546875,-0.0051646529408213,0.4272342256769073,0.3290036891778385,3316.81005859375,12.319999694824219,34.232666015625,64.62000274658203,2.8519999980926514,3074.0810546875,116.54,4.15,-3.1
2020-01-17,54.8,60.44,54.14,58.89,530600,0.0701435580592404,6.8589,3075.49609375,0.0004603128666182,0.4775034385344143,0.3568680101303323,3329.6201171875,12.100000381469727,34.03333282470703,64.8499984741211,2.8494999408721924,3075.49609375,115.22,4.15,-2.9
2020-01-20,58.24,60.84,57.44,59.7,300776,0.0137544574630668,6.8589,3095.787109375,0.0065976398624714,0.469761842986169,0.3573528174017811,3329.6201171875,12.100000381469727,34.03333282470703,64.8499984741211,2.8494999408721924,3095.787109375,123.34,4.15,-0.6
2020-01-21,58.66,58.67,57.49,57.66,203837,-0.0341708542713569,6.9049,3052.139892578125,-0.0140989077267935,0.4825287063871732,0.3657430857308727,3320.7900390625,12.850000381469727,36.47999954223633,64.58999633789062,2.7985000610351562,3052.139892578125,121.79,4.15,-2.2
2020-01-22,57.44,61.44,57.04,60.21,327980,0.0442247658688865,6.904,3060.7548828125,0.0028226066096523,0.4938526388952528,0.3749845687546657,3321.75,12.90999984741211,37.97066879272461,63.209999084472656,2.7669999599456787,3060.7548828125,133.96,4.15,-1.2
2020-01-23,58.93,62.82,58.45,60.77,291585,0.009300780601229,6.9364,2976.528076171875,-0.0275183116144307,0.4923887543650834,0.3452284415376709,3325.5400390625,12.979999542236328,38.14666748046875,62.040000915527344,2.7260000705718994,2976.528076171875,130.71,4.15,-0.7
2020-02-03,54.79,55.42,54.79,54.79,100398,-0.098403817673194,7.0208,2746.60595703125,-0.0772450698453779,0.627788126887103,0.4010864636258029,3248.919921875,17.969999313354492,52.0,54.45000076293945,2.513000011444092,2746.60595703125,135.5,4.15,-2.8
2020-02-04,54.94,58.44,54.94,57.3,367775,0.0458112794305529,6.9979,2783.2880859375,0.0133554392148407,0.6382274938602759,0.4093907015953834,3297.590087890625,16.049999237060547,59.137332916259766,53.959999084472656,2.547499895095825,2783.2880859375,149.04,4.15,-2.8
2020-02-05,58.64,62.94,57.93,61.75,446230,0.0776614310645724,6.972,2818.087890625,0.0125031270975237,0.6765342580177044,0.4355656588892899,3334.68994140625,15.149999618530273,48.97999954223633,55.279998779296875,2.5789999961853027,2818.087890625,163.93,4.15,-5.9
2020-02-06,59.39,61.79,59.34,61.69,301132,-0.0009716599190283,6.9694,2866.510009765625,0.0171826149573659,0.6769411656442418,0.4356168774997501,3345.780029296875,14.960000038146973,49.930667877197266,54.93000030517578,2.5985000133514404,2866.510009765625,170.03,4.15,-5.4
2020-02-07,61.68,61.68,57.6,58.84,321282,-0.0461987356135515,7.0003,2875.9599609375,0.0032966747507181,0.7087229240159593,0.4483579111962587,3327.7099609375,15.470000267028809,49.871334075927734,54.470001220703125,2.559000015258789,2875.9599609375,160.34,4.15,-3.9
2020-02-10,60.14,64.3,59.79,61.87,352796,0.0514955812372535,6.982,2890.488037109375,0.0050515571736746,0.721821795830794,0.4584371016914469,3352.090087890625,15.039999961853027,51.41866683959961,53.27000045776367,2.557499885559082,2890.488037109375,165.4,4.15,2.3
2020-02-11,60.94,61.06,59.22,59.98,196176,-0.03054792306449,6.965,2901.669921875,0.0038685109995499,0.73771430480559,0.4643512069726906,3357.75,15.180000305175781,51.62533187866211,54.0099983215332,2.5885000228881836,2901.669921875,158.54,4.15,2.5
2020-02-12,59.98,61.54,59.29,60.13,197456,0.0025008336112037,6.9708,2926.89892578125,0.0086946498345847,0.7361360912378745,0.4614052849671858,3379.449951171875,13.739999771118164,51.15266799926758,55.790000915527344,2.6059999465942383,2926.89892578125,159.79,4.15,3.2
2020-02-13,59.44,61.07,58.44,58.49,236947,-0.0272742391485115,6.9759,2906.073974609375,-0.0071150223154071,0.7428773609526277,0.4662003145433293,3373.93994140625,14.149999618530273,53.599998474121094,56.34000015258789,2.619499921798706,2906.073974609375,156.48,4.15,4.1
2020-02-14,58.5,58.84,57.38,57.84,211174,-0.0111130107710719,6.9859,2917.008056640625,0.003762492671137,0.7468877903354074,0.4649311174471384,3380.159912109375,13.680000305175781,53.33533477783203,57.31999969482422,2.6054999828338623,2917.008056640625,150.04,4.15,0.5
2020-02-17,57.85,59.5,57.85,59.42,209889,0.0273167358229597,6.9859,2983.6220703125,0.0228364174450004,0.7433367422487692,0.4671950767943044,3380.159912109375,13.680000305175781,53.33533477783203,57.31999969482422,2.6054999828338623,2983.6220703125,154.24,4.15,1.2
2020-02-18,58.74,60.94,58.71,60.41,228365,0.0166610568832041,6.9949,2984.971923828125,0.0004524210787473,0.6709621461311438,0.4668077839555287,3370.2900390625,14.829999923706055,57.22666549682617,57.75,2.609999895095825,2984.971923828125,156.76,4.15,3.0
2020-02-19,65.41,65.42,62.6,62.85,437477,0.0403906637973845,6.9975,2975.402099609375,-0.0032060014174193,0.6742134054678075,0.4714337213251552,3386.14990234375,14.380000114440918,61.16133117675781,59.119998931884766,2.612499952316284,2975.402099609375,153.34,4.15,2.1
2020-02-20,64.11,69.04,64.05,69.04,649391,0.0984884645982497,7.0225,3030.154052734375,0.018401530714853,0.7447418062957041,0.5070540576295332,3373.22998046875,15.5600004196167,59.96066665649414,59.310001373291016,2.5950000286102295,3030.154052734375,160.14,4.05,1.7
2020-02-21,67.94,69.21,66.62,68.44,455189,-0.0086906141367324,7.0255,3039.6689453125,0.0031400689247265,0.7487374929959333,0.506136019999254,3337.75,17.079999923706055,60.06666564941406,58.5,2.618000030517578,3039.6689453125,160.04,4.05,3.1
2020-02-24,66.36,68.08,65.9,67.14,357969,-0.0189947399181764,7.0286,3031.23291015625,-0.0027753137950299,0.7233854890346912,0.5090402488567515,3225.889892578125,25.030000686645508,55.58599853515625,56.29999923706055,2.5924999713897705,3031.23291015625,154.55,4.05,5.3
2020-02-25,65.34,73.13,65.11,71.79,407434,0.0692582663092047,7.0128,3013.050048828125,-0.0059985035353775,0.7557911326127597,0.5245528227622487,3128.2099609375,27.850000381469727,53.32733154296875,54.95000076293945,2.5964999198913574,3013.050048828125,161.99,4.05,5.9
2020-02-26,70.72,76.74,69.94,72.64,522768,0.0118400891489065,7.0214,2987.928955078125,-0.0083374299606375,0.7372736198959499,0.5236711490815036,3116.389892578125,27.559999465942383,51.91999816894531,53.43000030517578,2.5764999389648438,2987.928955078125,153.0,4.05,3.3
2020-02-27,72.62,74.09,69.02,70.99,272700,-0.0227147577092511,7.0036,2991.330078125,0.0011382877899739,0.7375255789536567,0.5267359892714143,2978.760009765625,39.15999984741211,45.266666412353516,52.18000030517578,2.571500062942505,2991.330078125,149.62,4.05,2.8
2020-02-28,67.6,69.93,65.89,66.31,338254,-0.0659247781377657,6.9906,2880.303955078125,-0.037115971874447,0.7843634230007691,0.546132048049235,2954.219970703125,40.11000061035156,44.53266525268555,50.52000045776367,2.5460000038146973,2880.303955078125,135.81,4.05,2.7
2020-03-02,66.54,68.17,64.94,67.79,225643,0.0223194088372795,6.9595,2970.930908203125,0.0314643713088751,0.682663543518834,0.5448380525539224,3090.22998046875,33.41999816894531,49.574668884277344,51.900001525878906,2.6010000705718994,2970.930908203125,140.13,4.05,3.1
2020-03-03,70.74,71.14,68.4,68.81,274253,0.0150464670305354,6.9579,2992.89697265625,0.0073936638487532,0.6708263720778449,0.5450041603452068,3003.3701171875,36.81999969482422,49.70066833496094,51.86000061035156,2.5794999599456787,2992.89697265625,145.92,4.05,3.0
2020-03-04,67.89,68.74,65.66,67.52,180933,-0.0187472751053626,6.9244,3011.666015625,0.0062711958146999,0.6278180030856684,0.5470794310287057,3130.1201171875,31.989999771118164,49.96666717529297,51.130001068115234,2.5929999351501465,3011.666015625,143.84,4.05,1.2
2020-03-05,67.96,68.56,66.44,67.75,170004,0.0034063981042653,6.9366,3071.677001953125,0.0199261757501589,0.6274387652666883,0.5469625711796046,3023.93994140625,39.619998931884766,48.30266571044922,49.9900016784668,2.5824999809265137,3071.677001953125,145.36,4.05,2.2
2020-03-06,66.44,68.49,66.27,66.3,147210,-0.0214022140221402,6.9298,3034.510986328125,-0.0120995845596291,0.6061931202055535,0.5501647856263817,2972.3701171875,41.939998626708984,46.89866638183594,45.27000045776367,2.572999954223633,3034.510986328125,143.66,4.05,4.1
2020-03-09,64.23,64.23,60.12,60.39,292479,-0.0891402714932125,6.9448,2943.291015625,-0.0300608470735855,0.6704016696732481,0.5842102112487387,2746.56005859375,54.459999084472656,40.53333282470703,34.36000061035156,2.5239999294281006,2943.291015625,133.59,4.05,7.5
2020-03-10,58.54,62.44,58.27,61.11,266805,0.0119225037257824,6.9549,2996.761962890625,0.0181670609470028,0.6619388927259297,0.5837238033577119,2882.22998046875,47.29999923706055,43.02199935913086,37.220001220703125,2.5339999198913574,2996.761962890625,140.67,4.05,4.8
2020-03-11,61.71,62.09,59.54,59.69,222212,-0.023236786123384,6.9595,2968.51708984375,-0.0094251306565672,0.6678339068573795,0.5861638265671696,2741.3798828125,53.900001525878906,42.28200149536133,35.790000915527344,2.51200008392334,2968.51708984375,140.92,4.05,4.6
2020-03-12,58.25,58.6,56.84,57.97,232383,-0.028815546992796,7.0282,2923.486083984375,-0.0151695289252133,0.6687050266043653,0.5903461362120919,2480.639892578125,75.47000122070312,37.369998931884766,33.220001220703125,2.4809999465942383,2923.486083984375,134.34,4.05,7.7
2020-03-13,54.74,57.44,53.29,56.6,213198,-0.0236329135759875,7.0079,2887.427001953125,-0.0123342752437889,0.6730251329216023,0.5928519727905563,2711.02001953125,57.83000183105469,36.44133377075195,33.849998474121094,2.4739999771118164,2887.427001953125,132.24,4.05,5.1
2020-03-16,57.53,58.27,54.82,54.82,238773,-0.0314487632508834,6.9913,2789.25390625,-0.034000200052406,0.6734469861767416,0.5962184625873911,2386.1298828125,82.69000244140625,29.67133331298828,30.049999237060547,2.3984999656677246,2789.25390625,119.2,4.05,5.3
2020-03-17,54.82,55.9,52.82,53.98,180919,-0.0153228748631887,7.003,2779.64111328125,-0.0034463671260656,0.6705181986576088,0.5974132312766458,2529.18994140625,75.91000366210938,28.68000030517578,28.729999542236328,2.315500020980835,2779.64111328125,118.09,4.05,10.9
2020-03-18,54.53,55.61,52.96,53.03,172684,-0.0175991107817709,7.0459,2728.756103515625,-0.0183063236194392,0.6499981124900858,0.598387054391604,2398.10009765625,76.44999694824219,24.08133316040039,24.8799991607666,2.1605000495910645,2728.756103515625,117.49,4.05,12.6
2020-03-19,53.05,53.46,50.82,52.3,194450,-0.0137657929473883,7.1058,2702.1298828125,-0.0097576403654473,0.5149415591387013,0.5983662299667903,2409.389892578125,72.0,28.50933265686035,28.469999313354492,2.200000047683716,2702.1298828125,115.18,4.05,10.5
2020-03-20,53.24,53.73,52.34,53.46,148296,0.0221797323135755,7.095,2745.617919921875,0.0160939847436609,0.5300304230818548,0.599273820685413,2304.919921875,66.04000091552734,28.50200080871582,26.979999542236328,2.190500020980835,2745.617919921875,116.0,4.05,13.0
2020-03-23,51.19,51.74,48.83,49.09,242740,-0.0817433595211372,7.09,2660.169921875,-0.0311215910367114,0.5853384016041551,0.6240761528443156,2237.39990234375,61.59000015258789,28.952667236328125,27.030000686645508,2.119499921798706,2660.169921875,107.62,4.05,13.3
2020-03-24,50.2,50.82,48.33,50.67,205027,0.0321857812181707,7.061,2722.43798828125,0.0234075522372498,0.5264985085668911,0.6232478072377191,2447.330078125,61.66999816894531,33.66666793823242,27.149999618530273,2.197499990463257,2722.43798828125,111.71,4.05,11.6
2020-03-25,52.49,53.74,51.98,53.19,289787,0.0497335701598578,7.1099,2781.591064453125,0.0217279792695002,0.569219505146875,0.6287323247507621,2475.56005859375,63.95000076293945,35.95000076293945,27.389999389648438,2.2339999675750732,2781.591064453125,121.14,4.05,15.7
2020-03-26,53.44,56.12,52.55,55.21,296621,0.037977063357774,7.0709,2764.910888671875,-0.0059966312066541,0.5981112726146698,0.6309706602983551,2630.070068359375,61.0,35.21066665649414,26.34000015258789,2.2079999446868896,2764.910888671875,119.77,4.05,8.9
2020-03-27,56.34,56.99,55.38,55.72,229972,0.0092374569824307,7.0942,2772.202880859375,0.0026373335275924,0.5665749519421238,0.631079995705949,2541.469970703125,65.54000091552734,34.29066848754883,24.93000030517578,2.197000026702881,2772.202880859375,118.85,4.05,6.9
2020-03-30,55.94,58.72,55.81,57.17,328937,0.0260229720028715,7.0986,2747.214111328125,-0.0090140478908612,0.5693529631843985,0.6322178153084782,2626.64990234375,57.08000183105469,33.47533416748047,22.760000228881836,2.1619999408721924,2747.214111328125,119.45,4.05,11.9
2020-03-31,57.7,60.93,56.39,60.91,350174,0.0654189260101449,7.0808,2750.2958984375,0.0011217862840275,0.621882268883965,0.6440370046303349,2584.590087890625,53.540000915527344,34.93333435058594,22.739999771118164,2.240000009536743,2750.2958984375,120.53,4.05,13.5
2020-04-01,60.84,61.6,57.96,58.06,365565,-0.04679034641274,7.0989,2734.52197265625,-0.0057353558903285,0.6376683018462285,0.64965216714081,2470.5,57.060001373291016,32.104000091552734,24.739999771118164,2.191999912261963,2734.52197265625,120.54,4.05,10.8
2020-04-02,57.64,57.64,55.74,57.53,233842,-0.009128487771271,7.0857,2780.637939453125,0.0168643613977177,0.6365741672755711,0.6501627845907502,2526.89990234375,50.90999984741211,30.29800033569336,29.940000534057617,2.2330000400543213,2780.637939453125,123.74,4.05,11.7
2020-04-03,57.53,57.53,55.85,55.94,169190,-0.0276377542151921,7.0908,2763.987060546875,-0.0059881506578036,0.6387785379124586,0.653144401012646,2488.64990234375,46.79999923706055,32.000667572021484,34.11000061035156,2.2100000381469727,2763.987060546875,121.14,4.05,15.1
2020-04-07,57.38,57.86,56.54,57.25,189116,0.0234179478012155,7.0448,2820.762939453125,0.0205412969245291,0.5696043138247603,0.6543645199905328,2659.409912109375,46.70000076293945,36.36333465576172,31.8700008392334,2.2885000705718994,2820.762939453125,124.84,4.05,13.5
2020-04-08,56.74,56.74,55.98,56.26,129543,-0.017292576419214,7.0649,2815.368896484375,-0.0019122638394404,0.5695385757623341,0.6557318485445053,2749.97998046875,43.349998474121094,36.589332580566406,32.84000015258789,2.2780001163482666,2815.368896484375,123.14,4.05,10.7
2020-04-09,56.75,57.48,56.49,56.59,133338,0.0058656238890864,7.0428,2825.904052734375,0.0037420162818291,0.5655251198164123,0.6555561435661083,2789.820068359375,41.66999816894531,38.20000076293945,31.479999542236328,2.2774999141693115,2825.904052734375,120.35,4.05,9.6
2020-04-10,57.22,57.22,55.09,55.51,131855,-0.019084643930023,7.0341,2796.631103515625,-0.0103587909116819,0.5604504358196707,0.6560082769520384,2789.820068359375,41.66999816894531,38.20000076293945,31.479999542236328,2.2774999141693115,2796.631103515625,118.6,4.05,11.3
2020-04-13,55.67,56.88,55.67,56.74,102560,0.0221581696991532,7.0501,2783.048095703125,-0.004856917952255,0.5601124814618806,0.6571020759886417,2761.6298828125,41.16999816894531,43.39666748046875,31.739999771118164,2.320499897003174,2783.048095703125,114.83,4.05,16.6
2020-04-14,56.74,58.94,56.32,58.86,233863,0.0373634120549877,7.0479,2827.282958984375,0.0158943941175671,0.5609556388039963,0.6595847038780048,2846.06005859375,37.7599983215332,47.32600021362305,29.600000381469727,2.3469998836517334,2827.282958984375,126.3,4.05,18.2
2020-04-15,60.3,63.33,59.32,61.08,306227,0.0377166156982671,7.0664,2811.174072265625,-0.0056976563550387,0.5680725424920051,0.6340889662977685,2783.360107421875,40.84000015258789,48.65533447265625,27.690000534057617,2.3125,2811.174072265625,128.14,4.05,18.8
2020-04-16,61.04,62.24,59.99,60.95,165259,-0.0021283562540929,7.0778,2819.93505859375,0.0031164866005839,0.5618757568540071,0.6307551655100322,2799.550048828125,40.11000061035156,49.680667877197266,27.81999969482422,2.304500102996826,2819.93505859375,133.09,4.05,15.0
2020-04-17,61.54,61.92,59.62,59.74,156490,-0.0198523379819524,7.0711,2838.4951171875,0.0065817326314618,0.5653479962862815,0.6323679918040186,2874.56005859375,38.150001525878906,50.259334564208984,28.079999923706055,2.3534998893737793,2838.4951171875,137.09,4.05,16.5
2020-04-20,60.34,60.34,59.1,59.8,107474,0.0010043521928355,7.0721,2852.552978515625,0.0049525754837493,0.5629382286339746,0.6318789293898118,2823.159912109375,43.83000183105469,49.75733184814453,25.56999969482422,2.3345000743865967,2852.552978515625,134.65,3.85,11.6
2020-04-21,59.44,60.62,58.74,60.31,147148,0.0085284280936455,7.0914,2827.012939453125,-0.0089533969236884,0.4570956159594889,0.6159849697933055,2736.56005859375,45.40999984741211,45.781333923339844,19.329999923706055,2.2669999599456787,2827.012939453125,130.66,3.85,8.3
2020-04-22,59.34,60.94,58.82,60.37,121458,0.0009948598905653,7.0831,2843.97998046875,0.0060017556972722,0.4510513398469151,0.6154237530117227,2799.31005859375,41.97999954223633,48.807334899902344,20.3700008392334,2.317500114440918,2843.97998046875,130.99,3.85,9.1
2020-04-23,60.93,61.49,58.98,59.19,116028,-0.01954613218486,7.0654,2838.4990234375,-0.0019272136473853,0.4351891729989796,0.6125845399554039,2797.800048828125,41.380001068115234,47.04199981689453,21.329999923706055,2.3239998817443848,2838.4990234375,130.04,3.85,11.9
2020-04-24,59.61,61.43,59.44,59.67,135949,0.0081094779523569,7.0813,2808.529052734375,-0.0105583868289764,0.4184101693357582,0.6061811724910404,2836.739990234375,35.93000030517578,48.34333419799805,21.440000534057617,2.3480000495910645,2808.529052734375,131.83,3.85,18.3
2020-04-27,59.96,60.03,57.82,57.92,138265,-0.0293279705044411,7.0848,2815.4951171875,0.0024803248684013,0.4343650009871303,0.6089677274755041,2878.47998046875,33.290000915527344,53.25,19.989999771118164,2.381999969482422,2815.4951171875,134.05,3.85,16.1
2020-04-28,57.94,58.53,55.7,57.92,128658,0.0,7.0776,2810.02392578125,-0.001943243081066,0.4252332469581342,0.5734591600745256,2863.389892578125,33.56999969482422,51.27466583251953,20.459999084472656,2.378999948501587,2810.02392578125,138.44,3.85,20.1
2020-04-29,59.14,60.39,58.5,58.94,165126,0.017610497237569,7.0755,2822.44189453125,0.0044191683337884,0.3576509431851762,0.5670421866705518,2939.510009765625,31.229999542236328,53.367332458496094,22.540000915527344,2.374500036239624,2822.44189453125,138.86,3.85,22.3
2020-04-30,59.76,61.52,59.45,60.9,218876,0.0332541567695963,7.0622,2860.08203125,0.0133360182867472,0.3350661196862217,0.5484292670354938,2912.429931640625,34.150001525878906,52.12533187866211,25.270000457763672,2.3540000915527344,2860.08203125,144.52,3.85,24.1
2020-05-06,60.34,63.44,60.04,63.12,231906,0.0364532019704433,7.1031,2878.139892578125,0.0063137564345427,0.3525132528305028,0.5533831061461711,2848.419921875,34.119998931884766,52.172000885009766,29.719999313354492,2.3524999618530273,2878.139892578125,145.93,3.85,19.7
2020-05-07,63.11,63.11,60.92,61.03,225118,-0.0331115335868187,7.0825,2871.52294921875,-0.0022990346565286,0.3596730743647721,0.5492521078230699,2881.18994140625,31.440000534057617,52.00266647338867,29.459999084472656,2.385499954223633,2871.52294921875,143.34,3.85,18.0
2020-05-08,61.05,61.44,60.24,60.72,171472,-0.0050794691135507,7.0732,2895.340087890625,0.008294253291047,0.3540863883493646,0.539270584250323,2929.800048828125,27.979999542236328,54.62799835205078,30.969999313354492,2.4084999561309814,2895.340087890625,144.22,3.85,15.1
2020-05-11,60.23,60.6,59.05,59.82,190716,-0.0148221343873518,7.0972,2894.800048828125,-0.0001865200791985,0.352295825679866,0.5363893388538478,2930.18994140625,27.56999969482422,54.08599853515625,29.6299991607666,2.381999969482422,2894.800048828125,137.76,3.85,20.6
2020-05-12,59.83,60.08,59.14,60.07,104020,0.0041792042795052,7.0816,2891.555908203125,-0.0011206786549258,0.3521841123773994,0.5364268804230728,2870.1201171875,33.040000915527344,53.96066665649414,29.979999542236328,2.3605000972747803,2891.555908203125,139.14,3.85,20.2
2020-05-13,60.07,60.69,59.44,59.93,111115,-0.0023306142833361,7.0911,2898.050048828125,0.0022458983437174,0.3430121106320507,0.5333285457910781,2820.0,35.279998779296875,52.73066711425781,29.190000534057617,2.3489999771118164,2898.050048828125,138.4,3.85,21.4
2020-05-14,59.84,59.84,58.49,58.63,118363,-0.0216919739696311,7.0935,2870.342041015625,-0.0095609141821771,0.3476090176875238,0.5347901126148581,2852.5,32.61000061035156,53.55533218383789,31.1299991607666,2.3510000705718994,2870.342041015625,135.74,3.85,23.8
2020-05-15,58.73,59.52,58.24,58.9,102771,0.0046051509466142,7.1013,2868.458984375,-0.0006560391109202,0.3217259813051591,0.5319955923554793,2863.699951171875,31.889999389648438,53.27799987792969,32.5,2.3334999084472656,2868.458984375,145.62,3.85,19.4
2020-05-18,58.34,59.34,57.34,58.12,104743,-0.0132427843803055,7.1086,2875.41796875,0.0024260358655663,0.2924937802838533,0.5316227103828746,2953.909912109375,29.299999237060547,54.242000579833984,34.810001373291016,2.4049999713897705,2875.41796875,141.95,3.85,20.3
2020-05-19,58.94,59.54,58.69,59.16,94042,0.0178940123881623,7.098,2898.575927734375,0.0080537713946478,0.3011735669515132,0.5262779249342583,2922.93994140625,30.530000686645508,53.867332458496094,34.650001525878906,2.4230000972747803,2898.575927734375,143.4,3.85,22.7
2020-05-20,59.64,61.24,59.61,59.95,164708,0.0133536173089927,7.0928,2883.738037109375,-0.0051190277553286,0.2971087409618633,0.4852253827271243,2971.610107421875,27.989999771118164,54.37066650390625,35.75,2.4674999713897705,2883.738037109375,149.44,3.85,22.8
2020-05-21,60.05,60.31,57.95,58.09,120968,-0.0310258548790658,7.1138,2867.924072265625,-0.0054838423741158,0.3172339375083709,0.4887096228201518,2948.510009765625,29.530000686645508,55.17333221435547,36.060001373291016,2.4519999027252197,2867.924072265625,147.6,3.85,19.5
2020-05-22,58.1,58.61,56.45,56.97,92350,-0.0192804269237391,7.1269,2813.764892578125,-0.0188844538149557,0.3211867323664968,0.488751758563487,2955.449951171875,28.15999984741211,54.45866775512695,35.130001068115234,2.4089999198913574,2813.764892578125,142.95,3.85,22.1
2020-05-25,56.97,57.49,56.25,57.46,59697,0.0086010180796911,7.1269,2817.969970703125,0.0014944667680272,0.323458373936371,0.4661242891095709,2955.449951171875,28.15999984741211,54.45866775512695,35.130001068115234,2.4089999198913574,2817.969970703125,144.44,3.85,20.6
2020-05-26,57.74,59.32,57.74,59.24,98544,0.0309780717020535,7.134,2846.547119140625,0.0101410407969568,0.337098423765993,0.4704052921668307,2991.77001953125,28.010000228881836,54.591331481933594,36.16999816894531,2.438499927520752,2846.547119140625,150.17,3.85,22.1
2020-05-27,60.54,60.89,58.01,58.24,113617,-0.0168804861580013,7.1681,2836.803955078125,-0.0034228009074521,0.3410252306330387,0.4695096688115761,3036.1298828125,27.6200008392334,54.68199920654297,34.7400016784668,2.4024999141693115,2836.803955078125,151.64,3.85,22.6
2020-05-28,58.29,59.17,57.34,58.42,86300,0.0030906593406594,7.1447,2846.221923828125,0.0033199223136801,0.3243054382281178,0.4508472661356808,3029.72998046875,28.59000015258789,53.72066879272461,35.290000915527344,2.4130001068115234,2846.221923828125,147.98,3.85,23.8
2020-05-29,58.06,58.96,57.75,58.35,68036,-0.0011982197877439,7.1348,2852.35107421875,0.0021534337640058,0.3243640840283989,0.4480615690429142,3044.31005859375,27.510000228881836,55.66666793823242,35.33000183105469,2.426500082015991,2852.35107421875,145.67,3.85,24.1
2020-06-01,58.69,60.63,58.38,60.27,161068,0.032904884318766,7.1263,2915.430908203125,0.0221150315452147,0.3392251662907882,0.452453743529454,3055.72998046875,28.229999542236328,59.87333297729492,38.31999969482422,2.4744999408721924,2915.430908203125,151.09,3.85,21.9
2020-06-02,60.51,63.12,59.82,61.94,204796,0.0277086444333829,7.0992,2921.39794921875,0.0020467098015719,0.3328144545575105,0.4550320104281971,3080.820068359375,26.84000015258789,58.770668029785156,39.56999969482422,2.494499921798706,2921.39794921875,149.6,3.85,23.9
2020-06-03,61.73,61.99,60.42,60.87,146357,-0.0172747820471423,7.1115,2923.37109375,0.0006754110756386,0.3109477078037902,0.4561437261133541,3122.8701171875,25.65999984741211,58.86399841308594,39.790000915527344,2.496500015258789,2923.37109375,148.64,3.85,27.0
2020-06-04,61.42,62.14,60.65,61.05,105743,0.0029571217348447,7.1075,2919.2509765625,-0.0014093719392342,0.2880294787121118,0.4543032246360627,3112.35009765625,25.809999465942383,57.62533187866211,39.9900016784668,2.493000030517578,2919.2509765625,150.36,3.85,24.7
2020-06-05,61.94,64.22,61.27,64.14,265451,0.0506142506142506,7.0808,2930.799072265625,0.0039558420279175,0.3380604526940117,0.4279700190923235,3193.929931640625,24.520000457763672,59.04399871826172,42.29999923706055,2.556999921798706,2930.799072265625,151.56,3.85,24.0
2020-06-08,63.94,64.77,63.39,63.73,172441,-0.006392266916121,7.07,2937.77099609375,0.0023788474256392,0.3334735597491848,0.4276856503663078,3232.389892578125,25.809999465942383,63.327999114990234,40.79999923706055,2.569999933242798,2937.77099609375,151.76,3.85,31.5
2020-06-09,63.94,65.35,62.63,62.92,204431,-0.0127098697630628,7.0765,2956.112060546875,0.0062431906630953,0.3382896874235516,0.425671006524051,3207.179931640625,27.56999969482422,62.711334228515625,41.18000030517578,2.6005001068115234,2956.112060546875,154.32,3.85,27.3
2020-06-10,63.2,63.36,61.62,61.99,186194,-0.0147806738715829,7.0599,2943.7529296875,-0.0041808735955323,0.3435105888852856,0.4223986209915099,3190.139892578125,27.56999969482422,68.336669921875,41.72999954223633,2.6570000648498535,2943.7529296875,157.04,3.85,27.0
2020-06-11,62.81,65.14,62.45,63.78,280233,0.0288756251008226,7.064,2920.89697265625,-0.0077642239607643,0.3443221037980331,0.4227792374582292,3002.10009765625,40.790000915527344,64.85600280761719,38.54999923706055,2.5864999294281006,2920.89697265625,164.34,3.85,26.1
2020-06-12,62.34,62.87,61.57,62.42,175497,-0.0213232988397616,7.0825,2919.740966796875,-0.0003957708437499,0.3562510744158129,0.4198215832864003,3041.31005859375,36.09000015258789,62.35200119018555,38.72999954223633,2.6015000343322754,2919.740966796875,159.66,3.85,27.6
2020-06-15,63.44,64.82,62.19,63.44,195740,0.0163409163729573,7.0887,2890.030029296875,-0.0101758812983312,0.353671087926226,0.4190911845404832,3066.590087890625,34.400001525878906,66.05999755859375,39.720001220703125,2.56850004196167,2890.030029296875,158.06,3.85,30.3
2020-06-16,64.74,65.4,64.07,65.04,214116,0.0252206809583859,7.0854,2931.75,0.0144358260226364,0.3582441777242267,0.4192725642952486,3124.739990234375,33.66999816894531,65.47533416748047,40.959999084472656,2.565999984741211,2931.75,160.36,3.85,28.7
2020-06-17,64.94,65.05,63.3,65.05,144378,0.0001537515375151,7.084,2935.8701171875,0.0014053439711776,0.3572190426810274,0.417756258052326,3113.489990234375,33.470001220703125,66.11933135986328,40.709999084472656,2.5920000076293945,2935.8701171875,158.16,3.85,26.8
2020-06-18,64.74,67.7,63.88,67.68,279033,0.0404304381245197,7.0869,2939.320068359375,0.0011751034733034,0.3534500630933881,0.4227955442866219,3115.340087890625,32.939998626708984,66.9306640625,41.5099983215332,2.5910000801086426,2939.320068359375,159.31,3.85,26.0
2020-06-19,67.63,69.62,67.24,67.93,220619,0.003693853427896,7.0707,2967.6298828125,0.0096314160400117,0.3391341511340822,0.3829166554443828,3097.739990234375,35.119998931884766,66.72666931152344,42.189998626708984,2.615000009536743,2967.6298828125,166.26,3.85,27.3
2020-06-22,67.54,69.72,67.23,68.94,196255,0.0148682467245693,7.0678,2965.27197265625,-0.0007945432042945,0.3397530717754275,0.3794316728436251,3117.860107421875,31.770000457763672,66.28800201416016,43.08000183105469,2.6554999351501465,2965.27197265625,165.36,3.85,29.7
2020-06-23,68.51,73.03,67.94,71.97,260375,0.0439512619669277,7.0575,2970.6201171875,0.0018035932557172,0.3535405054950672,0.3767228915951029,3131.2900390625,31.3700008392334,66.78533172607422,42.630001068115234,2.6600000858306885,2970.6201171875,169.25,3.85,27.0
2020-06-24,72.04,74.0,71.7,72.64,196681,0.0093094344865916,7.077,2979.551025390625,0.003006412079233,0.3390430679645441,0.3706429301920294,3050.330078125,33.84000015258789,64.0566635131836,40.310001373291016,2.6505000591278076,2979.551025390625,171.86,3.85,26.1
2020-06-29,72.44,73.37,71.24,71.54,173376,-0.0151431718061673,7.0794,2961.51611328125,-0.0060528958744751,0.350885561825179,0.3727717751601381,3053.239990234375,31.780000686645508,67.29000091552734,41.709999084472656,2.679500102996826,2961.51611328125,171.4,3.85,25.3
2020-06-30,72.35,73.79,71.81,72.74,169831,0.0167738328207993,7.0651,2984.674072265625,0.0078196295743657,0.3487925369883268,0.3709623408269581,3100.2900390625,30.43000030517578,71.98733520507812,41.150001525878906,2.7135000228881836,2984.674072265625,174.72,3.85,27.0
2020-07-01,74.15,76.39,71.97,73.41,235093,0.0092108880945833,7.0703,3025.98095703125,0.0138396634826762,0.3393472890145801,0.3486124487103864,3115.860107421875,28.6200008392334,74.64199829101562,42.029998779296875,2.7170000076293945,3025.98095703125,169.76,3.85,27.3
2020-07-02,73.57,75.55,72.74,73.08,214074,-0.0044953003677973,7.066,3090.569091796875,0.0213445278350301,0.3364557303069692,0.3330577847901272,3130.010009765625,27.68000030517578,80.57733154296875,43.13999938964844,2.7335000038146973,3090.569091796875,167.56,3.85,25.0
2020-07-03,74.24,80.29,74.17,80.29,455388,0.0986590038314176,7.066,3152.81298828125,0.0201399466038747,0.4508284246553099,0.3841655152577449,3130.010009765625,27.68000030517578,80.57733154296875,43.13999938964844,2.7335000038146973,3152.81298828125,167.96,3.85,22.8
2020-07-06,80.27,82.53,78.35,81.84,461224,0.0193050193050192,7.0159,3332.881103515625,0.0571134779968471,0.4490992948371134,0.3786929586990183,3179.719970703125,27.940000534057617,91.43866729736328,43.099998474121094,2.7660000324249268,3332.881103515625,178.16,3.85,25.5
2020-07-07,85.7,89.44,83.94,83.94,466706,0.0256598240469208,7.0127,3345.3369140625,0.0037372501928545,0.4313310679929352,0.3791449093018997,3145.320068359375,29.43000030517578,92.65733337402344,43.08000183105469,2.7874999046325684,3345.3369140625,195.94,3.85,26.8
2020-07-08,82.88,85.22,82.8,83.69,319156,-0.0029783178460804,7.0041,3403.43994140625,0.0173683634373289,0.4293686767107078,0.3764053276379117,3169.93994140625,28.079999923706055,91.05867004394531,43.290000915527344,2.814500093460083,3403.43994140625,197.93,3.85,26.3
2020-07-09,83.69,87.24,82.4,85.4,327974,0.0204325486915999,6.9923,3450.593994140625,0.01385482145893,0.4179362852439576,0.3774149313985332,3152.050048828125,29.260000228881836,92.9520034790039,42.349998474121094,2.828000068664551,3450.593994140625,205.38,3.85,21.7
2020-07-10,85.41,93.3,83.99,89.94,396029,0.0531615925058546,6.999,3383.322021484375,-0.0194957658798696,0.4217646028532837,0.3849291689045581,3185.0400390625,27.290000915527344,102.97666931152344,43.2400016784668,2.88700008392334,3383.322021484375,204.26,3.85,22.3
2020-07-13,93.54,98.84,93.23,98.84,579871,0.0989548587947521,6.9959,3443.285888671875,0.0177233697551473,0.5078657662967855,0.4266073961908302,3155.219970703125,32.189998626708984,99.80400085449219,42.720001220703125,2.941999912261963,3443.285888671875,224.47,3.85,24.2
2020-07-14,98.84,98.85,91.52,97.49,536389,-0.0136584378794011,7.006,3414.618896484375,-0.0083254754656916,0.4997354181697239,0.4252570706610197,3197.52001953125,29.520000457763672,101.12000274658203,42.900001525878906,2.9159998893737793,3414.618896484375,216.31,3.85,25.5
2020-07-15,97.94,98.23,93.63,95.44,388696,-0.0210277977228433,6.9885,3361.303955078125,-0.0156137311432154,0.5233773465640953,0.4252300160279039,3226.56005859375,27.760000228881836,103.06732940673828,43.790000915527344,2.870500087738037,3361.303955078125,207.39,3.85,26.8
2020-07-16,95.34,96.44,85.99,85.99,560467,-0.0990150880134116,6.9881,3210.09912109375,-0.0449839812183425,0.6744616813094209,0.4779861137344708,3215.570068359375,28.0,100.04266357421875,43.369998931884766,2.885999917984009,3210.09912109375,197.13,3.85,27.8
2020-07-17,83.96,86.3,81.01,82.53,430969,-0.0402372368880101,6.9912,3214.12890625,0.0012553460202429,0.7009046228945833,0.4845117560546862,3224.72998046875,25.68000030517578,100.05599975585938,43.13999938964844,2.887500047683716,3214.12890625,196.06,3.85,26.5
2020-07-20,84.64,90.24,82.55,88.11,431730,0.0676117775354416,6.9829,3314.14892578125,0.0311188575345429,0.7214095352057945,0.5006250979976743,3251.840087890625,24.459999084472656,109.53333282470703,43.279998779296875,2.8984999656677246,3314.14892578125,205.66,3.85,27.0
2020-07-21,90.84,92.27,88.62,89.03,317222,0.0104414935875609,6.98,3320.89501953125,0.0020355433328662,0.7204967934341763,0.5006659724685889,3257.300048828125,24.84000015258789,104.55733489990234,44.31999969482422,2.940999984741211,3320.89501953125,207.36,3.85,29.0
2020-07-22,86.94,90.42,86.44,88.13,269545,-0.0101089520386387,6.9988,3333.1640625,0.0036944988915914,0.7258039695161809,0.5017504623901621,3276.02001953125,24.31999969482422,106.15533447265625,44.290000915527344,2.9084999561309814,3333.1640625,208.25,3.85,28.0
2020-07-23,87.0,89.94,86.52,89.93,327287,0.0204243730852151,7.0034,3325.110107421875,-0.0024163092266403,0.7173994582206377,0.4994637258790972,3235.659912109375,26.079999923706055,100.87133026123047,43.310001373291016,2.924499988555908,3325.110107421875,213.86,3.85,28.0
2020-07-24,88.72,89.08,83.44,83.94,388174,-0.0666073612809964,7.0168,3196.76806640625,-0.0385978319121392,0.7700836678937478,0.5220226669728568,3215.6298828125,25.84000015258789,94.46666717529297,43.34000015258789,2.881999969482422,3196.76806640625,199.04,3.85,30.2
2020-07-27,84.44,86.14,83.24,84.46,208828,0.0061949011198474,6.995,3205.22705078125,0.0026461051284554,0.7651522065058407,0.5167366615538821,3239.409912109375,24.739999771118164,102.63999938964844,43.40999984741211,2.888000011444092,3205.22705078125,191.66,3.85,24.1
2020-07-28,86.92,87.6,83.94,84.85,216441,0.004617570447549,6.9998,3227.9599609375,0.0070924492387236,0.7648224632993457,0.5165628150679898,3218.43994140625,25.440000534057617,98.43267059326172,43.220001220703125,2.9049999713897705,3227.9599609375,197.88,3.85,25.1
2020-07-29,84.25,88.44,83.46,87.87,287976,0.0355922215674722,7.0014,3294.552001953125,0.0206297605365231,0.770708206461584,0.5194614301178427,3258.43994140625,24.100000381469727,99.94066619873047,43.75,2.9054999351501465,3294.552001953125,204.54,3.85,26.3
2020-07-30,87.96,88.57,85.24,85.94,224493,-0.0219642653920565,7.008,3286.822021484375,-0.0023462918369986,0.7775737667081825,0.5199587733120227,3246.219970703125,24.760000228881836,99.16600036621094,42.939998626708984,2.9045000076293945,3286.822021484375,205.71,3.85,29.2
2020-07-31,85.9,87.6,84.4,86.33,258123,0.0045380498021876,6.9744,3310.007080078125,0.0070539440353631,0.7021912411072272,0.5161484216630288,3271.1201171875,24.459999084472656,95.38400268554688,43.29999923706055,2.8589999675750732,3310.007080078125,212.53,3.85,28.8
2020-08-03,86.35,87.44,85.34,87.11,280304,0.0090350978802269,6.9799,3367.966064453125,0.0175102297284608,0.70027598507558,0.5097831295466135,3294.610107421875,24.280000686645508,99.0,44.150001525878906,2.9079999923706055,3367.966064453125,215.96,3.85,30.2
2020-08-04,87.89,91.94,87.82,89.94,383956,0.0324876592813683,6.972,3371.68994140625,0.0011056753191276,0.7034821723096805,0.5119627935485731,3306.510009765625,23.760000228881836,99.13333129882812,44.43000030517578,2.8894999027252197,3371.68994140625,211.05,3.85,30.6
2020-08-05,89.94,89.94,87.52,89.09,190227,-0.0094507449410717,6.9353,3377.56005859375,0.0017410014827909,0.7047559056946865,0.5110990449396781,3327.77001953125,22.989999771118164,99.00133514404297,45.16999816894531,2.9114999771118164,3377.56005859375,210.71,3.85,26.6
2020-08-06,89.75,90.54,87.94,89.67,205333,0.0065102705129644,6.952,3386.4599609375,0.0026350093527147,0.7021970904731015,0.511063168909911,3349.159912109375,22.649999618530273,99.30533599853516,45.09000015258789,2.9054999351501465,3386.4599609375,211.86,3.85,27.1
2020-08-07,88.54,89.7,84.75,86.32,245974,-0.037359205977473,6.967,3354.034912109375,-0.009574909847494,0.6904915686515756,0.5188376537529004,3351.280029296875,22.209999084472656,96.84733581542969,44.400001525878906,2.7904999256134033,3354.034912109375,204.65,3.85,27.2
2020-08-10,84.73,85.29,80.94,82.92,336539,-0.0393883225208525,6.9611,3379.251953125,0.0075184193594948,0.5920859926072024,0.5242022186047903,3360.469970703125,22.1299991607666,94.57133483886719,44.9900016784668,2.8585000038146973,3379.251953125,201.04,3.85,27.5
2020-08-11,82.84,84.14,81.89,81.94,194173,-0.0118186203569706,6.9451,3340.2900390625,-0.0115297452225986,0.591891585605658,0.5255116045054787,3333.68994140625,24.030000686645508,91.6259994506836,44.5,2.871999979019165,3340.2900390625,198.78,3.85,29.6
2020-08-12,82.12,82.92,79.39,82.92,220972,0.0119599707102757,6.9363,3319.26611328125,-0.0062940419949731,0.5938233452161177,0.5240953398271204,3380.35009765625,22.280000686645508,103.65066528320312,45.43000030517578,2.88700008392334,3319.26611328125,196.09,3.85,26.4
2020-08-13,84.44,84.74,82.59,82.74,135828,-0.0021707670043416,6.944,3320.72607421875,0.0004398444980528,0.4823798328291824,0.5238409189371518,3373.429931640625,22.1299991607666,108.06666564941406,44.959999084472656,2.803999900817871,3320.72607421875,196.35,3.85,26.1
2020-08-14,83.04,83.53,80.94,82.87,120620,0.0015711868503747,6.9501,3360.09912109375,0.0118567584302367,0.4601486968310757,0.5237043205957644,3372.85009765625,22.049999237060547,110.04733276367188,44.79999923706055,2.8559999465942383,3360.09912109375,200.73,3.85,27.6
2020-08-17,83.14,84.17,82.27,83.86,151032,0.0119464221069143,6.9318,3438.801025390625,0.0234224948314192,0.3896649799556204,0.5181230155840865,3381.989990234375,21.350000381469727,122.3759994506836,45.369998931884766,2.8980000019073486,3438.801025390625,196.98,3.85,25.1
2020-08-18,85.01,85.51,82.8,83.18,161553,-0.0081087526830431,6.9215,3451.089111328125,0.0035733634620818,0.3872534092877863,0.516236577916056,3389.780029296875,21.510000228881836,125.80599975585938,45.459999084472656,2.9709999561309814,3451.089111328125,199.64,3.85,24.2
2020-08-19,82.4,82.64,80.52,80.65,187358,-0.0304159653762924,6.9192,3408.12890625,-0.0124483036201844,0.3986652300440964,0.5218320300828418,3374.85009765625,22.540000915527344,125.23533630371094,45.369998931884766,3.0190000534057617,3408.12890625,190.55,3.85,21.9
2020-08-20,80.64,81.0,79.1,79.55,122724,-0.0136391816491011,6.9143,3363.89892578125,-0.0129777897742185,0.3890706450180924,0.5207914334448432,3385.510009765625,22.719999313354492,133.45533752441406,44.900001525878906,2.9700000286102295,3363.89892578125,188.78,3.85,21.4
2020-08-21,81.0,81.64,79.9,80.58,111905,0.0129478315524826,6.9179,3380.68310546875,0.0049895017828462,0.3207010351516071,0.5189127152504452,3397.159912109375,22.540000915527344,136.6653289794922,44.349998474121094,2.9135000705718994,3380.68310546875,192.59,3.85,21.8
2020-08-24,80.9,83.28,80.69,82.44,171281,0.0230826507818318,6.918,3385.637939453125,0.0014656310070471,0.3317296872594312,0.5200587079861008,3431.280029296875,22.3700008392334,134.27999877929688,45.130001068115234,2.922499895095825,3385.637939453125,202.37,3.85,25.0
2020-08-25,82.0,83.88,81.5,82.24,145106,-0.002426006792819,6.9116,3373.577880859375,-0.0035621229468199,0.3310888964995933,0.5201402104399825,3443.6201171875,22.030000686645508,134.8893280029297,45.86000061035156,2.930999994277954,3373.577880859375,200.28,3.85,25.8
2020-08-26,83.0,86.31,82.68,84.42,320472,0.0265077821011674,6.8855,3329.739013671875,-0.0129947695697876,0.3189931566317365,0.5189043417277448,3478.72998046875,23.270000457763672,143.54466247558594,45.63999938964844,2.9595000743865967,3329.739013671875,194.76,3.85,25.0
2020-08-27,87.5,88.55,85.7,86.42,252035,0.0236910684671878,6.8925,3350.110107421875,0.0061179250584975,0.3218839567273734,0.5182564710462844,3484.550048828125,24.469999313354492,149.25,45.09000015258789,2.9649999141693115,3350.110107421875,205.31,3.85,25.2
2020-08-28,86.0,87.06,84.02,86.39,186470,-0.0003471418653089,6.8647,3403.806884765625,0.0160283619409371,0.3215329993016694,0.51615409265935,3508.010009765625,22.959999084472656,147.55999755859375,45.04999923706055,2.994999885559082,3403.806884765625,208.66,3.85,24.5
2020-08-31,88.02,89.22,85.88,86.0,215347,-0.0045144113902072,6.8474,3395.677978515625,-0.0023881808002629,0.3202065765709763,0.5165920030665756,3500.31005859375,26.40999984741211,166.10667419433594,45.279998779296875,3.0409998893737793,3395.677978515625,206.71,3.85,23.0
2020-09-01,87.99,94.5,87.31,94.5,394613,0.0988372093023255,6.8272,3410.60693359375,0.0043964578421689,0.4647209483821475,0.5430576752496897,3526.64990234375,26.1200008392334,158.35000610351562,45.58000183105469,3.009500026702881,3410.60693359375,214.61,3.85,24.1
2020-09-02,96.88,97.0,92.63,95.3,397047,0.0084656084656085,6.8375,3404.802001953125,-0.0017020230573765,0.462768029645094,0.5423401848268844,3580.840087890625,26.56999969482422,149.1233367919922,44.43000030517578,3.003000020980835,3404.802001953125,211.67,3.85,23.3
2020-09-03,93.88,96.16,93.15,93.59,227795,-0.0179433368310597,6.8474,3384.98095703125,-0.0058214970827979,0.4689446137942129,0.5432700153014676,3455.06005859375,33.599998474121094,135.6666717529297,44.06999969482422,2.9579999446868896,3384.98095703125,210.26,3.85,22.2
2020-09-04,89.8,91.59,89.02,91.0,222021,-0.0276738967838444,6.8409,3355.366943359375,-0.0087486500065416,0.4591723718288085,0.5461340646229048,3426.9599609375,30.75,139.44000244140625,42.65999984741211,3.0464999675750732,3355.366943359375,204.62,3.85,21.9
2020-09-07,90.48,98.5,90.4,95.74,409987,0.052087912087912,6.8409,3292.591064453125,-0.0187090950009178,0.4618983110962119,0.5521451373630955,3426.9599609375,30.75,139.44000244140625,42.65999984741211,3.0464999675750732,3292.591064453125,186.76,3.85,24.9
2020-09-08,96.88,96.88,91.7,92.0,279084,-0.0390641320242322,6.8435,3316.4169921875,0.0072362243801242,0.4865582899063416,0.5572577996761221,3331.840087890625,31.459999084472656,110.06999969482422,39.779998779296875,3.012500047683716,3316.4169921875,187.26,3.85,25.3
2020-09-09,89.01,89.7,85.85,86.99,263292,-0.0544565217391305,6.8308,3254.6279296875,-0.018631270628982,0.5312641372308267,0.570955561889082,3398.9599609375,28.809999465942383,122.09333038330078,40.790000915527344,3.0399999618530273,3254.6279296875,184.68,3.85,24.3
2020-09-10,88.84,91.17,87.9,88.09,217063,0.0126451316243247,6.8335,3234.822998046875,-0.0060851599840251,0.5319841471066175,0.5697188029923869,3339.18994140625,29.709999084472656,123.77999877929688,40.060001373291016,2.986999988555908,3234.822998046875,185.32,3.85,21.5
2020-09-11,88.85,92.2,88.22,92.2,205764,0.0466568282438415,6.833,3260.345947265625,0.0078900605177347,0.5532825727360733,0.5757261567284062,3340.969970703125,26.8700008392334,124.23999786376953,39.83000183105469,3.0339999198913574,3260.345947265625,187.66,3.85,22.6
2020-09-14,92.3,95.5,92.3,93.5,223839,0.0140997830802602,6.808,3278.81396484375,0.0056644349639074,0.5536466472256937,0.5716065760216879,3383.5400390625,25.850000381469727,139.8733367919922,39.61000061035156,3.066499948501587,3278.81396484375,193.14,3.85,21.5
2020-09-15,95.01,102.75,94.5,102.3,579221,0.0941176470588234,6.7819,3295.679931640625,0.0051439230702674,0.6323609719485367,0.5993906520583074,3401.199951171875,25.59000015258789,149.9199981689453,40.529998779296875,3.062999963760376,3295.679931640625,195.06,3.85,19.5
2020-09-16,101.28,108.87,100.0,106.4,493789,0.0400782013685241,6.7529,3283.924072265625,-0.0035670512971045,0.6203231278105867,0.6029235349542397,3385.489990234375,26.040000915527344,147.25332641601562,42.220001220703125,3.058000087738037,3283.924072265625,192.62,3.85,20.2
2020-09-17,106.51,116.94,106.15,116.94,602351,0.0990601503759398,6.7628,3270.43505859375,-0.0041075899975265,0.6784112414038986,0.627069196410163,3357.010009765625,26.459999084472656,141.14332580566406,43.29999923706055,3.066499948501587,3270.43505859375,198.76,3.85,20.0
2020-09-18,114.99,116.5,112.5,116.5,473754,-0.0037626133059688,6.7675,3338.090087890625,0.0206868591134679,0.6833856315749948,0.6276027867372492,3319.469970703125,25.829999923706055,147.38333129882812,43.150001525878906,3.1135001182556152,3338.090087890625,198.39,3.85,19.3
2020-09-21,117.0,120.32,105.34,106.77,588771,-0.083519313304721,6.8043,3316.93505859375,-0.0063374650593217,0.7745643054825715,0.6537772682122656,3281.06005859375,27.780000686645508,149.79666137695312,41.439998626708984,3.0295000076293945,3316.93505859375,198.29,3.85,20.9
2020-09-22,107.5,111.65,105.01,107.77,462882,0.0093659267584527,6.7779,3274.302001953125,-0.012853147826988,0.7723497697613464,0.6535056410853065,3315.570068359375,26.860000610351562,141.41000366210938,41.720001220703125,3.059000015258789,3274.302001953125,200.86,3.85,20.8
2020-09-23,110.0,112.01,107.3,111.4,381409,0.0336828430917695,6.8089,3279.7109375,0.0016519354487303,0.7742202698222261,0.6557165099136871,3236.919921875,28.579999923706055,126.78666687011719,41.77000045776367,2.993499994277954,3279.7109375,197.36,3.85,17.4
2020-09-24,108.88,111.03,107.01,107.4,266126,-0.0359066427289048,6.8273,3223.176025390625,-0.0172377728363065,0.7940718760967569,0.6613687156440665,3246.590087890625,28.510000228881836,129.26333618164062,41.939998626708984,2.9690001010894775,3223.176025390625,191.18,3.85,17.6
2020-09-25,109.2,110.79,104.8,106.09,324363,-0.0121973929236499,6.822,3219.41796875,-0.0011659483103065,0.7976407677744588,0.6344211905597519,3298.4599609375,26.3799991607666,135.77999877929688,41.91999816894531,2.9730000495910645,3219.41796875,191.86,3.85,18.6
2020-09-28,107.19,109.1,106.65,107.4,211883,0.0123480064096521,6.8106,3217.534912109375,-0.0005849059236493,0.7953923323229877,0.6339315042498729,3351.60009765625,26.190000534057617,140.39999389648438,42.43000030517578,2.989500045776367,3217.534912109375,193.27,3.85,20.1
2020-09-29,109.59,110.51,105.25,108.89,270046,0.0138733705772811,6.815,3224.35888671875,0.0021208704165702,0.7271002182234197,0.6327752148468107,3335.469970703125,26.270000457763672,139.69000244140625,41.029998779296875,2.9835000038146973,3224.35888671875,205.35,3.85,15.9
2020-09-30,109.58,119.23,108.1,117.24,444201,0.0766828909909083,6.7896,3218.052001953125,-0.0019560120281905,0.7667955955933251,0.6492654698128918,3363.0,26.3700008392334,143.00332641601562,40.95000076293945,3.0285000801086426,3218.052001953125,209.56,3.85,15.0
2020-10-09,124.1,127.14,120.2,121.35,559678,0.0350562947799386,6.6933,3272.075927734375,0.016787772773237,0.7628644430358578,0.651299244676263,3477.139892578125,25.0,144.6666717529297,42.849998474121094,3.0794999599456787,3272.075927734375,225.23,3.85,15.7
2020-10-12,124.8,130.03,121.45,129.5,528089,0.0671611042439226,6.6933,3358.465087890625,0.026401942395043,0.7681454185245061,0.656179120642812,3534.219970703125,25.06999969482422,147.43333435058594,41.720001220703125,3.061000108718872,3358.465087890625,235.14,3.85,12.0
2020-10-13,129.0,132.88,126.0,130.29,460527,0.0061003861003861,6.7452,3359.75,0.0003825890922635,0.7590848739381435,0.6275237620960407,3511.929931640625,26.06999969482422,148.88333129882812,42.45000076293945,3.0425000190734863,3359.75,236.03,3.85,13.3
2020-10-14,130.15,133.32,129.1,131.5,310472,0.0092869752091488,6.7136,3340.778076171875,-0.0056468260519756,0.7309388277720803,0.6263114095775217,3488.669921875,26.399999618530273,153.76666259765625,43.31999969482422,3.047499895095825,3340.778076171875,237.66,3.85,11.4
2020-10-15,135.6,138.73,132.33,132.55,402893,0.0079847908745247,6.7233,3332.18310546875,-0.0025727451830543,0.6794837811029785,0.6238285675508056,3483.340087890625,26.969999313354492,149.6266632080078,43.15999984741211,3.0829999446868896,3332.18310546875,238.96,3.85,11.5
2020-10-16,133.56,134.85,126.0,128.8,413536,-0.028291210863825,6.6962,3336.35791015625,0.0012528737333337,0.7022280647747283,0.5887083457928303,3483.81005859375,27.40999984741211,146.55667114257812,42.93000030517578,3.065000057220459,3336.35791015625,228.46,3.85,13.4
2020-10-19,129.0,130.81,127.3,129.08,222006,0.0021739130434783,6.6803,3312.669921875,-0.0070999541773204,0.6976480844896777,0.5804008683950144,3426.919921875,29.18000030517578,143.61000061035156,42.619998931884766,3.0810000896453857,3312.669921875,229.77,3.85,13.2
2020-10-20,127.18,141.33,127.18,141.0,541679,0.0923458320421442,6.6754,3328.10009765625,0.0046579273350955,0.7456747073904149,0.5932979073722223,3443.1201171875,29.350000381469727,140.64666748046875,43.15999984741211,3.1435000896453857,3328.10009765625,241.96,3.85,12.8
2020-10-21,138.99,140.7,135.17,138.5,380567,-0.0177304964539006,6.6503,3325.02001953125,-0.0009254764083475,0.7064297656447515,0.595716944336635,3435.56005859375,28.649999618530273,140.8800048828125,41.72999954223633,3.194499969482422,3325.02001953125,232.69,3.85,11.5
2020-10-22,138.23,146.0,133.07,144.79,434389,0.0454151624548735,6.6821,3312.5,-0.0037653967367736,0.7090724938956078,0.5993357567127068,3453.489990234375,28.110000610351562,141.92999267578125,42.459999084472656,3.1500000953674316,3312.5,232.24,3.85,9.0
2020-10-23,143.02,146.78,137.5,139.67,400994,-0.0353615581186546,6.6861,3277.9970703125,-0.0104159787735849,0.660238426106882,0.6056639708733672,3465.389892578125,27.549999237060547,140.2100067138672,41.77000045776367,3.125499963760376,3277.9970703125,225.36,3.85,9.3
2020-10-26,137.5,143.85,134.1,140.96,309796,0.0092360564187012,6.7119,3251.118896484375,-0.0081995722545178,0.6583232730808284,0.585326567978923,3400.969970703125,32.459999084472656,140.0933380126953,40.459999084472656,3.0885000228881836,3251.118896484375,233.51,3.85,14.3
2020-10-27,138.42,142.5,136.83,141.28,296545,0.0022701475595914,6.7044,3254.31591796875,0.00098336037105,0.5589513481258244,0.5854716655995087,3390.679931640625,33.349998474121094,141.55999755859375,41.20000076293945,3.0899999141693115,3254.31591796875,237.57,3.85,11.5
2020-10-28,140.51,154.48,140.02,152.6,517974,0.0801245753114381,6.7279,3269.239990234375,0.0045859322333217,0.6046052465008952,0.6030951445894553,3271.030029296875,40.279998779296875,135.33999633789062,39.119998931884766,3.056999921798706,3269.239990234375,240.62,3.85,10.9
2020-10-29,148.91,167.76,148.91,159.38,634705,0.044429882044561,6.714,3272.72998046875,0.0010675234136374,0.6094366192995698,0.6049332278715699,3310.110107421875,37.59000015258789,136.94332885742188,37.650001525878906,3.052000045776367,3272.72998046875,240.36,3.85,9.9
2020-10-30,161.0,171.3,155.2,160.81,673292,0.0089722675367047,6.6919,3224.532958984375,-0.0147268554912898,0.5759544486749607,0.6011147298611054,3269.9599609375,38.02000045776367,129.34666442871094,37.459999084472656,3.0434999465942383,3224.532958984375,247.53,3.85,10.2
2020-11-02,161.91,169.75,161.5,168.98,524911,0.0508052981779738,6.6899,3225.1201171875,0.0001820909293202,0.5711975913923547,0.6063838217957096,3310.239990234375,37.130001068115234,133.50332641601562,38.970001220703125,3.073499917984009,3225.1201171875,260.5,3.85,8.0
2020-11-03,173.0,173.45,160.58,165.08,661617,-0.0230796543969699,6.6759,3271.073974609375,0.014248727412345,0.5942784100775802,0.6106023698454933,3369.159912109375,35.54999923706055,141.3000030517578,39.709999084472656,3.0869998931884766,3271.073974609375,256.38,3.85,6.2
2020-11-04,168.0,171.33,164.0,169.03,460948,0.0239277925854131,6.6504,3277.43994140625,0.0019461396612514,0.5934422672723872,0.6095923141979956,3443.43994140625,29.56999969482422,140.32666015625,41.22999954223633,3.1010000705718994,3277.43994140625,255.91,3.85,5.7
2020-11-05,176.0,185.83,172.0,185.83,674092,0.099390640714666,6.6027,3320.133056640625,0.0130263608174789,0.625365364498467,0.6340992692244495,3510.449951171875,27.579999923706055,146.02999877929688,40.93000030517578,3.1045000553131104,3320.133056640625,268.86,3.85,8.0
2020-11-06,190.5,199.85,180.89,191.44,807667,0.0301888823117901,6.608,3312.158935546875,-0.0024017474473804,0.6244631574602943,0.634905299014804,3509.43994140625,24.860000610351562,143.31666564941406,39.45000076293945,3.1489999294281006,3312.158935546875,263.86,3.85,10.4
2020-11-09,192.6,194.67,185.12,191.95,525016,0.0026640200585039,6.628,3373.72998046875,0.0185893992770334,0.6067354418517634,0.6264563211932014,3550.5,25.75,140.4199981689453,42.400001525878906,3.1514999866485596,3373.72998046875,266.79,3.85,7.7
2020-11-10,187.86,187.88,177.88,183.58,635350,-0.0436051054962228,6.6146,3360.14892578125,-0.0040255310194128,0.6467612631063365,0.6280533268938736,3545.530029296875,24.799999237060547,136.7866668701172,43.61000061035156,3.1505000591278076,3360.14892578125,266.28,3.85,7.6
2020-11-11,177.9,182.89,165.32,165.35,805675,-0.099302756291535,6.6146,3342.202880859375,-0.0053408480749711,0.7695057106269216,0.6677988374074122,3572.659912109375,23.450000762939453,139.0433349609375,43.79999923706055,3.128999948501587,3342.202880859375,251.2,3.85,7.7
2020-11-12,169.0,174.3,166.78,170.33,586640,0.030117931660115,6.6114,3338.679931640625,-0.0010540800018232,0.7717418235727281,0.6687573091037127,3537.010009765625,25.350000381469727,137.25332641601562,43.529998779296875,3.1429998874664307,3338.679931640625,254.61,3.85,10.6
2020-11-13,181.0,183.02,174.29,176.9,609194,0.0385721834086771,6.6039,3310.10498046875,-0.0085587572804061,0.7598538196945371,0.6700388871329477,3585.14990234375,23.100000381469727,136.1666717529297,42.779998779296875,3.17549991607666,3310.10498046875,253.57,3.85,8.2
2020-11-16,172.03,172.5,164.5,171.02,542565,-0.0332391181458451,6.583,3346.968994140625,0.0111368110345111,0.7792172972556864,0.6764772836069309,3626.909912109375,22.450000762939453,136.02999877929688,43.81999969482422,3.2200000286102295,3346.968994140625,255.26,3.85,8.7
2020-11-17,174.5,176.18,165.46,168.0,568409,-0.0176587533621799,6.5556,3339.89990234375,-0.0021120876259237,0.7313357803667908,0.6793944197540662,3609.530029296875,22.709999084472656,147.20333862304688,43.75,3.196500062942505,3339.89990234375,251.04,3.85,9.2
2020-11-18,166.88,170.18,163.25,168.0,417033,0.0,6.5588,3347.302978515625,0.0022165563005884,0.7251631451679392,0.6785446603197314,3567.7900390625,23.84000015258789,162.2133331298828,44.34000015258789,3.197999954223633,3347.302978515625,240.86,3.85,9.5
2020-11-19,169.0,169.7,160.52,162.62,470054,-0.0320238095238094,6.5823,3363.087890625,0.0047157105916879,0.7280774416104254,0.6789885996458261,3581.8701171875,23.110000610351562,166.42333984375,44.20000076293945,3.2035000324249268,3363.087890625,242.46,3.85,5.2
2020-11-20,165.65,178.24,164.22,177.06,707527,0.0887959660558357,6.5608,3377.72998046875,0.0043537636600479,0.7651141354302796,0.6943313937595618,3557.5400390625,23.700000762939453,163.20333862304688,44.959999084472656,3.2934999465942383,3377.72998046875,252.44,3.85,2.9
2020-11-23,177.9,186.02,173.07,185.2,604027,0.0459731164576979,6.585,3414.489990234375,0.0108830516288112,0.7737623749288818,0.6973382484362722,3577.590087890625,22.65999984741211,173.9499969482422,46.060001373291016,3.259500026702881,3414.489990234375,253.36,3.85,-0.3
2020-11-24,192.77,195.99,181.71,185.19,646752,-5.399568034547553e-05,6.59,3402.822998046875,-0.0034169062497966,0.7743079689086837,0.6977909749145095,3635.409912109375,21.639999389648438,185.1266632080078,47.86000061035156,3.299999952316284,3402.822998046875,255.06,3.85,0.5
2020-11-25,184.0,192.7,181.6,184.53,473858,-0.0035639073384091,6.575,3362.326904296875,-0.0119007347056381,0.7366627876943611,0.6979128726133494,3629.64990234375,21.25,191.3333282470703,48.61000061035156,3.312000036239624,3362.326904296875,246.58,3.85,1.2
2020-11-26,184.61,185.8,172.23,176.82,496538,-0.0417818240936433,6.575,3369.73291015625,0.0022026430118708,0.7475810294406722,0.7068685566938425,3629.64990234375,21.25,191.3333282470703,48.61000061035156,3.312000036239624,3369.73291015625,245.7,3.85,0.8
2020-11-27,176.31,178.9,170.33,175.1,397476,-0.0097274064019907,6.575,3408.306884765625,0.0114471905156383,0.7496235454214146,0.708099209400001,3638.35009765625,20.84000015258789,195.25332641601562,48.18000030517578,3.3994998931884766,3408.306884765625,242.36,3.85,0.3
2020-11-30,172.5,177.74,167.01,173.15,379213,-0.0111364934323243,6.576,3391.760009765625,-0.0048548665244789,0.7318077553121153,0.7092992545172278,3621.6298828125,20.56999969482422,189.1999969482422,47.59000015258789,3.4205000400543213,3391.760009765625,243.16,3.85,-1.8
2020-12-01,169.7,178.0,168.0,177.81,401564,0.0269130811435172,6.5705,3451.93994140625,0.017742980478381,0.7303965743656372,0.7089801312923476,3662.449951171875,20.770000457763672,194.9199981689453,47.41999816894531,3.4679999351501465,3451.93994140625,246.53,3.85,-2.4
2020-12-02,172.1,173.5,169.0,170.75,492401,-0.0397053034137562,6.5622,3449.381103515625,-0.0007412753217203,0.743021629873898,0.6941578316507782,3669.010009765625,21.170000076293945,189.60667419433594,48.25,3.4749999046325684,3449.381103515625,244.05,3.85,-1.6
2020-12-03,170.75,174.66,167.96,172.09,365581,0.0078477306002928,6.5418,3442.135986328125,-0.002100410760677,0.6481220802018115,0.6941680063084967,3666.719970703125,21.280000686645508,197.7933349609375,48.709999084472656,3.4790000915527344,3442.135986328125,246.35,3.85,-2.2
2020-12-04,172.6,179.8,171.4,172.86,394490,0.0044744029287,6.5301,3444.5810546875,0.0007103346204468,0.6369698246052137,0.6917154481862005,3699.1201171875,20.790000915527344,199.67999267578125,49.25,3.5139999389648438,3444.5810546875,250.08,3.85,-2.4
2020-12-07,172.3,177.66,170.11,176.29,322186,0.0198426472289712,6.5295,3416.60400390625,-0.008122047452818,0.6423646267268576,0.6871487941602458,3691.9599609375,21.299999237060547,213.9199981689453,48.790000915527344,3.508500099182129,3416.60400390625,261.82,3.85,-3.9
2020-12-08,179.1,183.0,177.7,178.97,445743,0.0152022236088265,6.5307,3410.179931640625,-0.0018802507572666,0.6273656676783573,0.6820955565728427,3702.25,20.68000030517578,216.6266632080078,48.84000015258789,3.49399995803833,3410.179931640625,266.39,3.85,-4.1
2020-12-09,180.0,182.03,174.0,174.24,315714,-0.0264290104486785,6.541,3371.964111328125,-0.011206394113672,0.5191840447999528,0.6785870473357546,3672.820068359375,22.270000457763672,201.4933319091797,48.86000061035156,3.507999897003174,3371.964111328125,266.36,3.85,-2.4
2020-12-10,169.0,172.66,167.02,170.52,370436,-0.0213498622589531,6.5419,3373.27587890625,0.0003890218088971,0.515820732959783,0.6681357986655886,3668.10009765625,22.520000457763672,209.02333068847656,50.25,3.570499897003174,3373.27587890625,265.18,3.85,-1.1
2020-12-11,170.35,170.35,163.8,168.0,354878,-0.0147783251231528,6.5445,3347.19091796875,-0.0077328276351822,0.4981184633128714,0.6704072878686541,3663.4599609375,23.309999465942383,203.3300018310547,49.970001220703125,3.5239999294281006,3347.19091796875,266.92,3.85,-0.8
2020-12-14,167.8,171.88,164.0,171.2,302132,0.0190476190476189,6.548,3369.1201171875,0.0065515232791255,0.4892930228652703,0.6666327023485681,3647.489990234375,24.719999313354492,213.27667236328125,50.290000915527344,3.5220000743865967,3369.1201171875,266.36,3.85,-6.3
2020-12-15,171.25,176.05,169.5,175.7,362218,0.0262850467289719,6.5388,3367.22998046875,-0.0005610179076452,0.4925225355260241,0.667324619349383,3694.6201171875,22.889999389648438,211.0833282470703,50.7599983215332,3.5380001068115234,3367.22998046875,278.86,3.85,-6.4
2020-12-16,177.0,177.7,171.9,172.87,238154,-0.0161070005691518,6.5323,3366.98291015625,-7.337494437065217e-05,0.4969882735298227,0.6469079697471491,3701.169921875,22.5,207.58999633789062,51.08000183105469,3.553999900817871,3366.98291015625,286.42,3.85,-4.7
2020-12-17,172.18,173.93,170.01,172.79,189773,-0.0004627754960375,6.5321,3404.873046875,0.0112534389778033,0.4807897270656079,0.644076300234476,3722.47998046875,21.93000030517578,218.63333129882812,51.5,3.5969998836517334,3404.873046875,285.17,3.85,-3.1
2020-12-18,173.5,181.09,172.22,177.0,488485,0.024364835928005,6.5395,3394.89990234375,-0.0029290797025173,0.3709769860367341,0.6170476030130487,3709.409912109375,21.56999969482422,231.6666717529297,52.2599983215332,3.628499984741211,3394.89990234375,290.35,3.85,-3.8
2020-12-21,177.5,194.6,176.5,194.6,667798,0.0994350282485876,6.5493,3420.569091796875,0.0075611034762479,0.4883537278681306,0.6445145445595077,3694.919921875,25.15999984741211,216.6199951171875,50.90999984741211,3.572999954223633,3420.569091796875,325.36,3.85,-2.5
2020-12-22,193.98,193.98,184.66,185.0,586810,-0.0493319630010277,6.5426,3356.781982421875,-0.0186480985073427,0.5224636106026985,0.6270365001438527,3687.260009765625,24.229999542236328,213.44667053222656,50.08000183105469,3.5179998874664307,3356.781982421875,314.0,3.85,-2.4
2020-12-23,184.89,191.8,183.96,187.79,427079,0.015081081081081,6.54,3382.320068359375,0.0076079072371195,0.5247497165705483,0.6271228006694197,3690.010009765625,23.309999465942383,215.32666015625,51.20000076293945,3.552000045776367,3382.320068359375,318.36,3.85,0.2
2020-12-24,186.0,186.0,181.0,184.0,260454,-0.0201821183236593,6.54,3363.113037109375,-0.0056786557338781,0.5064665208988384,0.6281692895796004,3703.06005859375,21.530000686645508,220.58999633789062,51.290000915527344,3.559999942779541,3363.113037109375,311.36,3.85,-1.7
2020-12-25,184.32,187.15,182.1,186.22,211331,0.0120652173913042,6.54,3396.56298828125,0.0099461275320753,0.5054153003508475,0.6211244369316473,3703.06005859375,21.530000686645508,220.58999633789062,51.290000915527344,3.559999942779541,3396.56298828125,313.15,3.85,-1.8
2020-12-28,185.3,191.37,183.6,188.93,303384,0.0145526796262485,6.5346,3397.284912109375,0.0002125453968071,0.5037352942305554,0.6194664690718681,3735.360107421875,21.700000762939453,221.22999572753906,50.86000061035156,3.569999933242798,3397.284912109375,317.14,3.85,-2.2
2020-12-29,187.0,187.0,179.46,179.6,361178,-0.049383369501932,6.53,3379.035888671875,-0.0053716493934472,0.5314313592878607,0.631440892062131,3727.0400390625,23.079999923706055,221.99667358398438,51.09000015258789,3.552999973297119,3379.035888671875,308.36,3.85,-9.9
2020-12-30,181.66,192.95,181.66,187.0,510431,0.0412026726057905,6.5208,3414.452880859375,0.010481389767488,0.5267717870156184,0.6347481415370265,3732.0400390625,22.770000457763672,231.5933380126953,51.34000015258789,3.5429999828338623,3414.452880859375,340.36,3.85,-10.6
2020-12-31,189.86,196.83,185.26,195.3,505119,0.0443850267379679,6.525,3473.069091796875,0.017167087373233,0.5449793486009824,0.6235713780422832,3756.070068359375,22.75,235.22332763671875,51.79999923706055,3.5139999389648438,3473.069091796875,351.47,3.85,-6.8
2021-01-04,190.0,212.16,188.09,207.76,589502,0.0637992831541216,6.4601,3502.9580078125,0.0086059088447794,0.5809794522908787,0.6313775332820982,3700.64990234375,26.969999313354492,243.2566680908203,51.09000015258789,3.552999973297119,3502.9580078125,404.46,3.85,-4.9
2021-01-05,207.0,222.23,203.01,220.9,545306,0.0632460531382363,6.455,3528.677001953125,0.0073420789182356,0.6105446825248702,0.6299067862671193,3726.860107421875,25.34000015258789,245.0366668701172,53.599998474121094,3.640500068664551,3528.677001953125,402.36,3.85,-7.0
2021-01-06,220.72,223.18,213.0,217.3,434652,-0.0162969669533725,6.4617,3550.876953125,0.0062912959048355,0.6185609999562319,0.6321225381444273,3748.139892578125,25.06999969482422,251.9933319091797,54.29999923706055,3.6500000953674316,3550.876953125,407.13,3.85,-12.4
2021-01-07,217.6,229.32,215.2,226.04,428603,0.0402208927749654,6.476,3576.205078125,0.0071329210598833,0.6110447428415947,0.6352844876627253,3803.7900390625,22.3700008392334,272.0133361816406,54.380001068115234,3.695499897003174,3576.205078125,413.59,3.85,-13.5
2021-01-08,234.0,235.32,221.7,228.51,426758,0.0109272695098212,6.475,3570.110107421875,-0.0017043124121731,0.5970061172440743,0.6352762840261132,3824.679931640625,21.559999465942383,293.3399963378906,55.9900016784668,3.6735000610351562,3570.110107421875,404.86,3.85,-8.5
2021-01-11,235.59,246.0,231.98,235.86,534255,0.0321648943153474,6.4795,3531.498046875,-0.0108153696622982,0.588726717587006,0.6318273158569746,3799.610107421875,24.079999923706055,270.39666748046875,55.65999984741211,3.563999891281128,3531.498046875,390.36,3.85,-2.6
2021-01-12,232.8,240.75,221.0,237.99,433125,0.0090307809717629,6.461,3608.340087890625,0.0217590495579127,0.5895072372488794,0.631578926227656,3801.18994140625,23.329999923706055,283.14666748046875,56.58000183105469,3.6050000190734863,3608.340087890625,401.53,3.85,-2.6
2021-01-13,239.0,250.88,230.69,240.3,480348,0.0097062901802595,6.4677,3598.652099609375,-0.002684887800283,0.5890742821038605,0.6084093665553488,3809.840087890625,22.209999084472656,284.8033447265625,56.060001373291016,3.617000102996826,3598.652099609375,385.36,3.85,0.3
2021-01-14,233.0,236.45,223.34,224.95,445955,-0.0638784852267999,6.4736,3565.905029296875,-0.0090998155437294,0.64574185841753,0.6244166573138492,3795.5400390625,23.25,281.6666564941406,56.41999816894531,3.6679999828338623,3565.905029296875,369.37,3.85,-1.7
2021-01-15,223.0,229.92,217.5,226.2,377050,0.0055567903978661,6.48,3566.3779296875,0.0001326172140703,0.6443016215115975,0.6197788304963749,3768.25,24.34000015258789,275.38665771484375,55.099998474121094,3.6029999256134033,3566.3779296875,380.91,3.85,-1.7
2021-01-18,221.0,225.0,217.26,222.69,263789,-0.0155172413793103,6.48,3596.219970703125,0.0083676047810894,0.6515775276669669,0.6151375628912775,3768.25,24.34000015258789,275.38665771484375,55.099998474121094,3.6029999256134033,3596.219970703125,384.26,3.85,-2.2
2021-01-19,223.06,226.2,214.56,217.2,276250,-0.0246531052135255,6.4777,3566.3798828125,-0.0082976258776491,0.5760916810509168,0.6188824357860621,3798.909912109375,23.239999771118164,281.51666259765625,55.900001525878906,3.635999917984009,3566.3798828125,366.47,3.85,-6.4
2021-01-20,220.9,227.3,219.01,223.0,381401,0.0267034990791896,6.4777,3583.092041015625,0.0046860286206935,0.541159883255791,0.6199457094107768,3851.85009765625,21.579999923706055,283.48333740234375,56.08000183105469,3.6475000381469727,3583.092041015625,391.76,3.85,-4.7
2021-01-21,221.0,240.6,217.81,236.52,585710,0.0606278026905831,6.4595,3621.263916015625,0.0106533336467629,0.5702703860120482,0.6115391670133993,3853.070068359375,21.31999969482422,281.663330078125,56.099998474121094,3.6554999351501465,3621.263916015625,391.66,3.85,-2.4
2021-01-22,236.72,244.66,232.51,243.92,423887,0.0312869947573142,6.481,3606.75,-0.0040079696902053,0.5606752810073297,0.6087870972731412,3841.469970703125,21.90999984741211,282.21331787109375,55.40999984741211,3.635499954223633,3606.75,408.36,3.85,-1.8
2021-01-25,247.5,263.95,246.0,261.0,559389,0.0700229583469991,6.4784,3624.238037109375,0.004848696779476,0.5937140791818247,0.6219877511524048,3855.360107421875,23.190000534057617,293.6000061035156,55.880001068115234,3.640500068664551,3624.238037109375,397.31,3.85,-2.2
2021-01-26,258.0,263.59,251.99,255.22,394555,-0.0221455938697318,6.4635,3569.428955078125,-0.0151229255556747,0.6103401303731928,0.618932058349799,3849.6201171875,23.020000457763672,294.36334228515625,55.90999984741211,3.628000020980835,3569.428955078125,385.86,3.85,-0.5
2021-01-27,251.2,260.44,235.5,258.0,521351,0.0108925632787399,6.4822,3573.340087890625,0.0010957306789747,0.5603491743357045,0.6156379130677571,3750.77001953125,37.209999084472656,288.0533447265625,55.810001373291016,3.571500062942505,3573.340087890625,390.88,3.85,-1.3
2021-01-28,246.97,253.5,243.98,245.36,326462,-0.0489922480620154,6.4491,3505.176025390625,-0.0190757277010926,0.6025345602910446,0.6257379058142404,3787.3798828125,30.209999084472656,278.4766540527344,55.529998779296875,3.5829999446868896,3505.176025390625,370.26,3.85,-4.5
2021-01-29,250.0,251.43,238.5,248.0,335983,0.0107597000326051,6.4282,3483.069091796875,-0.0063069396325927,0.592037348624392,0.5954670914966447,3714.239990234375,33.09000015258789,264.510009765625,55.880001068115234,3.573499917984009,3483.069091796875,354.47,3.85,-5.7
2021-02-01,246.0,251.13,240.0,247.89,263795,-0.0004435483870968,6.4669,3505.283935546875,0.0063779509290582,0.5615912888254145,0.5933502483008968,3773.860107421875,30.239999771118164,279.9366760253906,56.349998474121094,3.562000036239624,3505.283935546875,350.69,3.85,-1.3
2021-02-02,253.0,269.0,251.5,268.5,471100,0.0831417160837468,6.457,3533.68505859375,0.0081023744635522,0.5905572553386874,0.6145407728872806,3826.31005859375,25.559999465942383,290.92999267578125,57.459999084472656,3.5390000343322754,3533.68505859375,368.16,3.85,-4.5
2021-02-03,269.1,274.37,261.3,264.0,384030,-0.0167597765363128,6.4614,3517.30810546875,-0.0046345253901934,0.5908375444490086,0.6076456732163962,3830.169921875,22.90999984741211,284.89666748046875,58.459999084472656,3.5785000324249268,3517.30810546875,381.34,3.85,-1.9
2021-02-04,259.0,265.89,256.34,260.9,310351,-0.0117424242424243,6.4715,3501.85888671875,-0.0043923416108981,0.5848515347137572,0.5675210026388938,3871.739990234375,21.770000457763672,283.3299865722656,58.84000015258789,3.565999984741211,3501.85888671875,388.86,3.85,0.2
2021-02-05,263.0,269.28,248.5,250.0,480551,-0.0417784591797623,6.4664,3496.330078125,-0.0015788210697805,0.6105151367977328,0.5747684122326293,3886.830078125,20.8700008392334,284.07666015625,59.34000015258789,3.6389999389648438,3496.330078125,373.81,3.85,3.9
2021-02-08,249.99,253.98,241.01,251.2,372462,0.0047999999999999,6.4475,3532.447021484375,0.0103299581424942,0.6021544058033692,0.5710123701864409,3915.590087890625,21.239999771118164,287.8066711425781,60.560001373291016,3.678999900817871,3532.447021484375,404.36,3.85,-0.6
2021-02-09,254.1,260.02,248.5,258.0,374954,0.0270700636942675,6.4344,3603.489013671875,0.0201112689745726,0.6076005152540933,0.5664494710411654,3911.22998046875,21.6299991607666,283.1533203125,61.09000015258789,3.7335000038146973,3603.489013671875,410.56,3.85,-0.1
2021-02-10,262.0,271.66,254.0,267.95,418939,0.0385658914728681,6.4576,3655.087890625,0.0143191436847331,0.6192575990975389,0.567505249389585,3909.8798828125,21.989999771118164,268.2733459472656,61.470001220703125,3.7855000495910645,3655.087890625,413.02,3.85,2.4
2021-02-18,269.86,269.86,256.33,259.99,472646,-0.0297070348945698,6.4869,3675.35693359375,0.0055454324424697,0.5785262302534286,0.5726324039052239,3913.969970703125,22.489999771118164,262.4599914550781,63.93000030517578,3.9165000915527344,3675.35693359375,397.36,3.85,-1.8
2021-02-19,255.9,258.66,246.73,258.35,382587,-0.0063079349205737,6.4555,3696.16796875,0.0056623167578722,0.58068829319915,0.567368987755619,3906.7099609375,22.049999237060547,260.4333190917969,62.90999984741211,4.090000152587891,3696.16796875,387.86,3.85,3.1
2021-02-22,257.6,257.66,240.45,240.52,427131,-0.0690149022643701,6.4625,3642.43994140625,-0.0145361433241142,0.6368888774234142,0.5639817284053785,3876.5,23.450000762939453,238.1666717529297,65.23999786376953,4.152500152587891,3642.43994140625,375.36,3.85,6.1
2021-02-23,230.59,236.02,223.9,226.0,476510,-0.0603692000665225,6.464,3636.360107421875,-0.0016691651975537,0.6703960184291302,0.5735999441155558,3881.3701171875,23.110000610351562,232.94667053222656,65.37000274658203,4.1875,3636.360107421875,376.9,3.85,0.7
2021-02-24,226.0,229.59,204.6,209.99,676485,-0.0708407079646017,6.4556,3564.080078125,-0.0198770273464804,0.7124234080886436,0.5937082764155984,3925.429931640625,21.34000015258789,247.33999633789062,67.04000091552734,4.301000118255615,3564.080078125,347.36,3.85,-0.6
2021-02-25,216.77,216.85,206.8,210.25,369532,0.0012381541978188,6.4541,3585.050048828125,0.005883697965102,0.6732401121035066,0.5935706451286537,3829.340087890625,28.889999389648438,227.4066619873047,66.87999725341797,4.265999794006348,3585.050048828125,337.46,3.85,1.5
2021-02-26,197.5,205.0,195.0,198.27,503616,-0.0569797859690843,6.473,3509.080078125,-0.021190769910718,0.6829488671224545,0.5992428549105357,3811.14990234375,27.950000762939453,225.1666717529297,66.12999725341797,4.0945000648498535,3509.080078125,322.59,3.85,1.8
2021-03-01,202.0,211.99,198.5,211.9,444294,0.068744641145912,6.4648,3551.39990234375,0.0120600907578498,0.6809886832309175,0.6137479806974957,3901.820068359375,23.350000381469727,239.47666931152344,63.689998626708984,4.119500160217285,3551.39990234375,344.96,3.85,1.2
2021-03-02,215.65,216.8,206.22,212.4,387928,0.0023596035865973,6.4702,3508.591064453125,-0.0120540741870194,0.6805054270130237,0.6129570143257774,3870.2900390625,24.100000381469727,228.81333923339844,62.70000076293945,4.231500148773193,3508.591064453125,349.96,3.85,0.6
2021-03-03,206.0,211.3,202.97,210.75,263062,-0.0077683615819209,6.4675,3576.89990234375,0.0194690223613369,0.6767500709351736,0.6115728222182106,3819.719970703125,26.670000076293945,217.73333740234375,64.06999969482422,4.1529998779296875,3576.89990234375,349.99,3.85,3.4
2021-03-04,206.0,206.1,198.3,199.5,346850,-0.0533807829181495,6.4694,3503.489990234375,-0.0205233342038096,0.6803421663798972,0.6163289218796175,3768.469970703125,28.56999969482422,207.14666748046875,66.73999786376953,3.990999937057495,3503.489990234375,325.93,3.85,5.7
2021-03-05,188.37,200.51,187.18,197.37,325319,-0.0106766917293232,6.496,3501.987060546875,-0.0004289807282706,0.6761510741316804,0.6169184328244814,3841.93994140625,24.65999984741211,199.31666564941406,69.36000061035156,4.086999893188477,3501.987060546875,320.36,3.85,3.5
2021-03-08,197.37,198.33,177.73,177.73,591328,-0.0995085372650352,6.525,3421.409912109375,-0.0230089794863254,0.7445993517546522,0.6517005423304962,3821.35009765625,25.469999313354492,187.6666717529297,68.23999786376953,4.103499889373779,3421.409912109375,305.36,3.85,3.2
2021-03-09,173.41,179.6,163.03,171.68,599205,-0.0340403983570584,6.505,3359.2900390625,-0.0181562205764981,0.6488426533932536,0.6544992937823612,3875.43994140625,24.030000686645508,224.52667236328125,67.5199966430664,4.019499778747559,3359.2900390625,300.36,3.85,6.4
2021-03-10,181.0,182.88,176.78,178.19,431507,0.0379193849021435,6.505,3357.739990234375,-0.0004614215533939,0.6821002266278405,0.6583391309904904,3898.81005859375,22.559999465942383,222.68666076660156,67.9000015258789,4.041999816894531,3357.739990234375,314.86,3.85,8.7
2021-03-11,177.95,186.0,175.1,183.97,367828,0.0324372860429877,6.4932,3436.830078125,0.0235545599482538,0.7055894129109376,0.6590035634490781,3939.340087890625,21.90999984741211,233.1999969482422,69.62999725341797,4.14300012588501,3436.830078125,331.64,3.85,10.8
2021-03-12,187.17,188.99,179.9,182.68,301848,-0.0070120128281784,6.5081,3453.080078125,0.0047281941878445,0.699747309472713,0.6575099655938639,3943.340087890625,20.690000534057617,231.2433319091797,69.22000122070312,4.145500183105469,3453.080078125,341.82,3.85,8.6
2021-03-15,179.55,182.0,173.0,175.26,295602,-0.0406174731771404,6.4996,3419.949951171875,-0.0095943697231355,0.7015954719217894,0.6624390052503891,3968.93994140625,20.030000686645508,235.97999572753906,68.87999725341797,4.146500110626221,3419.949951171875,312.66,3.85,9.6
2021-03-16,178.58,180.1,174.37,177.47,197056,0.0126098368138765,6.5052,3446.73291015625,0.0078313891626389,0.6913805686187491,0.661844334221729,3962.7099609375,19.790000915527344,225.6266632080078,68.38999938964844,4.078999996185303,3446.73291015625,323.36,3.85,7.7
2021-03-17,175.02,180.97,172.48,177.88,213705,0.002310249619654,6.503,3445.551025390625,-0.000342900014719,0.6637290897211926,0.6598233301432822,3974.1201171875,19.229999542236328,233.93666076660156,68.0,4.127999782562256,3445.551025390625,333.36,3.85,8.1
2021-03-18,179.79,181.63,178.28,179.55,201064,0.0093883516977739,6.5054,3463.068115234375,0.0050839734238921,0.6701769472257588,0.659059212697096,3915.4599609375,21.579999923706055,217.72000122070312,63.279998779296875,4.117000102996826,3463.068115234375,336.16,3.85,7.5
2021-03-19,174.0,176.37,170.66,172.15,258227,-0.0412141464773043,6.507,3404.659912109375,-0.0168660278058224,0.6739058867063475,0.6648385761416827,3913.10009765625,20.950000762939453,218.2899932861328,64.52999877929688,4.123499870300293,3404.659912109375,316.86,3.85,5.9
2021-03-22,173.33,176.48,171.01,174.8,185683,0.0153935521347661,6.507,3443.43994140625,0.011390279880509,0.6575942170146147,0.6637337897606892,3940.590087890625,18.8799991607666,223.3333282470703,64.62000274658203,4.14900016784668,3443.43994140625,308.16,3.85,9.2
2021-03-23,176.8,177.18,167.3,169.97,226649,-0.0276315789473684,6.516,3411.510009765625,-0.0092726843458711,0.6376013920197807,0.6333490654267228,3910.52001953125,20.299999237060547,220.72000122070312,60.790000915527344,4.0879998207092285,3411.510009765625,304.27,3.85,12.3
2021-03-24,168.99,170.24,163.0,163.74,248269,-0.0366535270930163,6.523,3367.06005859375,-0.0130294066394748,0.6075674023804757,0.6297794002877329,3889.139892578125,21.200000762939453,210.08999633789062,64.41000366210938,4.071499824523926,3367.06005859375,289.15,3.85,13.3
2021-03-25,158.0,164.45,156.6,162.2,256191,-0.0094051545132528,6.5452,3363.590087890625,-0.0010305639468083,0.6057438666680836,0.6290654460764644,3909.52001953125,19.809999465942383,213.4633331298828,61.95000076293945,3.984999895095825,3363.590087890625,291.91,3.85,12.8
2021-03-26,164.01,173.0,163.9,171.99,328530,0.0603575832305796,6.5412,3418.326904296875,0.0162733314631025,0.6332314825126094,0.6404888632942285,3974.5400390625,18.860000610351562,206.23666381835938,64.56999969482422,4.078499794006348,3418.326904296875,313.98,3.85,12.4
2021-03-29,171.01,171.48,165.8,169.1,234729,-0.0168033025175883,6.5696,3435.300048828125,0.004965336846489,0.5682023050519903,0.6408368222640971,3971.090087890625,20.739999771118164,203.76333618164062,64.9800033569336,4.043000221252441,3435.300048828125,311.96,3.85,13.0
2021-03-30,162.0,170.0,160.1,170.0,338931,0.0053222945002957,6.5716,3456.679931640625,0.0062235852789025,0.5691947744566583,0.6401710643029517,3958.550048828125,19.610000610351562,211.8733367919922,64.13999938964844,3.9830000400543213,3456.679931640625,319.34,3.85,13.0
2021-03-31,170.21,173.64,163.56,165.51,270153,-0.0264117647058823,6.5518,3441.909912109375,-0.0042728918567359,0.5718711676136217,0.6344542637883687,3972.889892578125,19.399999618530273,222.64332580566406,63.540000915527344,4.002999782562256,3441.909912109375,322.53,3.85,15.8
2021-04-01,169.0,172.9,168.01,170.07,299958,0.0275512053652347,6.5645,3466.330078125,0.0070949463057443,0.5651547017812376,0.6312236272719818,4019.8701171875,17.329999923706055,220.5833282470703,64.86000061035156,4.003499984741211,3466.330078125,330.35,3.85,14.3
2021-04-02,171.99,179.2,169.58,176.87,349532,0.0399835361909801,6.5646,3484.39208984375,0.0052107016099631,0.5892754323234621,0.6299410357059397,4019.8701171875,17.329999923706055,220.5833282470703,64.86000061035156,4.003499984741211,3484.39208984375,332.76,3.85,13.6
2021-04-06,177.8,180.24,173.8,177.09,255910,0.0012438514162944,6.537,3482.969970703125,-0.0004081398143366,0.47120581224786,0.6153874730063724,4073.93994140625,18.1200008392334,230.5399932861328,62.7400016784668,4.126500129699707,3482.969970703125,326.16,3.85,14.3
2021-04-07,178.15,179.08,170.5,171.99,281704,-0.0287989158055226,6.5415,3479.6298828125,-0.0009589769417249,0.466492582820888,0.6025358297700549,4079.949951171875,17.15999984741211,223.6566619873047,63.15999984741211,4.064000129699707,3479.6298828125,320.36,3.85,13.7
2021-04-08,170.0,172.5,168.12,171.48,160043,-0.0029652886795744,6.5505,3482.550048828125,0.0008392174208093,0.4450766367711034,0.6019409148094756,4097.169921875,16.950000762939453,227.93333435058594,63.20000076293945,4.103499889373779,3482.550048828125,320.21,3.85,11.8
2021-04-09,172.9,173.1,167.0,167.72,204996,-0.0219267553067412,6.5522,3450.679931640625,-0.0091513737751519,0.4316545613737679,0.5962282554052725,4128.7998046875,16.690000534057617,225.67333984375,62.95000076293945,4.05049991607666,3450.679931640625,312.36,3.85,13.4
2021-04-12,167.73,170.39,163.6,164.46,201268,-0.0194371571667063,6.5475,3412.949951171875,-0.0109340713181739,0.434944406747861,0.596171284030101,4127.990234375,16.90999984741211,233.9933319091797,63.279998779296875,4.03000020980835,3412.949951171875,315.37,3.85,13.2
2021-04-13,164.48,168.63,164.48,165.01,158579,0.0033442782439498,6.5431,3396.469970703125,-0.0048286616283639,0.4145587166664143,0.5914521339499313,4141.58984375,16.649999618530273,254.10667419433594,63.66999816894531,4.043000221252441,3396.469970703125,325.12,3.85,10.7
2021-04-14,168.0,172.0,168.0,171.95,298473,0.0420580570874491,6.5292,3416.719970703125,0.0059620724383462,0.4412877728329809,0.5986869878446749,4124.66015625,16.989999771118164,244.07666015625,66.58000183105469,4.139999866485596,3416.719970703125,346.36,3.85,13.8
2021-04-15,169.5,169.65,164.5,166.5,249912,-0.0316952602500726,6.522,3398.989990234375,-0.0051891816188557,0.4540105092336577,0.600441775534894,4170.419921875,16.56999969482422,246.28334045410156,66.94000244140625,4.230500221252441,3398.989990234375,337.36,3.85,15.2
2021-04-16,166.4,167.4,161.33,166.3,234599,-0.0012012012012011,6.5203,3426.6201171875,0.0081289227189573,0.4517548597579589,0.5879746530601352,4185.47021484375,16.25,246.5933380126953,66.7699966430664,4.179999828338623,3426.6201171875,334.2,3.85,11.4
2021-04-19,166.0,178.0,165.18,177.05,507351,0.0646422128683101,6.5085,3477.550048828125,0.0148630224240986,0.4890973268801419,0.6044622189883367,4163.259765625,17.290000915527344,238.2100067138672,67.05000305175781,4.25,3477.550048828125,364.36,3.85,18.6
2021-04-20,176.0,176.0,170.78,172.24,375677,-0.0271674668172832,6.4981,3472.93994140625,-0.0013256768003752,0.4967373218692225,0.6059327395515816,4134.93994140625,18.68000030517578,239.663330078125,66.56999969482422,4.223999977111816,3472.93994140625,359.36,3.85,20.5
2021-04-21,170.0,171.59,168.17,169.59,230489,-0.0153855085926614,6.4903,3472.929931640625,-2.8822167368325324e-06,0.4896452566397031,0.6048511419576877,4173.419921875,17.5,248.0399932861328,65.31999969482422,4.286499977111816,3472.929931640625,356.05,3.85,17.4
2021-04-22,171.0,172.78,168.22,169.71,197508,0.0007075888908545,6.491,3465.110107421875,-0.002251650442903,0.4697712588965649,0.601662859147678,4134.97998046875,18.709999084472656,239.89666748046875,65.4000015258789,4.2804999351501465,3465.110107421875,362.72,3.85,12.9
2021-04-23,168.18,172.38,167.27,170.25,228828,0.0031818985327911,6.4945,3474.169921875,0.002614581982177,0.4677673194582164,0.5867074680439084,4180.169921875,17.329999923706055,243.13333129882812,66.11000061035156,4.3429999351501465,3474.169921875,371.86,3.85,15.4
2021-04-26,171.0,174.0,168.25,168.5,319514,-0.0102790014684287,6.4844,3441.169921875,-0.0094986718387654,0.4169930840166396,0.5819552351385993,4187.6201171875,17.639999389648438,246.06666564941406,65.6500015258789,4.447999954223633,3441.169921875,349.36,3.85,16.1
2021-04-27,167.0,168.4,164.4,165.94,255639,-0.0151928783382789,6.483,3442.610107421875,0.0004185162545213,0.4162067723029069,0.5605413006427823,4186.72021484375,17.559999465942383,234.913330078125,66.41999816894531,4.743000030517578,3442.610107421875,348.96,3.85,16.4
2021-04-28,165.86,169.54,163.96,166.5,218412,0.0033747137519586,6.4771,3457.070068359375,0.0042002900375868,0.4158951916874671,0.5600171349961044,4183.18017578125,17.280000686645508,231.46665954589844,67.2699966430664,4.5370001792907715,3457.070068359375,367.39,3.85,16.8
2021-04-29,164.0,165.93,163.2,163.95,275854,-0.0153153153153153,6.471,3474.89990234375,0.005157498584585,0.4086044066816031,0.5591198264385809,4211.47021484375,17.610000610351562,225.6666717529297,68.55999755859375,4.493000030517578,3474.89990234375,380.35,3.85,15.1
2021-04-30,162.49,163.2,157.71,159.57,359899,-0.0267154620311069,6.4749,3446.860107421875,-0.0080692381679722,0.4051755570453282,0.5537979362054292,4181.169921875,18.610000610351562,236.47999572753906,67.25,4.479000091552734,3446.860107421875,388.53,3.85,11.3
2021-05-06,158.0,158.0,151.0,151.0,423158,-0.0537068371247727,6.4635,3441.280029296875,-0.0016188873209518,0.410181052067177,0.5609081569932708,4201.6201171875,18.389999389648438,221.17999267578125,68.08999633789062,4.61899995803833,3441.280029296875,384.36,3.85,19.9
2021-05-07,149.12,150.96,144.39,144.95,377980,-0.040066225165563,6.431,3418.8701171875,-0.0065120861768269,0.4243836635425208,0.5646089513117343,4232.60009765625,16.690000534057617,224.1233367919922,68.27999877929688,4.765999794006348,3418.8701171875,367.64,3.85,20.2
2021-05-10,144.95,149.35,142.44,148.0,260739,0.0210417385305279,6.4156,3427.989990234375,0.0026675108250024,0.43134019004914,0.5352413356521741,4188.43017578125,19.65999984741211,209.67999267578125,68.31999969482422,4.733500003814697,3427.989990234375,368.57,3.85,18.9
2021-05-11,144.7,149.76,141.97,147.56,269640,-0.0029729729729729,6.4285,3441.85009765625,0.0040432170051136,0.4313392056362963,0.5351679036628638,4152.10009765625,21.84000015258789,205.73333740234375,68.55000305175781,4.778500080108643,3441.85009765625,366.96,3.85,17.7
2021-05-12,149.26,156.0,149.26,154.73,384659,0.0485904039034967,6.4566,3462.75,0.0060722872149434,0.4701503562340679,0.5480171718665057,4063.0400390625,27.59000015258789,196.6300048828125,69.31999969482422,4.752500057220459,3462.75,361.86,3.85,20.1
2021-05-13,151.75,152.0,149.56,149.99,212696,-0.0306340076261874,6.4506,3429.5400390625,-0.0095906319940798,0.4767829052208917,0.5455604641480882,4112.5,23.1299991607666,190.56333923339844,67.05000305175781,4.70550012588501,3429.5400390625,351.46,3.85,20.4
2021-05-14,148.9,155.1,147.31,154.53,300279,0.0302686845789719,6.4367,3490.3798828125,0.0177399426911577,0.4917544118021904,0.5505652069057321,4173.85009765625,18.809999465942383,196.5800018310547,68.70999908447266,4.664000034332275,3490.3798828125,359.36,3.85,20.2
2021-05-17,156.43,161.88,155.45,160.78,363003,0.0404452209926875,6.4388,3517.6201171875,0.0078043752512835,0.4898316386594702,0.5548149304907793,4163.2900390625,19.719999313354492,192.27667236328125,69.45999908447266,4.721499919891357,3517.6201171875,373.54,3.85,21.7
2021-05-18,161.0,162.8,157.88,159.7,194952,-0.0067172533897251,6.425,3529.010009765625,0.0032379541276992,0.4782466090590073,0.5465446008789783,4127.830078125,21.34000015258789,192.6233367919922,68.70999908447266,4.735499858856201,3529.010009765625,369.46,3.85,23.9
2021-05-19,160.9,175.0,160.88,173.78,596491,0.0881653099561678,6.4342,3510.9599609375,-0.0051147627176392,0.5748252602294963,0.5789718697621117,4115.68017578125,22.18000030517578,187.82000732421875,66.66000366210938,4.5894999504089355,3510.9599609375,375.41,3.85,24.0
2021-05-20,171.0,178.56,170.1,173.94,499888,0.000920704338819,6.4339,3506.93994140625,-0.0011449915624148,0.526380272297746,0.5791468475202659,4159.1201171875,20.670000076293945,195.5933380126953,65.11000061035156,4.581999778747559,3506.93994140625,378.1,3.85,23.0
2021-05-21,175.01,178.99,171.1,174.2,334966,0.0014947683109116,6.4339,3486.56005859375,-0.0058113007787432,0.5167739702164695,0.5641680394712195,4155.85986328125,20.149999618530273,193.6266632080078,66.44000244140625,4.495999813079834,3486.56005859375,375.93,3.85,23.6
2021-05-24,172.91,176.5,170.98,174.47,271723,0.0015499425947187,6.4177,3497.280029296875,0.0030746553975751,0.5131092581948259,0.5522354097565235,4197.0498046875,18.399999618530273,202.14666748046875,68.45999908447266,4.541500091552734,3497.280029296875,388.32,3.85,18.5
2021-05-25,176.0,179.0,173.7,177.52,331523,0.0174815154467817,6.41,3581.340087890625,0.0240358386773649,0.5160354674864829,0.5357956256333758,4188.1298828125,18.84000015258789,201.56333923339844,68.6500015258789,4.521999835968018,3581.340087890625,395.89,3.85,19.4
2021-05-26,179.0,185.58,177.0,177.17,345578,-0.0019716088328076,6.3905,3593.360107421875,0.0033562910073501,0.5163018682198537,0.5357471119878114,4195.990234375,17.360000610351562,206.3766632080078,68.87000274658203,4.5329999923706055,3593.360107421875,385.78,3.85,20.6
2021-05-27,180.0,180.68,175.5,178.45,234026,0.0072246994412146,6.3824,3608.85009765625,0.0043107258307848,0.5142957691258769,0.5237774923137706,4200.8798828125,16.739999771118164,210.28334045410156,69.45999908447266,4.666500091552734,3608.85009765625,384.36,3.85,20.4
2021-05-28,178.45,186.0,177.07,182.68,371195,0.0237041188007847,6.3674,3600.780029296875,-0.0022361882984877,0.514215451834594,0.5059094215990927,4204.10986328125,16.760000228881836,208.4066619873047,69.62999725341797,4.682499885559082,3600.780029296875,409.96,3.85,22.5
2021-05-31,176.26,180.11,171.18,179.7,437553,-0.0163126779067221,6.3674,3615.47998046875,0.0040824352091137,0.519914311405496,0.5066735570422009,4204.10986328125,16.760000228881836,208.4066619873047,69.62999725341797,4.682499885559082,3615.47998046875,434.46,3.85,17.5
2021-06-01,179.73,191.9,179.73,190.46,513604,0.0598775737340011,6.3796,3624.7099609375,0.0025529059816709,0.5498900399272423,0.5222704181811674,4202.0400390625,17.899999618530273,207.96665954589844,70.25,4.6620001792907715,3624.7099609375,425.7,3.85,20.7
2021-06-02,191.0,192.85,186.2,187.5,294350,-0.0155413210122861,6.3805,3597.139892578125,-0.0076061446726745,0.5418834069192141,0.5117599630013894,4208.1201171875,17.479999542236328,201.7066650390625,71.3499984741211,4.599999904632568,3597.139892578125,424.86,3.85,21.8
2021-06-03,187.6,188.5,181.18,184.9,250801,-0.0138666666666665,6.4036,3584.2099609375,-0.0035945034184805,0.4977405835153893,0.5120719510803973,4192.85009765625,18.040000915527344,190.94667053222656,71.30999755859375,4.471499919891357,3584.2099609375,415.14,3.85,22.1
2021-06-04,182.61,193.0,181.52,190.4,319848,0.0297458085451596,6.3945,3591.840087890625,0.0021288169600224,0.4639664449276294,0.4723884250003042,4229.89013671875,16.420000076293945,199.68333435058594,71.88999938964844,4.537499904632568,3591.840087890625,432.57,3.85,24.2
2021-06-07,192.0,193.87,188.0,191.35,254518,0.0049894957983191,6.3963,3599.5400390625,0.0021437344045003,0.4642911132167462,0.4665547993666609,4226.52001953125,16.420000076293945,201.7100067138672,71.48999786376953,4.534999847412109,3599.5400390625,407.86,3.85,24.0
2021-06-08,195.0,206.6,194.25,203.81,559239,0.0651162790697674,6.4,3580.110107421875,-0.0053978929056962,0.4945202159666598,0.4786145957784753,4227.259765625,17.06999969482422,201.19667053222656,72.22000122070312,4.563000202178955,3580.110107421875,409.95,3.85,24.3
2021-06-09,203.9,204.5,198.02,203.0,316556,-0.0039742897796968,6.3865,3591.39990234375,0.003153477011355,0.4847012951584763,0.4747474052913383,4219.5498046875,17.889999389648438,199.5933380126953,72.22000122070312,4.536499977111816,3591.39990234375,409.73,3.85,22.0
2021-06-10,203.05,217.05,202.0,215.11,441000,0.0596551724137932,6.3929,3610.860107421875,0.0054185569992986,0.4801214317258281,0.4887505606959587,4239.18017578125,16.100000381469727,203.3733367919922,72.5199966430664,4.489999771118164,3610.860107421875,434.99,3.85,24.1
2021-06-11,215.3,230.95,213.08,228.02,540085,0.0600158058667659,6.3967,3589.75,-0.0058462822690041,0.5008629379046152,0.4937157387087039,4247.43994140625,15.649999618530273,203.29666137695312,72.69000244140625,4.541500091552734,3589.75,452.34,3.85,26.4
2021-06-15,232.54,238.8,225.87,233.32,518101,0.0232435751249888,6.4052,3556.56005859375,-0.0092457528814681,0.4952863720979845,0.4949079047008393,4246.58984375,17.020000457763672,199.7866668701172,73.98999786376953,4.340000152587891,3556.56005859375,445.36,3.85,25.7
2021-06-16,227.0,232.66,211.66,212.0,618176,-0.091376650094291,6.3969,3518.330078125,-0.0107491451961775,0.6276207770430369,0.5329007595561012,4223.7001953125,18.149999618530273,201.6233367919922,74.38999938964844,4.392499923706055,3518.330078125,420.54,3.85,21.9
2021-06-17,211.96,233.1,211.83,233.1,519978,0.0995283018867925,6.4477,3525.60009765625,0.0020663267430338,0.6462089075774775,0.5680311274804803,4221.85986328125,17.75,205.53334045410156,73.08000183105469,4.184500217437744,3525.60009765625,434.87,3.85,25.6
2021-06-18,237.0,253.32,235.65,246.0,571896,0.0553410553410553,6.4525,3525.10009765625,-0.0001418198281569,0.6585946717763183,0.5689578691131973,4166.4501953125,20.700000762939453,207.77000427246094,73.51000213623047,4.162499904632568,3525.10009765625,450.36,3.85,26.9
2021-06-21,244.88,250.56,233.13,243.58,430526,-0.0098373983739836,6.4659,3529.179931640625,0.0011573668467137,0.6636381114719196,0.5696397606940095,4224.7900390625,17.889999389648438,206.94332885742188,74.9000015258789,4.1875,3529.179931640625,453.16,3.85,28.8
2021-06-22,244.0,248.0,237.0,238.88,316428,-0.0192955086624517,6.4811,3557.409912109375,0.0079990198900474,0.6744162419827723,0.5677801565625933,4246.43994140625,16.65999984741211,207.90333557128906,74.80999755859375,4.234499931335449,3557.409912109375,450.59,3.85,27.6
2021-06-23,234.0,250.8,233.5,244.3,394501,0.0226892163429337,6.4727,3566.219970703125,0.0024765373716872,0.6747508327456722,0.5615923449596796,4241.83984375,16.31999969482422,218.85667419433594,75.19000244140625,4.330999851226807,3566.219970703125,468.81,3.85,24.4
2021-06-24,245.0,252.87,241.18,245.89,312285,0.0065083913221448,6.4701,3566.64990234375,0.0001205566802264,0.6722640680405388,0.5605166813789481,4266.490234375,15.970000267028809,226.60667419433594,75.55999755859375,4.311500072479248,3566.64990234375,467.66,3.85,24.5
2021-06-25,248.0,249.66,239.0,245.99,296502,0.0004066859164668,6.4545,3607.56005859375,0.0114701911794361,0.6740622039420001,0.5497608894474001,4280.7001953125,15.619999885559082,223.9566650390625,76.18000030517578,4.298999786376953,3607.56005859375,476.59,3.85,25.0
2021-06-28,245.99,256.0,244.52,254.63,347272,0.0351233789991463,6.4555,3606.3701171875,-0.000329846596293,0.6767749218825252,0.5506329021357124,4290.60986328125,15.760000228881836,229.57333374023438,74.68000030517578,4.2779998779296875,3606.3701171875,494.26,3.85,27.4
2021-06-29,258.4,260.6,251.0,254.3,306258,-0.0012959981149117,6.4635,3573.179931640625,-0.009203211114881,0.6688469189424605,0.5509080642367844,4291.7998046875,16.020000457763672,226.9199981689453,74.76000213623047,4.276500225067139,3573.179931640625,508.87,3.85,25.0
2021-06-30,251.0,257.5,247.0,252.0,285407,-0.0090444357058592,6.4566,3591.199951171875,0.0050431324131432,0.6567278298344527,0.5475054765637843,4297.5,15.829999923706055,226.56666564941406,75.12999725341797,4.296500205993652,3591.199951171875,535.16,3.85,26.2
2021-07-01,252.0,253.5,236.6,237.6,422603,-0.0571428571428571,6.4679,3588.780029296875,-0.000673847713272,0.697637735035595,0.5616591684662083,4319.93994140625,15.479999542236328,225.97332763671875,75.83999633789062,4.242000102996826,3588.780029296875,529.86,3.85,24.0
2021-07-02,234.0,244.5,229.89,240.04,374260,0.0102693602693602,6.4721,3518.760009765625,-0.019510813970108,0.6906145830913706,0.5573090210012172,4352.33984375,15.069999694824219,226.3000030517578,76.16999816894531,4.2820000648498535,3518.760009765625,519.95,3.85,24.8
2021-07-05,237.04,251.0,236.57,250.55,324901,0.043784369271788,6.4721,3534.320068359375,0.0044220289393326,0.6966225219730613,0.5626491198421618,4352.33984375,15.069999694824219,226.3000030517578,76.16999816894531,4.2820000648498535,3534.320068359375,519.87,3.85,25.7
2021-07-06,256.0,262.02,242.0,251.5,517917,0.0037916583516264,6.4786,3530.260009765625,-0.0011487523810017,0.696857717757457,0.557882249069229,4343.5400390625,16.440000534057617,219.86000061035156,74.52999877929688,4.257999897003174,3530.260009765625,515.83,3.85,24.5
2021-07-07,245.0,259.6,241.88,256.09,386387,0.0182504970178924,6.4718,3553.719970703125,0.0066453918047406,0.6712512968106588,0.5579653645245495,4358.1298828125,16.200000762939453,214.88333129882812,73.43000030517578,4.328999996185303,3553.719970703125,543.1,3.85,26.3
2021-07-08,254.0,262.54,252.12,252.96,393910,-0.0122222656097464,6.4898,3525.5,-0.0079409663495634,0.674539176807145,0.556145104342537,4320.81982421875,19.0,217.60333251953125,74.12000274658203,4.271500110626221,3525.5,559.76,3.85,26.6
2021-07-09,251.88,255.99,242.88,249.82,364947,-0.0124130297280202,6.4788,3524.090087890625,-0.0003999183404835,0.6551252247489083,0.5548784835123082,4369.5498046875,16.18000030517578,218.98333740234375,75.55000305175781,4.352499961853027,3524.090087890625,546.48,3.85,26.8
2021-07-12,254.3,273.91,252.5,267.48,560057,0.0706908974461613,6.4751,3547.840087890625,0.0067393282826704,0.6672816083269978,0.5696481185473504,4384.6298828125,16.170000076293945,228.56666564941406,75.16000366210938,4.322999954223633,3547.840087890625,566.39,3.85,24.5
2021-07-13,267.49,270.73,261.22,266.1,277314,-0.0051592642440556,6.4685,3566.52001953125,0.0052651560323653,0.6667720438576402,0.5660489977668217,4369.2099609375,17.1200008392334,222.84666442871094,76.48999786376953,4.314499855041504,3566.52001953125,563.61,3.85,26.0
2021-07-14,262.0,262.0,246.0,246.29,612717,-0.074445697106351,6.4688,3528.5,-0.0106602568674903,0.6354693472444519,0.585282160364122,4374.2998046875,16.329999923706055,217.7933349609375,74.76000213623047,4.2769999504089355,3528.5,551.97,3.85,26.8
2021-07-15,240.0,244.55,231.0,237.4,551899,-0.0360956595882901,6.46,3564.590087890625,0.0102281671788648,0.5543424827149313,0.5917569478439928,4360.02978515625,17.010000228881836,216.86666870117188,73.47000122070312,4.333000183105469,3564.590087890625,568.6,3.85,27.6
2021-07-16,236.75,236.75,222.03,223.92,562741,-0.056781802864364,6.4785,3539.300048828125,-0.0070947958780488,0.5527641078749637,0.5932325752377374,4327.16015625,18.450000762939453,214.74000549316406,73.58999633789062,4.332499980926514,3539.300048828125,531.6,3.85,26.8
2021-07-19,221.0,232.99,215.3,224.97,372187,0.0046891747052519,6.4893,3539.1201171875,-5.083819911921861e-05,0.5531730535626762,0.5895262413131563,4258.490234375,22.5,215.4066619873047,68.62000274658203,4.2104997634887695,3539.1201171875,524.1,3.85,25.4
2021-07-20,221.0,230.46,220.11,228.5,246750,0.0156909810196914,6.4845,3536.7900390625,-0.0006583778023481,0.5537664076229799,0.5883449588823538,4323.06005859375,19.729999542236328,220.1666717529297,69.3499984741211,4.273499965667725,3536.7900390625,528.64,3.85,26.4
2021-07-21,232.2,245.99,231.01,242.23,471511,0.0600875273522976,6.4664,3562.660888671875,0.0073147824223778,0.5902634301812621,0.5987072243125033,4358.68994140625,17.90999984741211,218.42999267578125,72.2300033569336,4.28249979019165,3562.660888671875,556.38,3.85,25.0
2021-07-22,247.3,250.44,241.17,249.96,374773,0.0319118193452505,6.47,3574.73388671875,0.0033887586902427,0.600641143539716,0.6008890915971388,4367.47998046875,17.690000534057617,216.4199981689453,73.79000091552734,4.3480000495910645,3574.73388671875,557.68,3.85,24.5
2021-07-23,248.44,263.0,246.08,259.68,460562,0.0388862217954872,6.4808,3550.39990234375,-0.0068072156267094,0.6150654035506387,0.6032512018697826,4411.7900390625,17.200000762939453,214.4600067138672,74.0999984741211,4.406499862670898,3550.39990234375,547.61,3.85,25.8
2021-07-26,251.58,260.74,242.01,249.55,404428,-0.03900955021565,6.4825,3467.43994140625,-0.0233663708932436,0.6206645629634379,0.6090985082258242,4422.2998046875,17.579999923706055,219.2066650390625,74.5,4.589000225067139,3467.43994140625,540.38,3.85,27.5
2021-07-27,247.0,258.88,238.2,239.71,377707,-0.0394309757563614,6.5104,3381.179931640625,-0.0248771460279833,0.6360646738402836,0.616620887153893,4401.4599609375,19.360000610351562,214.92666625976562,74.4800033569336,4.546000003814697,3381.179931640625,495.6,3.85,24.7
2021-07-28,230.99,242.1,224.99,237.5,332199,-0.0092194735305161,6.4905,3361.590087890625,-0.005793789193731,0.6360900141270662,0.6158118100977001,4400.64013671875,18.309999465942383,215.66000366210938,74.73999786376953,4.479000091552734,3361.590087890625,525.65,3.85,24.4
2021-07-29,247.94,258.3,243.82,258.2,428851,0.0871578947368421,6.4562,3411.719970703125,0.0149125507577743,0.6757535730658232,0.6332104590906256,4419.14990234375,17.700000762939453,225.78334045410156,76.05000305175781,4.519999980926514,3411.719970703125,557.4,3.85,23.5
2021-07-30,258.19,269.3,253.13,265.71,457994,0.0290859798605731,6.4609,3397.360107421875,-0.0042089806328069,0.6809724220463766,0.6208993276950969,4395.259765625,18.239999771118164,229.06666564941406,76.33000183105469,4.480500221252441,3397.360107421875,551.0,3.85,24.3
2021-08-02,277.0,292.18,274.3,292.18,622259,0.099619886342253,6.462,3464.2900390625,0.0197005703029271,0.7476788640467473,0.6383378215909616,4387.16015625,19.459999084472656,236.55667114257812,72.88999938964844,4.432000160217285,3464.2900390625,552.6,3.85,26.0
2021-08-03,300.0,300.0,276.01,281.08,489349,-0.0379902799644056,6.47,3447.989990234375,-0.0047051628600173,0.7658459508138603,0.6463923422707983,4423.14990234375,18.040000915527344,236.5800018310547,72.41000366210938,4.382999897003174,3447.989990234375,531.6,3.85,25.7
2021-08-04,284.01,309.09,283.0,309.09,534306,0.0996513448128646,6.4655,3477.219970703125,0.0084773971361682,0.8336814127258663,0.6703141872549152,4402.66015625,17.969999313354492,236.97332763671875,70.37999725341797,4.329999923706055,3477.219970703125,569.6,3.85,26.6
2021-08-05,302.0,307.25,295.87,300.46,368823,-0.0279206703549127,6.4608,3466.550048828125,-0.0030685208197634,0.8412430102623007,0.6714307192811733,4429.10009765625,17.280000686645508,238.2100067138672,71.29000091552734,4.3454999923706055,3466.550048828125,557.6,3.85,25.6
2021-08-06,314.15,318.45,299.65,304.63,453626,0.0138787192970779,6.4825,3458.22998046875,-0.0024001004578565,0.8371397413286867,0.6655326518495334,4436.52001953125,16.149999618530273,233.03334045410156,70.69999694824219,4.3454999923706055,3458.22998046875,544.48,3.85,25.6
2021-08-09,296.15,298.55,284.15,294.7,341621,-0.0325969208548074,6.4857,3494.6298828125,0.0105255875257943,0.8200038326458315,0.6709057323801462,4432.35009765625,16.719999313354492,237.9199981689453,69.04000091552734,4.2870001792907715,3494.6298828125,516.6,3.85,25.6
2021-08-10,294.71,303.46,283.15,293.15,331035,-0.005259586019681,6.4852,3529.929931640625,0.0101012267427058,0.8200221804201667,0.6690729746078863,4436.75,16.790000915527344,236.663330078125,70.62999725341797,4.351500034332275,3529.929931640625,511.1,3.85,25.9
2021-08-11,290.15,299.98,287.31,296.14,263994,0.01019955654102,6.4783,3532.6201171875,0.0007621073502794,0.7628052913637884,0.6680655542011142,4442.41015625,16.170000076293945,235.94000244140625,71.44000244140625,4.363999843597412,3532.6201171875,517.85,3.85,25.3
2021-08-12,294.15,314.53,290.52,310.13,382779,0.0472411697170258,6.4782,3524.739990234375,-0.0022306748791881,0.7528312363847829,0.6530243000577806,4460.830078125,15.59000015258789,240.75,71.30999755859375,4.355999946594238,3524.739990234375,502.6,3.85,24.6
2021-08-13,304.15,313.65,299.14,301.17,246906,-0.0288911101796019,6.4768,3516.300048828125,-0.0023944862400159,0.7237564418943488,0.6577373898590958,4468.0,15.449999809265137,239.05667114257812,70.58999633789062,4.38700008392334,3516.300048828125,502.65,3.85,24.3
2021-08-16,298.15,298.15,286.15,286.55,305067,-0.0485440116877511,6.4742,3517.340087890625,0.0002957765401296,0.7585143963753787,0.6684167286803767,4479.7099609375,16.1200008392334,228.72332763671875,69.51000213623047,4.322000026702881,3517.340087890625,477.6,3.85,23.5
2021-08-17,284.6,291.65,279.15,281.46,272058,-0.0177630430989357,6.4854,3446.97607421875,-0.0200048934460792,0.766328562103812,0.6705282000374931,4448.080078125,17.90999984741211,221.90333557128906,69.02999877929688,4.199999809265137,3446.97607421875,480.6,3.85,24.2
2021-08-18,286.56,289.24,279.34,284.81,221723,0.0119022241171038,6.4841,3485.285888671875,0.0111140354990157,0.7446347107878517,0.670319570966892,4400.27001953125,21.56999969482422,229.663330078125,68.2300033569336,4.116000175476074,3485.285888671875,495.6,3.85,23.7
2021-08-19,284.81,299.83,279.72,294.87,361672,0.0353217934763525,6.4942,3465.554931640625,-0.0056612162277364,0.7461143838522383,0.6721203676845956,4405.7998046875,21.670000076293945,224.49000549316406,66.44999694824219,4.03849983215332,3465.554931640625,503.6,3.85,21.6
2021-08-20,290.15,294.75,283.15,286.24,247173,-0.0292671346695153,6.5012,3427.333984375,-0.0110288101096498,0.7495020618422908,0.6767688326947605,4441.669921875,18.559999465942383,226.75332641601562,65.18000030517578,4.134500026702881,3427.333984375,494.71,3.85,22.8
2021-08-23,282.65,295.59,276.7,290.95,295827,0.0164547233091112,6.4805,3477.1298828125,0.014529047552563,0.7310462296583936,0.6762493235976834,4479.52978515625,17.149999618530273,235.43333435058594,68.75,4.234499931335449,3477.1298828125,522.5,3.85,25.0
2021-08-24,293.94,303.15,291.2,299.4,274399,0.0290427908575356,6.471,3514.470947265625,0.0107390479250437,0.7114184677580763,0.6754807666633247,4486.22998046875,17.219999313354492,236.163330078125,71.05000305175781,4.255000114440918,3514.470947265625,523.6,3.85,22.3
2021-08-25,298.95,300.95,292.15,297.35,179145,-0.0068470273881093,6.4756,3540.3798828125,0.0073720727630521,0.7105245569542397,0.6679938349888251,4496.18994140625,16.790000915527344,237.06666564941406,72.25,4.264999866485596,3540.3798828125,530.84,3.85,21.3
2021-08-26,298.15,299.92,283.65,283.65,263682,-0.0460736505801245,6.4809,3501.6640625,-0.0109354988995542,0.6809372855863359,0.6755387275464071,4470.0,18.84000015258789,233.72000122070312,71.06999969482422,4.245999813079834,3501.6640625,521.6,3.85,22.1
2021-08-27,282.14,297.18,281.15,289.3,262889,0.0199189141547684,6.4711,3522.156982421875,0.0058523375047132,0.6775058645179767,0.6744572166026597,4509.3701171875,16.389999389648438,237.30667114257812,72.69999694824219,4.316500186920166,3522.156982421875,508.1,3.85,22.1
2021-08-30,278.59,289.15,275.11,283.12,419092,-0.0213619080539232,6.4658,3528.15087890625,0.0017017686929596,0.5831932899022781,0.6756694053115283,4528.7900390625,16.190000534057617,243.6366729736328,73.41000366210938,4.361000061035156,3528.15087890625,505.84,3.85,22.9
2021-08-31,288.03,288.03,267.7,278.15,329668,-0.017554393896581,6.4604,3543.93994140625,0.0044751664659234,0.5703461888013778,0.6776060851446716,4522.68017578125,16.479999542236328,245.24000549316406,72.98999786376953,4.360000133514404,3543.93994140625,495.47,3.85,22.5
2021-09-01,278.15,279.12,258.75,267.45,287674,-0.0384684522739529,6.4586,3567.10009765625,0.0065351435500935,0.4481551521123946,0.6729884272685733,4524.08984375,16.110000610351562,244.69667053222656,71.58999633789062,4.263000011444092,3567.10009765625,489.31,3.85,22.1
2021-09-02,268.16,273.14,263.85,268.15,165244,0.0026173116470367,6.456,3597.0400390625,0.0083933561118516,0.4421630971780062,0.672731264075557,4536.9501953125,16.40999984741211,244.1300048828125,73.02999877929688,4.289999961853027,3597.0400390625,494.1,3.85,23.1
2021-09-03,268.16,272.15,251.55,255.26,287964,-0.0480701100130523,6.4528,3581.72998046875,-0.0042562936268399,0.4608065565063924,0.6719320850680767,4535.43017578125,16.40999984741211,244.52333068847656,72.61000061035156,4.325500011444092,3581.72998046875,487.1,3.85,24.2
2021-09-06,261.14,280.15,260.15,278.75,397789,0.0920238188513673,6.4528,3621.860107421875,0.0112041184488935,0.5727444212316198,0.686430187499513,4535.43017578125,16.40999984741211,244.52333068847656,72.61000061035156,4.325500011444092,3621.860107421875,516.7,3.85,19.5
2021-09-07,278.75,282.26,274.42,277.1,207634,-0.0059192825112106,6.4662,3676.590087890625,0.0151110144637001,0.5727964213849807,0.6855868461553267,4520.02978515625,18.139999389648438,250.97332763671875,71.69000244140625,4.277500152587891,3676.590087890625,514.61,3.85,19.7
2021-09-08,279.05,280.43,269.76,270.74,182578,-0.0229520028870444,6.4612,3675.18994140625,-0.0003808274653697,0.5753588213163602,0.6588450305543815,4514.06982421875,17.959999084472656,251.2899932861328,72.5999984741211,4.23199987411499,3675.18994140625,503.6,3.85,21.9
2021-09-09,273.15,280.73,266.95,272.86,216256,0.007830390780823,6.4547,3693.1298828125,0.0048813644171505,0.5451480915407104,0.6287130683289017,4493.27978515625,18.799999237060547,251.6199951171875,71.44999694824219,4.2835001945495605,3693.1298828125,507.8,3.85,21.4
2021-09-10,272.86,273.68,263.79,266.76,238757,-0.0223557868503995,6.444,3703.110107421875,0.0027023757425435,0.5419656499072381,0.6214110458985131,4458.580078125,20.950000762939453,245.42333984375,72.91999816894531,4.447999954223633,3703.110107421875,502.7,3.85,22.1
2021-09-13,269.48,273.13,260.33,262.51,213492,-0.0159319238266606,6.4511,3715.3701171875,0.0033107332512347,0.5195130677339033,0.6220359594423808,4468.72998046875,19.3700008392334,247.6666717529297,73.51000213623047,4.363500118255615,3715.3701171875,503.4,3.85,22.9
2021-09-14,262.54,277.15,258.21,270.38,354690,0.0299798102929411,6.4382,3662.60009765625,-0.0142031662706046,0.5301156694309337,0.6230304041544144,4443.0498046875,19.459999084472656,248.163330078125,73.5999984741211,4.317999839782715,3662.60009765625,530.5,3.85,21.7
2021-09-15,269.04,271.15,261.15,262.3,218809,-0.029883867149937,6.432,3656.219970703125,-0.0017419665764787,0.5368275655830913,0.6251785650956048,4480.7001953125,18.18000030517578,251.94332885742188,75.45999908447266,4.403500080108643,3656.219970703125,525.95,3.85,20.7
2021-09-16,262.3,265.92,251.68,252.15,220810,-0.0386961494471979,6.4566,3607.090087890625,-0.0134373432687782,0.5299475648389375,0.630606636328018,4473.75,18.690000534057617,252.3300018310547,75.66999816894531,4.278500080108643,3607.090087890625,498.6,3.85,20.5
2021-09-17,254.15,258.15,251.64,256.27,139421,0.0163394804679752,6.4655,3613.969970703125,0.0019073221474552,0.5295727117531056,0.6313679094981172,4432.990234375,20.809999465942383,253.163330078125,75.33999633789062,4.245500087738037,3613.969970703125,503.6,3.85,20.1
2021-09-22,249.15,252.59,245.18,248.35,163413,-0.0309049049830256,6.4611,3628.489990234375,0.0040177476982259,0.5308116318846325,0.6308261899387636,4395.64013671875,20.8700008392334,250.64666748046875,76.19000244140625,4.252500057220459,3628.489990234375,493.91,3.85,19.2
2021-09-23,254.98,258.67,250.03,251.07,149784,0.0109522850815382,6.459,3642.219970703125,0.003783937810412,0.5180870284363688,0.6311892646873419,4448.97998046875,18.6299991607666,251.2133331298828,77.25,4.230999946594238,3642.219970703125,493.59,3.85,20.7
2021-09-24,252.11,258.65,248.15,252.92,158267,0.0073684629784522,6.466,3613.070068359375,-0.0080033338398621,0.5210529319513455,0.6310197967858567,4455.47998046875,17.75,258.1300048828125,78.08999633789062,4.287499904632568,3613.070068359375,500.58,3.85,19.3
2021-09-27,255.15,258.64,247.95,253.65,179991,0.0028862881543572,6.456,3582.830078125,-0.0083696107914414,0.5016740290555937,0.6193509099752444,4443.10986328125,18.760000228881836,263.78668212890625,79.52999877929688,4.293499946594238,3582.830078125,514.1,3.85,20.6
2021-09-28,253.05,254.97,247.44,248.01,162444,-0.0222353636901242,6.4595,3602.219970703125,0.0054118928766704,0.4960650666985121,0.6210381180239721,4352.6298828125,23.25,259.1866760253906,79.08999633789062,4.244999885559082,3602.219970703125,501.03,3.85,20.1
2021-09-29,244.15,246.03,236.15,237.15,245555,-0.0437885569130276,6.4702,3536.2900390625,-0.0183025834559892,0.5107177720438597,0.6213725943805227,4359.4599609375,22.559999465942383,260.4366760253906,78.63999938964844,4.199999809265137,3536.2900390625,503.11,3.85,20.1
2021-09-30,239.35,250.85,238.35,250.66,225038,0.0569681636095298,6.4434,3568.169921875,0.0090150645055548,0.55909694180291,0.6322838786492483,4307.5400390625,23.139999389648438,258.49334716796875,78.5199966430664,4.090000152587891,3568.169921875,526.33,3.85,19.2
2021-10-08,259.13,261.13,251.15,254.15,194104,0.013923242639432,6.4435,3592.169921875,0.006726137074601,0.5478345829781438,0.6318331744911735,4391.33984375,18.770000457763672,261.8299865722656,82.38999938964844,4.2829999923706055,3592.169921875,534.6,3.85,13.2
2021-10-11,254.25,264.25,249.15,256.9,211973,0.0108203816643712,6.4435,3591.7099609375,-0.0001280454286693,0.5495212978837618,0.631594687853834,4361.18994140625,20.0,263.9800109863281,83.6500015258789,4.374499797821045,3591.7099609375,521.6,3.85,10.5
2021-10-12,256.15,264.05,254.16,258.16,211651,0.0049046321525887,6.4485,3546.93994140625,-0.0124648203830924,0.521543366700131,0.6310181966148377,4350.64990234375,19.850000381469727,268.5733337402344,83.41999816894531,4.328999996185303,3546.93994140625,505.6,3.85,11.1
2021-10-13,258.16,274.75,255.48,272.35,321978,0.0549659126123334,6.4262,3561.760009765625,0.0041782687624249,0.4471005985241217,0.6244219219493249,4363.7998046875,18.639999389648438,270.3599853515625,83.18000030517578,4.520500183105469,3561.760009765625,522.86,3.85,13.5
2021-10-14,272.15,277.14,269.29,274.09,177799,0.0063888378924177,6.438,3558.280029296875,-0.0009770395701026,0.447361039608514,0.6243800692300923,4438.259765625,16.860000610351562,272.7733459472656,84.0,4.631499767303467,3558.280029296875,532.9,3.85,15.7
2021-10-15,276.15,288.65,272.15,284.48,287845,0.0379072567404867,6.434,3572.3701171875,0.0039598029875713,0.458283149695261,0.6084627178168036,4471.3701171875,16.299999237060547,281.010009765625,84.86000061035156,4.734000205993652,3572.3701171875,569.6,3.85,14.1
2021-10-18,285.4,289.78,281.19,287.07,216214,0.0091043307086613,6.429,3568.139892578125,-0.0011841507096429,0.4584882278411165,0.6030492802442684,4486.4599609375,16.309999465942383,290.03668212890625,84.33000183105469,4.730500221252441,3568.139892578125,595.62,3.85,8.3
2021-10-19,289.15,296.06,285.15,285.94,193858,-0.0039363221513916,6.3822,3593.14990234375,0.0070092570691095,0.4495875254393099,0.5899315496287136,4519.6298828125,15.699999809265137,288.0899963378906,85.08000183105469,4.714000225067139,3593.14990234375,591.2,3.85,7.0
2021-10-20,287.15,296.15,286.39,291.75,217045,0.0203189480310554,6.3936,3587.0,-0.0017115629770242,0.4468313345890678,0.5907939282542422,4536.18994140625,15.489999771118164,288.6000061035156,85.81999969482422,4.75600004196167,3587.0,590.1,3.85,6.2
2021-10-21,292.15,293.75,285.16,288.16,180626,-0.0123050556983718,6.3925,3594.780029296875,0.0021689515742611,0.4414961178627727,0.5914173362583907,4549.77978515625,15.010000228881836,298.0,84.61000061035156,4.58650016784668,3594.780029296875,596.6,3.85,9.6
2021-10-22,293.35,302.15,290.15,301.15,336549,0.0450791227096056,6.3839,3582.60009765625,-0.003388227246552,0.4463531907584386,0.5861732661783057,4544.89990234375,15.430000305175781,303.2266540527344,85.52999877929688,4.526000022888184,3582.60009765625,602.0,3.85,9.5
2021-10-25,304.26,319.8,303.38,318.5,335190,0.057612485472356,6.3856,3609.860107421875,0.0076090015694072,0.4456297305458964,0.5936642583034173,4566.47998046875,15.239999771118164,341.6199951171875,85.98999786376953,4.551499843597412,3609.860107421875,611.37,3.85,10.4
2021-10-26,331.65,334.48,318.91,320.16,313244,0.0052119309262166,6.382,3597.639892578125,-0.0033852322472621,0.4459821677522063,0.5893823505746579,4574.7900390625,15.979999542236328,339.4766540527344,86.4000015258789,4.486499786376953,3597.639892578125,598.59,3.85,13.1
2021-10-27,314.15,327.88,312.43,322.89,219068,0.0085269865067465,6.3915,3562.31005859375,-0.0098202808061084,0.4172190624681425,0.5825229561089929,4551.68017578125,16.979999542236328,345.9533386230469,84.58000183105469,4.38700008392334,3562.31005859375,615.64,3.85,11.4
2021-10-28,320.76,324.95,306.55,309.13,298267,-0.0426151320883272,6.3917,3518.419921875,-0.0123206952782981,0.4624879401580966,0.5835946950255211,4596.419921875,16.530000686645508,359.0133361816406,84.31999969482422,4.4375,3518.419921875,607.8,3.85,11.1
2021-10-29,306.28,314.91,294.92,312.46,347160,0.0107721670494613,6.405,3547.340087890625,0.0082196459370356,0.4623053614658177,0.5829669927226517,4605.3798828125,16.260000228881836,371.3333435058594,84.37999725341797,4.375500202178955,3547.340087890625,639.82,3.85,10.6
2021-11-01,302.56,309.56,294.97,303.15,284786,-0.0297958138641746,6.3972,3544.47998046875,-0.0008062681758759,0.4839842368633042,0.5616480296140318,4613.669921875,16.40999984741211,402.86334228515625,84.70999908447266,4.4019999504089355,3544.47998046875,650.6,3.85,8.6
2021-11-02,311.15,320.95,308.79,315.03,290087,0.0391885205343889,6.3995,3505.6298828125,-0.0109607327084161,0.4798417873339866,0.564007166224548,4630.64990234375,16.030000686645508,390.6666564941406,84.72000122070312,4.374000072479248,3505.6298828125,658.6,3.85,7.3
2021-11-03,314.28,315.0,301.01,304.16,197248,-0.0345046503507601,6.4061,3498.5400390625,-0.0020224165091586,0.4663488986242046,0.5324223347634138,4660.56982421875,15.100000381469727,404.6199951171875,81.98999786376953,4.326000213623047,3498.5400390625,640.6,3.85,8.4
2021-11-04,312.28,330.15,310.18,326.15,349964,0.0722974750131508,6.397,3526.8701171875,0.0080976858371446,0.488211725597643,0.5455494663495001,4680.06005859375,15.4399995803833,409.9700012207031,80.54000091552734,4.326000213623047,3526.8701171875,647.45,3.85,8.9
2021-11-05,325.15,328.15,314.16,315.15,194183,-0.0337268128161888,6.3961,3491.570068359375,-0.0100088882366541,0.5163996989919857,0.5121325898082412,4697.52978515625,16.479999542236328,407.36334228515625,82.73999786376953,4.348999977111816,3491.570068359375,634.69,3.85,10.2
2021-11-08,309.24,320.76,308.15,316.15,169849,0.0031730921783277,6.3902,3498.6298828125,0.0020219598389563,0.5172088413785226,0.5086294742997881,4701.7001953125,17.219999313354492,387.64666748046875,83.43000030517578,4.40500020980835,3498.6298828125,661.4,3.85,0.5
2021-11-09,316.2,331.12,316.2,321.84,203305,0.0179977858611417,6.3916,3507.0,0.0023923985868352,0.5172744725613397,0.5091327138266931,4685.25,17.780000686645508,341.1666564941406,84.77999877929688,4.380000114440918,3507.0,663.88,3.85,4.7
2021-11-10,315.15,316.75,302.73,311.41,274879,-0.0324074074074072,6.3882,3492.4599609375,-0.0041460048652695,0.5130442326747331,0.5090787826616934,4646.7099609375,18.729999542236328,355.98333740234375,82.63999938964844,4.328000068664551,3492.4599609375,648.6,3.85,7.3
2021-11-11,314.15,318.14,309.2,313.14,138852,0.0055553771555183,6.3882,3532.7900390625,0.0115477567605883,0.5130705498589262,0.5089551908781569,4649.27001953125,17.65999984741211,354.5033264160156,82.87000274658203,4.4045000076293945,3532.7900390625,656.45,3.85,5.8
2021-11-12,316.95,317.89,306.65,307.93,148884,-0.0166379255285175,6.3787,3539.10009765625,0.0017861402811882,0.5062206430144286,0.5099891411454812,4682.85009765625,16.290000915527344,344.47332763671875,82.16999816894531,4.45550012588501,3539.10009765625,641.6,3.85,5.4
2021-11-15,307.93,307.93,291.59,296.09,225372,-0.0384502971454552,6.3824,3533.300048828125,-0.0016388484835356,0.5280876652991541,0.5071414444846958,4682.7998046875,16.489999771118164,337.7966613769531,82.05000305175781,4.4070000648498535,3533.300048828125,620.6,3.85,4.4
2021-11-16,295.15,298.84,289.15,294.66,151808,-0.0048296126177849,6.3919,3521.7900390625,-0.0032575806205427,0.5282318683456099,0.5037284500879393,4700.89990234375,16.3700008392334,351.57666015625,82.43000030517578,4.358500003814697,3521.7900390625,615.57,3.85,4.2
2021-11-17,301.15,304.39,295.15,298.0,163378,0.011335098079142,6.3775,3537.3701171875,0.004423908850951,0.5250578848560479,0.4938689823549599,4688.669921875,17.110000610351562,363.0033264160156,80.27999877929688,4.2729997634887695,3537.3701171875,626.48,3.85,4.5
2021-11-18,295.95,300.03,291.15,296.55,129097,-0.0048657718120804,6.3851,3520.7099609375,-0.0047097577290685,0.5231102001573054,0.4924676740331989,4704.5400390625,17.59000015258789,365.4599914550781,81.23999786376953,4.309999942779541,3520.7099609375,626.6,3.85,4.8
2021-11-19,296.87,301.15,289.15,297.97,175159,0.0047883999325577,6.3863,3560.3701171875,0.0112648178038043,0.4979950468880059,0.4920315087449597,4697.9599609375,17.90999984741211,379.0199890136719,78.88999938964844,4.4085001945495605,3560.3701171875,639.6,3.85,5.1
2021-11-22,299.55,312.66,299.35,312.15,287020,0.0475886834245056,6.3842,3582.080078125,0.0060976696868384,0.4836609953173147,0.4962867052080492,4682.93994140625,19.170000076293945,385.6233215332031,79.69999694824219,4.395500183105469,3582.080078125,681.6,3.85,-0.9
2021-11-23,309.03,310.88,305.13,309.63,150363,-0.0080730418068235,6.391,3589.089111328125,0.0019566936110466,0.4838535058551693,0.492575347049741,4690.7001953125,19.3799991607666,369.6766662597656,82.30999755859375,4.423500061035156,3589.089111328125,672.6,3.85,-0.7
2021-11-24,306.58,310.75,302.15,304.35,141938,-0.017052611181087,6.3917,3592.702880859375,0.0010068765135544,0.4855258492545504,0.4930972546482149,4701.4599609375,18.579999923706055,372.0,82.25,4.458000183105469,3592.702880859375,659.4,3.85,1.5
2021-11-25,304.35,305.64,292.45,299.15,170971,-0.0170855922457697,6.3917,3584.179931640625,-0.0023722944817277,0.4656073750708376,0.49103763561178,4701.4599609375,18.579999923706055,372.0,82.25,4.458000183105469,3584.179931640625,654.6,3.85,3.4
2021-11-26,296.15,305.92,295.2,298.81,122494,-0.0011365535684438,6.3924,3564.090087890625,-0.0056051437520336,0.4634475285741517,0.490814578147586,4594.6201171875,28.6200008392334,360.6400146484375,72.72000122070312,4.281499862670898,3564.090087890625,658.6,3.85,3.5
2021-11-29,292.95,308.22,291.08,305.61,200157,0.0227569358455206,6.3875,3562.699951171875,-0.0003900397252788,0.4589116270806599,0.4831005535787837,4655.27001953125,22.959999084472656,378.9966735839844,73.44000244140625,4.336999893188477,3562.699951171875,680.4,3.85,2.5
2021-11-30,308.15,309.15,304.15,305.85,131788,0.0007853146166683,6.364,3563.889892578125,0.0003339998940574,0.4359721271571695,0.4816063966424025,4567.0,27.190000534057617,381.586669921875,70.56999969482422,4.2779998779296875,3563.889892578125,680.6,3.85,1.1
2021-12-01,306.35,308.65,301.53,306.47,108279,0.0020271374856957,6.3641,3576.889892578125,0.0036476996741883,0.4177801332434357,0.4792700567753549,4513.0400390625,31.1200008392334,365.0,68.87000274658203,4.247499942779541,3576.889892578125,672.6,3.85,0.6
2021-12-02,306.15,315.21,304.25,309.95,180072,0.011355108167194,6.3763,3573.840087890625,-0.0008526414787964,0.3249564607627042,0.477953240929945,4577.10009765625,27.950000762939453,361.5333251953125,69.66999816894531,4.298999786376953,3573.840087890625,688.6,3.85,3.2
2021-12-03,308.14,310.95,300.01,308.05,210327,-0.0061300209711242,6.3758,3607.429931640625,0.0093988099422281,0.3036774018223682,0.4707276104671656,4538.43017578125,30.670000076293945,338.3233337402344,69.87999725341797,4.266499996185303,3607.429931640625,687.6,3.85,3.8
2021-12-06,302.15,312.66,302.01,302.9,178801,-0.0167180652491479,6.3756,3589.31005859375,-0.0050229313916665,0.3082558709353794,0.4724217082800467,4591.669921875,27.18000030517578,336.336669921875,73.08000183105469,4.336999893188477,3589.31005859375,657.88,3.85,4.5
2021-12-07,307.16,307.5,292.23,295.95,227679,-0.0229448662925056,6.3657,3595.090087890625,0.0016103454988616,0.3073563467738824,0.4636679333702251,4686.75,21.889999389648438,350.5833435058594,75.44000244140625,4.3379998207092285,3595.090087890625,629.6,3.85,1.1
2021-12-08,297.16,302.15,295.65,301.94,154382,0.0202399053894239,6.3435,3637.570068359375,0.0118161101475136,0.2995488916416284,0.4265763047288941,4701.2099609375,19.899999618530273,356.32000732421875,75.81999969482422,4.390999794006348,3637.570068359375,639.6,3.85,0.9
2021-12-09,301.15,301.78,298.18,300.65,112957,-0.004272371994436,6.3772,3673.0400390625,0.0097510068635249,0.2985630529982909,0.4264642567532118,4667.4501953125,21.579999923706055,334.6000061035156,74.41999816894531,4.329999923706055,3673.0400390625,634.4,3.85,1.9
2021-12-10,297.14,303.18,293.95,302.57,144873,0.0063861633128223,6.3685,3666.35009765625,-0.0018213635939448,0.2946139876596454,0.4234449374357624,4712.02001953125,18.690000534057617,339.010009765625,75.1500015258789,4.2829999923706055,3666.35009765625,640.55,3.85,2.2
2021-12-13,304.14,304.15,299.15,299.55,142941,-0.0099811613841424,6.3659,3681.080078125,0.0040176142693426,0.2617488452761993,0.4240065110625259,4668.97021484375,20.309999465942383,322.13665771484375,74.38999938964844,4.28000020980835,3681.080078125,658.96,3.85,-3.1
2021-12-14,296.65,298.22,292.84,294.55,157111,-0.0166917042230011,6.3671,3661.530029296875,-0.0053109545060706,0.2683804234857997,0.4227794488856412,4634.08984375,21.889999389648438,319.5033264160156,73.69999694824219,4.254000186920166,3661.530029296875,651.61,3.85,-2.1
2021-12-15,294.56,296.65,292.86,294.5,98150,-0.0001697504668137,6.3673,3647.6298828125,-0.0037962672361434,0.2650883083729913,0.4211551766361127,4709.85009765625,19.290000915527344,325.3299865722656,73.87999725341797,4.179500102996826,3647.6298828125,649.6,3.85,-1.0
2021-12-16,294.15,294.64,280.15,287.35,278665,-0.0242784380305601,6.3674,3675.02001953125,0.0075090230091083,0.2780090580668025,0.4205815566909593,4668.669921875,20.56999969482422,308.97332763671875,75.0199966430664,4.30049991607666,3675.02001953125,655.66,3.85,-0.6
2021-12-17,285.15,287.03,279.76,280.13,151118,-0.0251261527753611,6.3748,3632.360107421875,-0.0116080761145939,0.2891882234501911,0.4191828095320461,4620.64013671875,21.56999969482422,310.8566589355469,73.5199966430664,4.290999889373779,3632.360107421875,651.79,3.85,-5.1
2021-12-20,280.38,282.62,269.43,271.65,217845,-0.0302716595866205,6.3756,3593.60009765625,-0.0106707508670266,0.2359734097556075,0.4160819484976985,4568.02001953125,22.8700008392334,299.9800109863281,71.5199966430664,4.288000106811523,3593.60009765625,610.81,3.8,1.2
2021-12-21,271.65,277.93,270.56,277.36,149653,0.0210196944597829,6.3716,3625.1298828125,0.0087738714101253,0.2556955456724288,0.4169009619623686,4649.22998046875,21.010000228881836,312.84332275390625,73.9800033569336,4.3379998207092285,3625.1298828125,604.67,3.8,0.9
2021-12-22,281.16,286.33,278.16,280.37,144442,0.0108523218921257,6.3695,3622.6201171875,-0.0006923243321292,0.2579532558380871,0.4117228164169226,4696.56005859375,18.6299991607666,336.2900085449219,75.29000091552734,4.389500141143799,3622.6201171875,610.84,3.8,0.1
2021-12-23,283.18,286.05,278.31,281.14,123021,0.0027463708670685,6.3696,3643.340087890625,0.005719609021332,0.2541562800776859,0.411333833620919,4725.7900390625,17.959999084472656,355.6666564941406,76.8499984741211,4.38700008392334,3643.340087890625,622.67,3.8,-2.3
2021-12-24,283.13,283.15,266.11,271.15,209969,-0.0355338977022124,6.3696,3618.053955078125,-0.0069403712534394,0.2789688568363392,0.4183741575824364,4725.7900390625,17.959999084472656,355.6666564941406,76.8499984741211,4.38700008392334,3618.053955078125,577.4,3.8,-6.5
2021-12-27,270.15,272.69,267.15,268.18,107190,-0.0109533468559837,6.3705,3615.969970703125,-0.0005759959361786,0.2599847481795931,0.4191388010397776,4791.18994140625,17.68000030517578,364.64666748046875,78.5999984741211,4.465000152587891,3615.969970703125,579.2,3.8,-2.9
2021-12-28,269.3,272.15,267.36,272.0,118543,0.0142441643672159,6.3684,3630.112060546875,0.003911008652818,0.2691349428380902,0.4170639658595858,4786.35009765625,17.540000915527344,362.8233337402344,78.94000244140625,4.420000076293945,3630.112060546875,585.6,3.8,-2.4
2021-12-29,273.3,273.37,264.15,270.15,141603,-0.0068014705882353,6.368,3597.0,-0.009121498178182,0.2675887620002204,0.4065219350473659,4793.06005859375,16.950000762939453,362.0633239746094,79.2300033569336,4.4019999504089355,3597.0,576.15,3.8,-0.5
2021-12-30,269.15,274.13,267.15,268.28,117327,-0.0069220803257449,6.3726,3619.18994140625,0.006169013457395,0.2594709987282467,0.3907337719723215,4778.72998046875,17.329999923706055,356.7799987792969,79.31999969482422,4.384500026702881,3619.18994140625,590.6,3.8,0.1
2021-12-31,274.15,275.34,268.15,269.27,116292,0.00369017444461,6.3726,3639.780029296875,0.0056891426600904,0.262266915097199,0.3898979149298159,4766.18017578125,17.219999313354492,352.260009765625,77.77999877929688,4.454999923706055,3639.780029296875,588.6,3.8,-2.8
2022-01-04,277.15,280.6,266.37,272.15,244661,0.0106955843577078,6.3721,3632.330078125,-0.002046813574422,0.26622653730088,0.3898849244929258,4793.5400390625,16.90999984741211,383.1966552734375,80.0,4.466000080108643,3632.330078125,569.48,3.8,-2.8
2022-01-05,265.7,267.63,252.87,254.41,301709,-0.0651846408230754,6.364,3595.179931640625,-0.0102276350676675,0.3365054535586498,0.4128651403879562,4700.580078125,19.729999542236328,362.7066650390625,80.80000305175781,4.4045000076293945,3595.179931640625,548.1,3.8,-2.8
2022-01-06,251.15,255.68,249.04,251.17,175908,-0.012735348453284,6.3822,3586.080078125,-0.0025311260322573,0.3206767921391695,0.3974543550159133,4696.0498046875,19.610000610351562,354.8999938964844,81.98999786376953,4.3480000495910645,3586.080078125,542.07,3.8,-2.6
2022-01-07,252.95,254.11,246.15,247.65,161934,-0.0140144125492693,6.3769,3579.5400390625,-0.0018237292308094,0.3206507875223368,0.398024292253125,4677.02978515625,18.760000228881836,342.32000732421875,81.75,4.4029998779296875,3579.5400390625,540.5,3.8,-2.5
2022-01-10,246.15,250.62,240.18,247.45,162142,-0.0008075913587725,6.3756,3593.52001953125,0.0039055242618297,0.3169333992557476,0.3895189163234869,4670.2900390625,19.399999618530273,352.7066650390625,80.87000274658203,4.3445000648498535,3593.52001953125,539.0,3.8,-2.3
2022-01-11,247.43,247.43,238.95,240.24,212441,-0.0291371994342291,6.3735,3567.43994140625,-0.0072575296598463,0.3242788584550928,0.3927223836952762,4713.06982421875,18.40999984741211,354.79998779296875,83.72000122070312,4.420499801635742,3567.43994140625,537.3,3.8,-5.4
2022-01-12,247.15,257.15,245.46,257.15,323602,0.0703879453879452,6.358,3597.429931640625,0.0084065858786548,0.4324580239550977,0.4202670552310878,4726.35009765625,17.6200008392334,368.739990234375,84.66999816894531,4.564000129699707,3597.429931640625,565.64,3.8,-4.0
2022-01-13,258.89,259.71,249.76,256.46,217104,-0.0026832587983667,6.3595,3555.260009765625,-0.0117222357839693,0.4320684554633981,0.4178205247963756,4659.02978515625,20.309999465942383,343.85333251953125,84.47000122070312,4.533999919891357,3555.260009765625,565.6,3.8,-2.8
2022-01-14,251.95,258.45,251.15,254.29,149548,-0.0084613584964516,6.3524,3521.260009765625,-0.009563294922624,0.427075169110499,0.4174822218862806,4662.85009765625,19.190000534057617,349.8699951171875,86.05999755859375,4.411499977111816,3521.260009765625,578.0,3.8,-3.6
2022-01-17,254.17,268.64,254.17,267.64,241145,0.0524991151834519,6.3524,3541.669921875,0.0057961956949419,0.4673528913821395,0.4212962657327687,4662.85009765625,19.190000534057617,349.8699951171875,86.05999755859375,4.411499977111816,3541.669921875,607.45,3.8,-2.8
2022-01-18,267.56,270.11,263.45,267.23,125054,-0.0015319085338513,6.3525,3569.909912109375,0.0079736369727601,0.4551621667672037,0.402809635311714,4577.10986328125,22.790000915527344,343.5033264160156,87.51000213623047,4.375999927520752,3569.909912109375,587.4,3.8,-3.0
2022-01-19,267.1,269.03,251.46,254.12,231882,-0.0490588631515923,6.3447,3558.179931640625,-0.0032857917307551,0.478722219228489,0.4135228519283977,4532.759765625,23.850000381469727,331.8833312988281,88.44000244140625,4.462500095367432,3558.179931640625,570.59,3.8,-3.6
2022-01-20,253.25,254.86,248.15,252.22,149986,-0.0074767826223831,6.3406,3555.06005859375,-0.0008768171106615,0.475623931818894,0.4128330075633234,4482.72998046875,25.59000015258789,332.0899963378906,88.37999725341797,4.576499938964844,3555.06005859375,569.73,3.7,-4.0
2022-01-21,252.23,256.89,247.48,251.55,112394,-0.002656411069701,6.3385,3522.570068359375,-0.0091390833625542,0.474865202333299,0.4048215686249367,4397.93994140625,28.850000381469727,314.6333312988281,87.88999938964844,4.512499809265137,3522.570068359375,570.09,3.7,-3.4
2022-01-24,247.23,254.03,245.42,252.55,108377,0.0039753528125621,6.3304,3524.110107421875,0.0004371918890508,0.4618361979843644,0.404064839905796,4410.1298828125,29.899999618530273,310.0,86.2699966430664,4.4029998779296875,3524.110107421875,581.59,3.7,-2.4
2022-01-25,249.15,252.15,241.15,241.46,172772,-0.0439120966145317,6.3257,3433.06005859375,-0.0258363235122452,0.4835338811211724,0.409034671882111,4356.4501953125,31.15999984741211,306.1333312988281,88.19999694824219,4.442999839782715,3433.06005859375,566.2,3.7,-0.7
2022-01-26,246.15,252.53,243.46,250.64,174446,0.0380187194566385,6.3206,3455.669921875,0.0065859212758752,0.502925142803345,0.4085204061518426,4349.93017578125,31.959999084472656,312.4700012207031,89.95999908447266,4.504499912261963,3455.669921875,588.1,3.7,-2.5
2022-01-27,248.15,250.45,242.15,242.42,132650,-0.0327960421321417,6.3677,3394.25,-0.0177736656751273,0.5134698316135156,0.4079808369408815,4326.509765625,30.489999771118164,276.3666687011719,89.33999633789062,4.413000106811523,3394.25,575.59,3.7,-3.4
2022-01-28,241.13,243.15,220.91,227.95,324373,-0.059689794571405,6.3605,3361.43994140625,-0.0096663647620977,0.5491426990638705,0.392694609157957,4431.85009765625,27.65999984741211,282.1166687011719,90.02999877929688,4.302999973297119,3361.43994140625,593.2,3.7,-3.6
2022-02-07,241.94,250.43,239.16,245.55,251125,0.0772099144549245,6.361,3429.580078125,0.0202711153275116,0.6257567267036436,0.4234292287348136,4483.8701171875,22.860000610351562,302.4466552734375,92.69000244140625,4.46150016784668,3429.580078125,580.04,3.7,-1.5
2022-02-08,244.15,244.15,231.79,238.12,199040,-0.0302586031358176,6.366,3452.6298828125,0.0067208824877771,0.6299868844484406,0.4266080442441611,4521.5400390625,21.440000534057617,307.3333435058594,90.77999877929688,4.459499835968018,3452.6298828125,541.46,3.7,-0.8
2022-02-09,240.2,247.55,236.18,246.33,199929,0.0344784142449186,6.3619,3479.949951171875,0.0079128285645029,0.6044392300838626,0.4316048667977882,4587.18017578125,19.959999084472656,310.6666564941406,91.55000305175781,4.600500106811523,3479.949951171875,547.8,3.7,-0.7
2022-02-10,247.92,249.15,239.25,241.27,146285,-0.0205415499533146,6.3526,3485.909912109375,0.0017126570844769,0.6070902710607183,0.4289560426643566,4504.080078125,23.90999984741211,301.51666259765625,91.41000366210938,4.65749979019165,3485.909912109375,518.7,3.7,0.4
2022-02-11,237.2,241.27,229.65,231.34,199439,-0.0411572097649935,6.354,3462.949951171875,-0.0065865043894971,0.6220766346985914,0.435201105725632,4418.64013671875,27.360000610351562,286.6666564941406,94.44000244140625,4.505000114440918,3462.949951171875,490.59,3.7,1.4
2022-02-14,231.35,236.15,226.15,233.13,133199,0.0077375291778334,6.3567,3428.8798828125,-0.0098384524292202,0.6231563133434692,0.4352040933799396,4401.669921875,28.329999923706055,291.9200134277344,96.4800033569336,4.507500171661377,3428.8798828125,508.6,3.7,-5.6
2022-02-15,233.33,241.11,233.33,239.46,158524,0.0271522326598894,6.3385,3446.090087890625,0.0050191915920976,0.6229801565941496,0.4339557297178116,4471.06982421875,25.700000762939453,307.4766540527344,93.27999877929688,4.531499862670898,3446.090087890625,527.6,3.7,-7.6
2022-02-16,243.15,246.14,241.54,241.75,128725,0.0095631838302847,6.3366,3465.830078125,0.0057282281457877,0.5675018604677103,0.4347218648666799,4475.009765625,24.290000915527344,307.7966613769531,94.80999755859375,4.540500164031982,3465.830078125,531.4,3.7,-7.1
2022-02-17,243.39,249.89,240.15,246.56,191064,0.0198965873836607,6.3381,3468.0400390625,0.0006376426101926,0.5730274023939306,0.4362728157345593,4380.259765625,28.110000610351562,292.1166687011719,92.97000122070312,4.525000095367432,3468.0400390625,535.6,3.7,-5.2
2022-02-18,242.15,246.54,241.15,244.11,99105,-0.0099367293964957,6.3251,3490.760009765625,0.0065512423291591,0.5732940982194438,0.436499903971753,4348.8701171875,27.75,285.6600036621094,93.54000091552734,4.519499778747559,3490.760009765625,528.1,3.7,-2.4
2022-02-21,242.15,246.95,240.79,243.04,109538,-0.0043832698373684,6.3251,3490.610107421875,-4.294260944048833e-05,0.5367223365151472,0.4362173723539255,4348.8701171875,27.75,285.6600036621094,93.54000091552734,4.519499778747559,3490.610107421875,510.6,3.7,-2.3
2022-02-22,240.15,240.15,235.45,238.6,125452,-0.0182685977616853,6.326,3457.14990234375,-0.0095857755659907,0.5388742455938514,0.4242993022961467,4304.759765625,28.809999465942383,273.84332275390625,96.83999633789062,4.510000228881836,3457.14990234375,504.6,3.7,-2.8
2022-02-23,243.05,253.67,240.16,253.15,291149,0.0609807208717518,6.3134,3489.14990234375,0.0092561794842351,0.5609428554032531,0.4446623648370392,4225.5,31.020000457763672,254.67999267578125,96.83999633789062,4.481500148773193,3489.14990234375,519.6,3.7,-1.8
2022-02-24,249.26,252.93,242.73,246.01,238220,-0.0282046217657515,6.3283,3429.9599609375,-0.0169640007058712,0.5695608291572605,0.4467535720265294,4288.7001953125,30.31999969482422,266.92333984375,99.08000183105469,4.453999996185303,3429.9599609375,508.3,3.7,0.2
2022-02-25,251.05,253.53,248.98,248.99,146014,0.0121133287264745,6.3169,3451.409912109375,0.006253703079966,0.5712775272967704,0.4468719533116366,4384.64990234375,27.59000015258789,269.9566650390625,97.93000030517578,4.4720001220703125,3451.409912109375,529.4,3.7,2.4
2022-02-28,248.05,251.34,247.15,250.75,118291,0.0070685569701594,6.3084,3462.31005859375,0.0031581720983449,0.5716612975331633,0.4473081361859911,4373.93994140625,30.149999618530273,290.1433410644531,100.98999786376953,4.444499969482422,3462.31005859375,533.96,3.7,4.9
2022-03-01,256.15,257.76,250.4,252.93,176520,0.0086939182452643,6.3116,3488.830078125,0.0076596315992627,0.54775463038414,0.4448341444553108,4306.259765625,33.31999969482422,288.1233215332031,104.97000122070312,4.58650016784668,3488.830078125,536.78,3.7,4.2
2022-03-02,250.15,250.51,245.11,249.75,121242,-0.0125726485588898,6.321,3484.18994140625,-0.0013299979118627,0.5339789864459099,0.4452210370474312,4386.5400390625,30.739999771118164,293.2966613769531,112.93000030517578,4.6554999351501465,3484.18994140625,514.44,3.7,5.3
2022-03-03,250.67,252.01,245.15,246.36,99633,-0.0135735735735734,6.3195,3481.110107421875,-0.0008839454898179,0.5223848344502187,0.4456183695997538,4363.490234375,30.479999542236328,279.7633361816406,110.45999908447266,4.771500110626221,3481.110107421875,513.59,3.7,3.5
2022-03-04,238.46,243.01,231.15,234.95,291706,-0.0463143367429778,6.3188,3447.64990234375,-0.0096119352866163,0.5034832206311998,0.4531559860682526,4328.8701171875,31.979999542236328,279.42999267578125,118.11000061035156,4.928999900817871,3447.64990234375,492.39,3.7,3.4
2022-03-07,228.04,228.84,221.17,224.76,236129,-0.0433709299851031,6.3194,3372.860107421875,-0.0216929784172784,0.4428109959636922,0.4602027748739034,4201.08984375,36.45000076293945,268.1933288574219,123.20999908447266,4.7220001220703125,3372.860107421875,455.49,3.7,6.4
2022-03-08,222.23,226.64,211.15,217.34,291499,-0.0330129916355222,6.3178,3293.530029296875,-0.0235201210837165,0.445075772982439,0.4632026738406288,4170.7001953125,35.130001068115234,274.79998779296875,127.9800033569336,4.700500011444092,3293.530029296875,456.05,3.7,7.2
2022-03-09,218.15,224.75,211.15,224.74,251135,0.0340480353363394,6.3174,3256.389892578125,-0.011276695942766,0.4445822862307071,0.4685206180199577,4277.8798828125,32.45000076293945,286.3233337402344,111.13999938964844,4.564000129699707,3256.389892578125,474.07,3.7,8.8
2022-03-10,234.06,234.58,230.15,230.25,248343,0.0245172198985494,6.3212,3296.090087890625,0.0121914747994347,0.4513401093875059,0.4695525594572013,4259.52001953125,30.229999542236328,279.4333190917969,109.33000183105469,4.643499851226807,3296.090087890625,491.41,3.7,10.4
2022-03-11,223.15,232.94,221.17,231.0,186116,0.003257328990228,6.3389,3309.75,0.0041442775364544,0.4270509992181119,0.4697928506497065,4204.31005859375,30.75,265.1166687011719,112.66999816894531,4.616000175476074,3309.75,494.15,3.7,9.8
2022-03-14,226.15,226.15,220.15,220.15,150841,-0.0469696969696969,6.3645,3223.530029296875,-0.0260502970626558,0.4574335542918044,0.4774402597051385,4173.10986328125,31.770000457763672,255.4566650390625,106.9000015258789,4.512499809265137,3223.530029296875,463.6,3.7,10.1
2022-03-15,212.28,223.15,210.58,213.95,198204,-0.0281626163979106,6.3696,3063.969970703125,-0.0494985488404318,0.4520393250307461,0.4797244651245954,4262.4501953125,29.829999923706055,267.2966613769531,99.91000366210938,4.501500129699707,3063.969970703125,463.8,3.7,9.0
2022-03-16,222.15,231.15,215.35,230.58,333766,0.0777284412245853,6.351,3170.7099609375,0.0348371528621347,0.5381792757958389,0.5081997755111731,4357.85986328125,26.670000076293945,280.07666015625,98.0199966430664,4.5879998207092285,3170.7099609375,503.7,3.7,9.0
2022-03-17,241.53,242.03,235.81,236.05,315844,0.0237227860178679,6.3459,3215.0400390625,0.0139811205285684,0.5403941641483622,0.5112329316548965,4411.669921875,25.670000076293945,290.5333251953125,106.63999938964844,4.690499782562256,3215.0400390625,525.1,3.7,1.8
2022-03-18,236.05,240.02,233.2,235.65,150549,-0.0016945562380851,6.3609,3251.070068359375,0.0112067124698644,0.5395054308526263,0.5093425654922277,4463.1201171875,23.8700008392334,301.7966613769531,107.93000030517578,4.730500221252441,3251.070068359375,511.1,3.7,-0.1
2022-03-21,241.15,250.02,239.32,246.53,279178,0.0461701676214725,6.3552,3253.68994140625,0.0008058494562674,0.5648231576238495,0.516894956909939,4461.18017578125,23.530000686645508,307.0533447265625,115.62000274658203,4.701499938964844,3253.68994140625,520.6,3.7,6.0
2022-03-22,246.15,248.55,243.17,245.95,115079,-0.0023526548493084,6.366,3259.860107421875,0.0018963595569152,0.5603142088330569,0.513437877412176,4511.60986328125,22.940000534057617,331.32666015625,115.4800033569336,4.689000129699707,3259.860107421875,513.6,3.7,3.6
2022-03-23,251.15,252.15,247.42,248.32,148501,0.0096361048993698,6.372,3271.030029296875,0.0034265034409204,0.5167004297292194,0.5118666005012337,4456.240234375,23.56999969482422,333.03668212890625,121.5999984741211,4.762499809265137,3271.030029296875,515.89,3.7,3.9
2022-03-24,244.85,251.15,243.55,248.23,113681,-0.0003624355670103,6.367,3250.260009765625,-0.0063496878185843,0.5062198858529829,0.5112418073646313,4520.16015625,21.670000076293945,337.97332763671875,119.02999877929688,4.729000091552734,3250.260009765625,514.6,3.7,6.5
2022-03-25,248.25,250.11,235.16,236.46,208024,-0.0474157031785037,6.3658,3212.239990234375,-0.0116975317103912,0.5322099350236721,0.5197189370895711,4543.06005859375,20.809999465942383,336.8800048828125,120.6500015258789,4.685999870300293,3212.239990234375,502.67,3.7,9.7
2022-03-28,236.05,236.05,230.03,231.55,143104,-0.020764611350757,6.3714,3214.5,0.0007035619295245,0.5350491626806368,0.5165638198252364,4575.52001953125,19.6299991607666,363.9466552734375,112.4800033569336,4.714000225067139,3214.5,487.6,3.7,10.6
2022-03-29,234.07,237.65,229.95,232.15,138587,0.0025912329950334,6.3635,3203.93994140625,-0.0032851325536631,0.5336503199831107,0.5163192792654197,4631.60009765625,18.899999618530273,366.5233459472656,110.2300033569336,4.7164998054504395,3203.93994140625,487.5,3.7,10.0
2022-03-30,228.15,238.17,223.37,238.17,251260,0.0259315097996983,6.347,3266.60009765625,0.0195572193598914,0.542629237801821,0.5184299447003179,4602.4501953125,19.329999923706055,364.663330078125,113.44999694824219,4.739500045776367,3266.60009765625,519.6,3.7,8.0
2022-03-31,235.36,236.15,228.04,230.95,161731,-0.0303144812528866,6.3393,3252.199951171875,-0.0044082979409407,0.55063363277258,0.5216495235758365,4530.41015625,20.559999465942383,359.20001220703125,107.91000366210938,4.743000030517578,3252.199951171875,512.9,3.7,7.5
2022-04-01,227.94,240.71,227.75,237.11,182948,0.0266724399220612,6.3625,3282.719970703125,0.0093844228489865,0.5345970869374669,0.5248517826720962,4545.85986328125,19.6299991607666,361.5299987792969,104.38999938964844,4.682499885559082,3282.719970703125,519.5,3.7,7.3
2022-04-06,246.15,247.15,240.76,243.05,205293,0.0250516637847413,6.359,3283.429931640625,0.0002162721596226,0.5140650154115687,0.5275766098887373,4481.14990234375,22.100000381469727,348.586669921875,101.06999969482422,4.733500003814697,3283.429931640625,508.77,3.7,9.2
2022-04-07,241.15,246.45,240.16,241.15,122700,-0.007817321538778,6.36,3236.699951171875,-0.0142320626423114,0.497239803806343,0.5271628250181467,4500.2099609375,21.549999237060547,352.4200134277344,100.58000183105469,4.695000171661377,3236.699951171875,495.82,3.7,12.4
2022-04-08,241.16,247.65,240.25,245.13,171719,0.0165042504665144,6.3643,3251.85009765625,0.0046807386266649,0.4877713178718099,0.511341179649037,4488.27978515625,21.15999984741211,341.8299865722656,102.77999877929688,4.71999979019165,3251.85009765625,495.6,3.7,15.3
2022-04-11,241.15,242.63,230.65,234.15,193070,-0.0447925590502997,6.3692,3167.1298828125,-0.026052927502658,0.5120469018463868,0.518885776662443,4412.52978515625,24.3700008392334,325.30999755859375,98.4800033569336,4.628499984741211,3167.1298828125,459.6,3.7,20.1
2022-04-12,233.15,239.71,232.35,239.31,128889,0.0220371556694427,6.3651,3213.330078125,0.0145874015345,0.5172962966341151,0.5201776195307524,4397.4501953125,24.260000228881836,328.98333740234375,104.63999938964844,4.703999996185303,3213.330078125,472.6,3.7,16.4
2022-04-13,236.17,243.1,234.16,238.15,109673,-0.0048472692323764,6.3678,3186.820068359375,-0.0082500113966175,0.4846994532768112,0.5202687273970904,4446.58984375,21.81999969482422,340.7900085449219,108.77999877929688,4.706999778747559,3186.820068359375,466.6,3.7,13.5
2022-04-14,243.15,246.14,242.02,242.44,131638,0.0180138568129328,6.3775,3225.639892578125,0.0121813668126971,0.4711090575559078,0.5180030128017166,4392.58984375,22.700000762939453,328.3333435058594,111.69999694824219,4.7170000076293945,3225.639892578125,460.4,3.7,13.0
2022-04-15,239.65,241.15,233.9,237.35,129239,-0.0209948853324534,6.3705,3211.2451171875,-0.0044626107904189,0.3983724965278781,0.4989772007272677,4392.58984375,22.700000762939453,328.3333435058594,111.69999694824219,4.7170000076293945,3211.2451171875,451.46,3.7,13.7
2022-04-18,235.94,242.15,231.15,240.25,110592,0.0122182431009059,6.363,3195.52001953125,-0.0048968848787296,0.3919979879127025,0.4996775806945784,4391.68994140625,22.170000076293945,334.7633361816406,113.16000366210938,4.796000003814697,3195.52001953125,451.6,3.7,17.1
2022-04-19,244.31,252.05,244.28,246.01,207782,0.0239750260145681,6.393,3194.030029296875,-0.0004662747300182,0.4000149849101362,0.5019154883833659,4462.2099609375,21.3700008392334,342.7166748046875,107.25,4.714000225067139,3194.030029296875,440.86,3.7,18.3
2022-04-20,248.81,249.48,242.01,242.93,130781,-0.0125198162676313,6.4188,3151.050048828125,-0.0134563482730346,0.3679115615024075,0.4903886246676712,4459.4501953125,20.31999969482422,325.73333740234375,106.80000305175781,4.649499893188477,3151.050048828125,407.6,3.7,20.8
2022-04-21,238.92,241.92,233.25,235.19,154049,-0.0318610299263162,6.45,3079.81005859375,-0.0226083334540716,0.3844451308785975,0.4944131590510707,4393.66015625,22.68000030517578,336.260009765625,108.33000183105469,4.703499794006348,3079.81005859375,409.71,3.7,21.0
2022-04-22,231.16,236.81,230.21,236.55,108162,0.0057825587822613,6.501,3086.919921875,0.0023085395352258,0.3831455736979022,0.4846308021914935,4271.77978515625,28.209999084472656,335.01666259765625,106.6500015258789,4.582499980926514,3086.919921875,415.94,3.7,16.8
2022-04-25,231.15,237.59,227.77,228.65,161889,-0.0333967448742338,6.5585,2928.510009765625,-0.0513164954448045,0.3987328939553466,0.4890613068620525,4296.1201171875,27.020000457763672,332.67333984375,102.31999969482422,4.448999881744385,2928.510009765625,390.7,3.7,21.5
2022-04-26,230.14,237.0,229.58,232.96,158176,0.0188497703914278,6.5552,2886.429931640625,-0.0143691085175317,0.3710046888744319,0.4907650763549652,4175.2001953125,33.52000045776367,292.1400146484375,104.98999786376953,4.440000057220459,2886.429931640625,377.6,3.7,18.6
2022-04-27,227.76,236.96,219.96,236.16,254342,0.0137362637362636,6.5595,2958.280029296875,0.0248923754803951,0.3661720959948377,0.491578695261173,4183.9599609375,31.600000381469727,293.836669921875,105.31999969482422,4.454500198364258,2958.280029296875,407.65,3.7,11.7
2022-04-28,235.75,236.65,231.15,233.13,146372,-0.0128302845528455,6.6243,2975.47998046875,0.0058141727630711,0.3694945540799366,0.4839628999831383,4287.5,29.989999771118164,292.5033264160156,107.58999633789062,4.41349983215332,2975.47998046875,388.1,3.7,11.4
2022-04-29,234.95,244.98,231.9,244.15,248163,0.0472697636511818,6.608,3047.06005859375,0.0240566492111713,0.3958221514439623,0.4874364520435432,4131.93017578125,33.400001525878906,290.2533264160156,109.33999633789062,4.394999980926514,3047.06005859375,409.95,3.7,13.4
2022-05-05,247.35,253.54,242.92,249.95,253259,0.0237558877739094,6.6535,3067.760009765625,0.0067934175151862,0.384484918661131,0.4849448624715113,4146.8701171875,31.200000762939453,291.09332275390625,110.9000015258789,4.284999847412109,3067.760009765625,376.6,3.7,24.4
2022-05-06,242.17,247.15,241.25,243.23,145489,-0.026885377075415,6.6651,3001.56005859375,-0.0215792470601156,0.3900024493764193,0.4719043692461499,4123.33984375,30.190000534057617,288.54998779296875,112.38999938964844,4.261499881744385,3001.56005859375,376.59,3.7,15.5
2022-05-09,232.15,238.04,232.15,233.88,175116,-0.0384409817867861,6.7295,3004.139892578125,0.0008594977058642,0.4041476978510949,0.4517586834919019,3991.239990234375,34.75,262.3699951171875,105.94000244140625,4.192999839782715,3004.139892578125,369.1,3.7,13.4
2022-05-10,225.25,234.81,223.43,234.48,209697,0.0025654181631604,6.7343,3035.840087890625,0.0105521701538655,0.4037135892719338,0.4474850726438175,4001.050048828125,32.9900016784668,266.67999267578125,102.45999908447266,4.1545000076293945,3035.840087890625,379.77,3.7,13.2
2022-05-11,233.15,257.81,232.65,253.85,459526,0.0826083248038211,6.7186,3058.699951171875,0.0075299958559851,0.4988990847234315,0.4733848075911861,3935.179931640625,32.560001373291016,244.6666717529297,107.51000213623047,4.212500095367432,3058.699951171875,410.35,3.7,15.6
2022-05-12,251.14,258.85,249.86,255.24,241156,0.0054756746109907,6.786,3054.989990234375,-0.0012129208476557,0.4669706824169851,0.4713417421871996,3930.080078125,31.770000457763672,242.6666717529297,107.44999694824219,4.105000019073486,3054.989990234375,404.11,3.7,15.6
2022-05-13,260.95,272.65,257.06,271.23,367121,0.062646920545369,6.788,3084.280029296875,0.0095876055751831,0.5074341858773356,0.4792810790991483,4023.889892578125,28.8700008392334,256.5299987792969,111.55000305175781,4.180500030517578,3084.280029296875,415.4,3.7,16.5
2022-05-16,272.26,274.15,266.45,268.27,202369,-0.0109132470596912,6.7852,3073.75,-0.0034140963845217,0.5097255670037287,0.4800335755715913,4008.010009765625,27.469999313354492,241.4566650390625,114.23999786376953,4.196499824523926,3073.75,407.61,3.7,20.3
2022-05-17,270.13,286.15,269.65,283.65,293489,0.0573303015618593,6.7361,3093.699951171875,0.0064904273840993,0.5397724649853194,0.4904469752774036,4088.85009765625,26.100000381469727,253.8699951171875,111.93000030517578,4.239500045776367,3093.699951171875,423.16,3.7,21.7
2022-05-18,283.65,289.15,280.15,282.57,205303,-0.0038075092543626,6.754,3085.97998046875,-0.0024953844344861,0.5307224346279407,0.490482067928093,3923.679931640625,30.959999084472656,236.60333251953125,109.11000061035156,4.182000160217285,3085.97998046875,419.6,3.7,23.2
2022-05-19,276.46,286.5,275.45,285.66,173637,0.0109353434547192,6.7109,3096.9599609375,0.0035580206411716,0.5306476989762658,0.4895116819587439,3900.7900390625,29.350000381469727,236.47332763671875,112.04000091552734,4.284999847412109,3096.9599609375,419.6,3.7,23.4
2022-05-20,288.16,292.76,282.35,288.85,178683,0.011167121753133,6.6921,3146.570068359375,0.0160189695855341,0.5278625239684857,0.4890549657022825,3901.360107421875,29.43000030517578,221.3000030517578,112.55000305175781,4.281000137329102,3146.570068359375,427.5,3.7,24.5
2022-05-23,293.85,299.15,288.96,296.35,255588,0.0259650337545438,6.649,3146.860107421875,9.217626056279292e-05,0.5251354419946823,0.4909775067737235,3973.75,28.479999542236328,224.96665954589844,113.41999816894531,4.347499847412109,3146.860107421875,417.3,3.7,25.8
2022-05-24,291.15,294.11,282.15,282.15,290497,-0.0479163151678759,6.653,3070.929931640625,-0.0241288691550566,0.5450277071018088,0.5003335979674078,3941.47998046875,29.450000762939453,209.3866729736328,113.55999755859375,4.325500011444092,3070.929931640625,402.64,3.7,26.0
2022-05-25,282.41,289.8,279.18,288.35,230858,0.0219741272372853,6.6916,3107.4599609375,0.0118954291078074,0.546514542356963,0.4873379679796712,3978.72998046875,28.3700008392334,219.60000610351562,114.02999877929688,4.2769999504089355,3107.4599609375,399.58,3.7,23.8
2022-05-26,288.52,292.37,283.65,287.79,143095,-0.0019420842725853,6.738,3123.110107421875,0.0050363147654695,0.523941213483591,0.4831947405936078,4057.840087890625,27.5,235.91000366210938,117.4000015258789,4.255000114440918,3123.110107421875,390.61,3.7,24.9
2022-05-27,294.1,298.76,287.8,290.03,153187,0.0077834532124116,6.698,3130.239990234375,0.0022829431455382,0.5235163390361813,0.4829300038302211,4158.240234375,25.719999313354492,253.2100067138672,119.43000030517578,4.303999900817871,3130.239990234375,395.0,3.7,26.4
2022-05-30,293.15,300.85,292.23,299.27,218524,0.0318587732303554,6.698,3149.06005859375,0.0060123404014034,0.5284610256727827,0.4864819426406906,4158.240234375,25.719999313354492,253.2100067138672,119.43000030517578,4.303999900817871,3149.06005859375,402.4,3.7,23.8
2022-05-31,301.15,302.11,294.66,297.06,177011,-0.007384635947472,6.6715,3186.429931640625,0.0118669928015164,0.5253530084968066,0.4868519138828842,4132.14990234375,26.190000534057617,252.75332641601562,122.83999633789062,4.295000076293945,3186.429931640625,408.6,3.7,23.3
2022-06-01,299.15,305.95,294.27,301.13,216912,0.0137009358378779,6.6858,3182.159912109375,-0.0013400638403655,0.5093264631550394,0.4862067121925316,4101.22998046875,25.690000534057617,246.7899932861328,116.29000091552734,4.329999923706055,3182.159912109375,425.63,3.7,25.1
2022-06-02,297.15,306.15,296.37,302.17,177728,0.0034536578886195,6.6596,3195.4599609375,0.0041795664565797,0.5076910191135988,0.4848912931593567,4176.81982421875,24.719999313354492,258.3333435058594,117.61000061035156,4.553999900817871,3195.4599609375,437.4,3.7,27.3
2022-06-06,305.15,321.62,303.7,319.38,294757,0.0569546943773371,6.6534,3236.3701171875,0.012802587655643,0.5140682812532448,0.4854326343324536,4121.43017578125,25.06999969482422,238.27999877929688,119.51000213623047,4.439499855041504,3236.3701171875,466.59,3.7,23.8
2022-06-07,319.15,321.02,312.26,316.04,200221,-0.0104577619137077,6.6675,3241.760009765625,0.0016654129110575,0.4848270196828613,0.4758468618011992,4160.68017578125,24.020000457763672,238.8866729736328,120.56999969482422,4.439499855041504,3241.760009765625,459.6,3.7,21.6
2022-06-08,319.75,329.21,314.16,328.56,290513,0.0396152385773951,6.6825,3263.7900390625,0.0067957002463201,0.4894311851946121,0.4736003114603173,4115.77001953125,23.959999084472656,241.86666870117188,123.58000183105469,4.458499908447266,3263.7900390625,460.6,3.7,21.4
2022-06-09,335.18,335.95,322.15,323.56,307542,-0.015217920623326,6.6915,3238.949951171875,-0.0076108106199626,0.4370891270592563,0.4724965783763134,4017.820068359375,26.09000015258789,239.7066650390625,123.06999969482422,4.388999938964844,3238.949951171875,431.95,3.7,21.5
2022-06-10,322.65,351.15,322.21,349.95,438249,0.0815613796513783,6.7081,3284.830078125,0.0141651237730688,0.499688336838693,0.4956695484948916,3900.860107421875,27.75,232.22999572753906,122.01000213623047,4.301000118255615,3284.830078125,454.6,3.7,23.3
2022-06-13,347.15,360.01,341.75,349.95,360681,0.0,6.753,3255.550048828125,-0.0089137120035104,0.4714112369835258,0.4958328282420555,3749.6298828125,34.02000045776367,215.73666381835938,122.2699966430664,4.2164998054504395,3255.550048828125,443.63,3.7,20.4
2022-06-14,343.15,345.94,328.38,344.74,404789,-0.0148878411201599,6.7395,3288.909912109375,0.010247074313374,0.4743135837972737,0.4850436406130496,3735.47998046875,32.689998626708984,220.88999938964844,121.16999816894531,4.161499977111816,3288.909912109375,442.42,3.7,20.9
2022-06-15,345.12,347.38,333.67,336.15,303948,-0.0249173290015665,6.7128,3305.409912109375,0.0050168598231434,0.4621325411009589,0.4840561076915446,3789.989990234375,29.6200008392334,233.0,118.51000213623047,4.167500019073486,3305.409912109375,466.26,3.7,22.0
2022-06-16,336.65,343.85,334.56,337.15,190172,0.0029748624126133,6.703,3285.3798828125,-0.006059771656004,0.4602780946696276,0.4617997806402144,3666.77001953125,32.95000076293945,213.10000610351562,119.80999755859375,4.111999988555908,3285.3798828125,460.9,3.7,23.8
2022-06-17,331.25,342.35,328.22,339.15,262148,0.005932077710218,6.716,3316.7900390625,0.0095605857984102,0.4603793273550258,0.4604463605243479,3674.840087890625,31.1299991607666,216.75999450683594,113.12000274658203,4.017499923706055,3316.7900390625,486.66,3.7,25.9
2022-06-20,339.23,349.81,336.17,343.33,245416,0.0123249299719887,6.716,3315.429931640625,-0.0004100673861947,0.4604695854663411,0.4602814690591067,3674.840087890625,31.1299991607666,216.75999450683594,113.12000274658203,4.017499923706055,3315.429931640625,507.12,3.7,29.2
2022-06-21,340.91,342.95,333.35,342.15,197827,-0.0034369265721027,6.688,3306.719970703125,-0.0026270984810679,0.4579812142856388,0.4532864131417604,3764.7900390625,30.190000534057617,237.0366668701172,114.6500015258789,4.043000221252441,3306.719970703125,508.45,3.7,29.8
2022-06-22,343.57,348.78,339.15,341.03,186788,-0.0032734180914804,6.6983,3267.199951171875,-0.0119514261508049,0.4112383263997986,0.4533617005694111,3759.889892578125,28.950000762939453,236.086669921875,111.73999786376953,3.9514999389648438,3267.199951171875,507.6,3.7,25.2
2022-06-23,345.85,355.2,339.15,354.65,323142,0.0399378353810515,6.698,3320.14990234375,0.0162065230053896,0.4230476800423188,0.4586625264125192,3795.72998046875,29.049999237060547,235.07000732421875,110.05000305175781,3.758500099182129,3320.14990234375,537.57,3.7,28.1
2022-06-24,354.14,357.43,347.16,352.2,235984,-0.006908219371211,6.6878,3349.75,0.008915289528149,0.425381346415461,0.4592682369966719,3911.739990234375,27.229999542236328,245.7066650390625,113.12000274658203,3.759999990463257,3349.75,564.1,3.7,29.7
2022-06-27,353.22,358.15,349.48,350.84,217155,-0.0038614423622942,6.6899,3379.18994140625,0.0087886980838123,0.4283585659937178,0.4460118890651934,3900.110107421875,26.950000762939453,244.9199981689453,115.08999633789062,3.7790000438690186,3379.18994140625,549.6,3.7,24.2
2022-06-28,348.15,359.95,343.86,354.05,269635,0.0091494698438034,6.707,3409.2099609375,0.0088837916932118,0.4204286674766082,0.44226163000862,3821.550048828125,28.360000610351562,232.663330078125,117.9800033569336,3.7839999198913574,3409.2099609375,544.6,3.7,23.7
2022-06-29,351.14,351.15,332.64,332.76,361146,-0.0601327496116368,6.6997,3361.52001953125,-0.0139885609723889,0.4841611298285612,0.4633980856744205,3818.830078125,28.15999984741211,228.49000549316406,116.26000213623047,3.7790000438690186,3361.52001953125,533.14,3.7,23.6
2022-06-30,332.15,340.5,331.15,334.64,220145,0.0056497175141243,6.6981,3398.6201171875,0.0110367028727151,0.483333109322473,0.461613673355685,3785.3798828125,28.709999084472656,224.47332763671875,114.80999755859375,3.7144999504089355,3398.6201171875,534.6,3.7,24.0
2022-07-01,333.33,334.15,321.25,330.35,234113,-0.0128197465933539,6.7,3387.639892578125,-0.0032307890351869,0.487777913990029,0.4570902022592009,3825.330078125,26.700000762939453,227.26333618164062,111.62999725341797,3.61899995803833,3387.639892578125,523.24,3.7,24.6
2022-07-04,333.15,339.36,331.35,337.31,209512,0.0210685636446192,6.7,3405.429931640625,0.0052514551801907,0.4523387971469672,0.4561712774615792,3825.330078125,26.700000762939453,227.26333618164062,111.62999725341797,3.61899995803833,3405.429931640625,522.6,3.7,25.6
2022-07-05,338.15,341.75,330.74,335.04,173757,-0.006729714505944,6.7192,3404.030029296875,-0.0004110794736204,0.4510468645011987,0.4552380057374339,3831.389892578125,27.540000915527344,233.06666564941406,102.7699966430664,3.424999952316284,3404.030029296875,524.47,3.7,25.6
2022-07-06,334.95,341.75,333.14,337.25,183434,0.0065962273161412,6.707,3355.35009765625,-0.0143006763223766,0.4305510670273539,0.4543589956113452,3845.080078125,26.729999542236328,231.73333740234375,100.69000244140625,3.4179999828338623,3355.35009765625,522.6,3.7,24.7
2022-07-07,338.85,353.1,334.52,350.53,304649,0.0393773165307633,6.7005,3364.39990234375,0.0026971268046875,0.4455348225661206,0.4590111408866249,3902.6201171875,26.079999923706055,244.5433349609375,104.6500015258789,3.5820000171661377,3364.39990234375,550.6,3.7,27.2
2022-07-08,350.53,353.03,339.15,339.15,190478,-0.0324651242404359,6.6945,3356.080078125,-0.0024728999109036,0.3589944678513605,0.4538064068476299,3899.3798828125,24.639999389648438,250.76333618164062,107.0199966430664,3.5320000648498535,3356.080078125,541.6,3.7,28.7
2022-07-11,337.03,337.03,320.03,325.45,254317,-0.0403951054105852,6.7175,3313.580078125,-0.0126635834100073,0.3847358635285531,0.4626798760943328,3854.429931640625,26.170000076293945,234.3433380126953,107.0999984741211,3.4375,3313.580078125,519.1,3.7,24.3
2022-07-12,321.15,322.15,301.23,310.15,450515,-0.0470118297741588,6.7234,3281.469970703125,-0.0096904576514851,0.413356781780754,0.4746413115477952,3818.800048828125,27.290000915527344,233.07000732421875,99.48999786376953,3.2964999675750732,3281.469970703125,504.29,3.7,24.1
2022-07-13,310.15,314.99,297.92,311.03,341067,0.0028373367725293,6.7175,3284.2900390625,0.0008593917922614,0.4072679289413369,0.4738614861641526,3801.780029296875,26.81999969482422,237.0399932861328,99.56999969482422,3.325500011444092,3284.2900390625,539.6,3.7,26.8
2022-07-14,310.06,324.15,308.15,324.15,272489,0.0421824261325274,6.7542,3281.739990234375,-0.0007764383771821,0.4382146034513816,0.4769682374088257,3790.3798828125,26.399999618530273,238.31333923339844,99.0999984741211,3.2105000019073486,3281.739990234375,556.61,3.7,27.8
2022-07-15,336.15,351.04,334.15,339.34,444508,0.0468610211321918,6.7565,3228.06005859375,-0.0163571555943989,0.4704419676620059,0.4842354193425203,3863.159912109375,24.229999542236328,240.06666564941406,101.16000366210938,3.234499931335449,3228.06005859375,533.6,3.7,28.4
2022-07-18,346.15,347.15,329.15,338.25,238912,-0.0032121176401248,6.742,3278.10009765625,0.015501582422323,0.4684678465375767,0.4831829909233312,3830.85009765625,25.299999237060547,240.54666137695312,106.2699966430664,3.3480000495910645,3278.10009765625,552.26,3.7,28.9
2022-07-19,338.25,338.25,328.77,332.25,158180,-0.0177383592017738,6.743,3279.429931640625,0.0004056721713061,0.4724596565428247,0.4841441536764195,3936.68994140625,24.5,245.52999877929688,107.3499984741211,3.2915000915527344,3279.429931640625,525.21,3.7,27.4
2022-07-20,334.13,335.01,330.23,332.85,103263,0.0018058690744922,6.754,3304.719970703125,0.0077117180698074,0.4724858406468616,0.4778685279306854,3959.89990234375,23.8799991607666,247.5,106.91999816894531,3.3294999599456787,3304.719970703125,526.6,3.7,27.3
2022-07-21,330.15,332.15,324.09,325.65,132003,-0.021631365479946,6.7655,3272.0,-0.0099009813216226,0.4522045519390368,0.4812723174914702,3998.949951171875,23.110000610351562,271.7066650390625,103.86000061035156,3.302000045776367,3272.0,521.6,3.7,27.0
2022-07-22,327.16,335.81,327.15,330.77,141774,0.0157224013511438,6.75,3269.969970703125,-0.0006204246017343,0.457293618846483,0.4746731259206672,3961.6298828125,23.030000686645508,272.24334716796875,103.19999694824219,3.3485000133514404,3269.969970703125,532.6,3.7,27.0
2022-07-25,327.15,328.15,321.15,324.1,115017,-0.0201650693835594,6.7499,3250.389892578125,-0.0059878464635532,0.4614680654366555,0.4771030552914956,3966.840087890625,23.360000610351562,268.4333190917969,105.1500015258789,3.3510000705718994,3250.389892578125,522.35,3.7,29.3
2022-07-26,323.63,328.83,321.15,326.15,107656,0.0063252082690525,6.7616,3277.43994140625,0.008322093570956,0.4605449803292476,0.4768285750984198,3921.050048828125,24.690000534057617,258.8599853515625,104.4000015258789,3.382499933242798,3277.43994140625,522.6,3.7,29.1
2022-07-27,325.15,330.95,322.16,326.95,91056,0.0024528591139045,6.757,3275.760009765625,-0.0005125743478625,0.4095818306141398,0.4752998212162597,4023.610107421875,23.239999771118164,274.82000732421875,106.62000274658203,3.429500102996826,3275.760009765625,515.8,3.7,24.1
2022-07-28,330.17,332.6,325.15,326.58,109065,-0.001131671509405,6.7465,3282.580078125,0.0020819804683624,0.408924043815161,0.467677274147768,4072.429931640625,22.329999923706055,280.8999938964844,107.13999938964844,3.4749999046325684,3282.580078125,516.2,3.7,23.7
2022-07-29,324.25,329.05,319.21,321.61,114854,-0.0152183232286116,6.7433,3253.239990234375,-0.0089381179414772,0.4099384548197718,0.467921935331701,4130.2900390625,21.329999923706055,297.1499938964844,110.01000213623047,3.5840001106262207,3253.239990234375,509.2,3.7,25.8
2022-08-01,319.23,333.33,317.57,331.79,187584,0.0316532446130406,6.7674,3259.9599609375,0.0020656240312111,0.4191229197934835,0.4664579974727378,4118.6298828125,22.84000015258789,297.27667236328125,100.02999877929688,3.552000045776367,3259.9599609375,535.52,3.7,28.4
2022-08-02,326.15,331.73,322.55,327.85,156643,-0.0118749811627836,6.7499,3186.27001953125,-0.022604554132333,0.4205337562299885,0.4588584521486719,4091.18994140625,23.93000030517578,300.586669921875,100.54000091552734,3.5244998931884766,3186.27001953125,524.47,3.7,29.2
2022-08-03,327.95,336.1,320.14,323.24,188723,-0.0140613085252402,6.7565,3163.669921875,-0.0070929637217547,0.4221364270615369,0.4606593912572551,4155.169921875,21.950000762939453,307.39666748046875,96.77999877929688,3.4695000648498535,3163.669921875,504.6,3.7,30.3
2022-08-04,329.25,332.72,323.35,328.05,186637,0.0148805840861279,6.7485,3189.0400390625,0.00801920485196,0.3987644599187191,0.4324570137341441,4151.93994140625,21.440000534057617,308.6333312988281,94.12000274658203,3.4830000400543213,3189.0400390625,501.5,3.7,30.1
2022-08-05,331.25,333.14,319.53,325.74,157564,-0.0070416095107452,6.7607,3227.030029296875,0.0119126727068448,0.3837868341750904,0.4331145466552299,4145.18994140625,21.149999618530273,288.1700134277344,94.91999816894531,3.552999973297119,3227.030029296875,506.25,3.7,30.5
2022-08-08,323.36,326.15,320.25,322.6,129488,-0.009639589856941,6.7505,3236.929931640625,0.0030678060798545,0.3573137023447356,0.4166402917296297,4140.06005859375,21.290000915527344,290.42333984375,96.6500015258789,3.5875000953674316,3236.929931640625,502.1,3.7,26.4
2022-08-09,322.43,325.05,319.4,320.97,116107,-0.0050526968381896,6.7525,3247.429931640625,0.0032438144234645,0.3126563342216353,0.4159630997566896,4122.47021484375,21.770000457763672,283.3333435058594,96.30999755859375,3.5924999713897705,3247.429931640625,512.16,3.7,21.7
2022-08-10,320.95,320.95,306.25,309.6,258499,-0.0354238713898494,6.723,3230.02001953125,-0.0053611355674668,0.339478577022593,0.4078864365173427,4210.240234375,19.739999771118164,294.3566589355469,97.4000015258789,3.6554999351501465,3230.02001953125,504.58,3.7,22.6
2022-08-11,312.68,317.14,306.85,316.27,165445,0.0215439276485787,6.7445,3281.669921875,0.0159905827305817,0.3122673529547824,0.4097073382084374,4207.27001953125,20.200000762939453,286.6300048828125,99.5999984741211,3.7105000019073486,3281.669921875,510.6,3.7,24.4
2022-08-12,316.27,317.53,311.25,313.18,101338,-0.0097701331141112,6.7425,3276.889892578125,-0.0014565844252074,0.2568103861209124,0.4100201619121228,4280.14990234375,19.530000686645508,300.0299987792969,98.1500015258789,3.6760001182556152,3276.889892578125,502.6,3.7,26.5
2022-08-15,313.45,320.48,312.47,316.46,135119,0.0104732102943994,6.7715,3276.090087890625,-0.000244074324655,0.2618271259154967,0.4099553454699129,4297.14013671875,19.950000762939453,309.32000732421875,95.0999984741211,3.628999948501587,3276.090087890625,516.7,3.7,27.8
2022-08-16,317.05,323.14,316.75,320.17,157243,0.0117234405612085,6.7875,3277.8798828125,0.000546320422778,0.2610058706994446,0.4074079902672419,4305.2001953125,19.690000534057617,306.5633239746094,92.33999633789062,3.6364998817443848,3277.8798828125,524.4,3.7,24.9
2022-08-17,321.24,330.85,317.97,329.18,210871,0.0281412999344097,6.7805,3292.530029296875,0.0044693969907783,0.2816505077799434,0.3976163957848953,4274.0400390625,19.899999618530273,303.9966735839844,93.6500015258789,3.5980000495910645,3292.530029296875,547.6,3.7,25.7
2022-08-18,328.25,331.25,325.09,327.29,142790,-0.0057415395832066,6.7855,3277.5400390625,-0.0045527269610282,0.2712219388938454,0.3959848997910828,4283.740234375,19.559999465942383,302.8699951171875,96.58999633789062,3.6465001106262207,3277.5400390625,545.4,3.7,24.7
2022-08-19,326.28,328.69,318.25,320.64,124289,-0.0203183720859178,6.8164,3258.080078125,-0.0059373678751659,0.2743528943087871,0.3986308414553305,4228.47998046875,20.600000381469727,296.6666564941406,96.72000122070312,3.683500051498413,3258.080078125,532.6,3.7,26.2
2022-08-22,317.25,327.34,313.47,324.34,147668,0.0115394211576846,6.8476,3277.7900390625,0.0060495630754549,0.2686327326511405,0.3989333517356189,4137.990234375,23.799999237060547,289.913330078125,96.4800033569336,3.6705000400543213,3277.7900390625,552.13,3.65,26.0
2022-08-23,325.25,326.8,320.23,322.86,93000,-0.004563112782882,6.8476,3276.219970703125,-0.0004790021144319,0.268105217523326,0.3943136004303794,4128.72998046875,24.110000610351562,296.4533386230469,100.22000122070312,3.7044999599456787,3276.219970703125,557.49,3.65,22.4
2022-08-24,322.93,324.21,310.55,310.75,186783,-0.0375085176237378,6.8581,3215.199951171875,-0.0186251289830683,0.2983414745135286,0.4019922137106055,4140.77001953125,22.81999969482422,297.0966796875,101.22000122070312,3.6605000495910645,3215.199951171875,524.6,3.65,21.9
2022-08-25,310.81,312.33,303.91,310.83,140221,0.0002574416733707,6.8477,3246.25,0.0096572683813358,0.2984586428587239,0.4011303549713791,4199.1201171875,21.780000686645508,296.07000732421875,99.33999633789062,3.7105000019073486,3246.25,514.6,3.65,23.6
2022-08-26,314.24,319.18,311.25,316.98,122127,0.0197857349676673,6.8715,3236.219970703125,-0.0030897279312668,0.304172937843482,0.4029770810096608,4057.659912109375,25.559999465942383,288.0899963378906,100.98999786376953,3.7114999294281006,3236.219970703125,507.38,3.65,21.7
2022-08-29,314.92,318.12,312.74,314.8,85912,-0.0068774055145435,6.9067,3240.72998046875,0.0013936042068998,0.2798450223209629,0.3860748794556954,4030.610107421875,26.209999084472656,284.82000732421875,105.08999633789062,3.626499891281128,3240.72998046875,502.6,3.65,18.9
2022-08-30,316.75,319.75,311.25,312.1,110247,-0.0085768742058449,6.91,3227.219970703125,-0.0041688168551675,0.2786180958158352,0.3858754595710159,3986.159912109375,26.209999084472656,277.70001220703125,99.30999755859375,3.5450000762939453,3227.219970703125,492.1,3.65,20.9
2022-08-31,292.25,297.85,285.25,289.23,408060,-0.0732777955783402,6.889,3202.139892578125,-0.0077714188535886,0.3745232333735248,0.4053404896187336,3955.0,25.8700008392334,275.6099853515625,96.48999786376953,3.5185000896453857,3202.139892578125,483.6,3.65,22.9
2022-09-01,286.25,295.85,285.28,287.95,192582,-0.0044255436849567,6.9066,3184.97998046875,-0.005358888957084,0.3669377215368957,0.4044171959772022,3966.85009765625,25.559999465942383,277.1600036621094,92.36000061035156,3.4144999980926514,3184.97998046875,468.14,3.65,21.6
2022-09-02,289.95,290.85,279.35,283.25,161662,-0.0163222781732939,6.8985,3186.47998046875,0.0004709605740691,0.3686820650954015,0.3663873355215803,3924.260009765625,25.469999313354492,270.2099914550781,93.0199966430664,3.4214999675750732,3186.47998046875,466.86,3.65,20.8
2022-09-05,270.25,272.13,262.35,270.01,351208,-0.0467431597528684,6.8985,3199.912109375,0.0042153501633719,0.3951760854108358,0.3769843561376763,3924.260009765625,25.469999313354492,270.2099914550781,93.0199966430664,3.4214999675750732,3199.912109375,468.96,3.65,22.0
2022-09-06,270.02,275.7,268.46,274.19,189903,0.0154809081145144,6.9532,3243.449951171875,0.013605949260081,0.4042094797229265,0.3783842398406294,3908.18994140625,26.90999984741211,274.4200134277344,92.83000183105469,3.4690001010894775,3243.449951171875,455.8,3.65,21.8
2022-09-07,273.25,286.3,271.85,283.95,190873,0.035595754768591,6.965,3246.2900390625,0.0008756379575391,0.4175983337645279,0.3840532141630799,3979.8701171875,24.639999389648438,283.70001220703125,88.0,3.437999963760376,3246.2900390625,474.52,3.65,21.7
2022-09-08,284.25,286.24,278.25,279.51,116429,-0.0156365557316429,6.9562,3235.590087890625,-0.0032960552024381,0.4082082923763065,0.3848095758391711,4006.179931640625,23.610000610351562,289.260009765625,89.1500015258789,3.5360000133514404,3235.590087890625,450.1,3.65,23.3
2022-09-09,282.24,282.74,278.24,280.95,76098,0.005151872920468,6.924,3262.050048828125,0.0081777852628883,0.4097355801722316,0.3847370286175397,4067.360107421875,22.790000915527344,299.67999267578125,92.83999633789062,3.5810000896453857,3262.050048828125,452.82,3.65,24.0
2022-09-13,283.25,287.94,280.62,286.05,111524,0.0181526962092899,6.9245,3263.800048828125,0.0005364724556047,0.4144841500542502,0.3859018489504933,3932.68994140625,27.270000457763672,292.1300048828125,93.16999816894531,3.5810000896453857,3263.800048828125,457.51,3.65,24.1
2022-09-14,283.25,285.05,277.51,279.58,105151,-0.0226184233525608,6.9612,3237.5400390625,-0.0080458390136533,0.4143531561745757,0.388045203645494,3946.010009765625,26.15999984741211,302.6099853515625,94.0999984741211,3.5455000400543213,3237.5400390625,434.9,3.65,24.1
2022-09-15,281.25,281.75,268.16,270.75,152395,-0.0315830889190928,6.9934,3199.919921875,-0.0116199697095927,0.4023308786240326,0.3924230280701068,3901.35009765625,26.270000457763672,303.75,90.83999633789062,3.5234999656677246,3199.919921875,414.95,3.65,23.0
2022-09-16,269.25,272.7,265.61,267.23,104476,-0.013000923361034,6.9799,3126.39990234375,-0.0229755810539692,0.4022778209961302,0.3822391191847205,3873.330078125,26.299999237060547,303.3500061035156,91.3499984741211,3.561000108718872,3126.39990234375,410.6,3.65,23.6
2022-09-19,269.25,275.15,267.93,271.6,110950,0.016352954383864,7.005,3115.60009765625,-0.0034543900412111,0.4105058567334407,0.3845574573404813,3899.889892578125,25.760000228881836,309.07000732421875,92.0,3.557499885559082,3115.60009765625,414.27,3.65,20.2
2022-09-20,275.05,278.74,273.26,275.46,111245,0.0142120765832105,7.0176,3122.409912109375,0.0021857151879818,0.4122937404693124,0.3863708386042188,3855.929931640625,27.15999984741211,308.7300109863281,90.62000274658203,3.5480000972747803,3122.409912109375,421.61,3.65,19.0
2022-09-21,273.05,273.86,268.25,271.25,83754,-0.0152835257387641,7.0479,3117.179931640625,-0.0016749820222088,0.4129305963762911,0.3861369946969668,3789.929931640625,27.989999771118164,300.79998779296875,89.83000183105469,3.51200008392334,3117.179931640625,420.9,3.65,18.8
2022-09-22,268.74,270.63,262.55,269.8,92800,-0.0053456221198155,7.0772,3108.909912109375,-0.0026530452885654,0.3983252754340667,0.3681053341540062,3757.989990234375,27.350000381469727,288.5899963378906,90.45999908447266,3.498500108718872,3108.909912109375,415.59,3.65,19.8
2022-09-23,268.34,271.02,265.53,267.65,79644,-0.0079688658265383,7.1266,3088.3701171875,-0.0066067514024357,0.3974793437439965,0.3677611754002635,3693.22998046875,29.920000076293945,275.3299865722656,86.1500015258789,3.371500015258789,3088.3701171875,417.94,3.65,17.9
2022-09-26,267.65,277.25,264.83,274.2,143606,0.0244722585466095,7.1384,3051.22998046875,-0.0120258049746228,0.402013270972367,0.3716239369159073,3655.0400390625,32.2599983215332,276.010009765625,84.05999755859375,3.313499927520752,3051.22998046875,429.26,3.65,19.5
2022-09-27,274.21,276.08,271.31,275.21,83096,0.0036834427425236,7.176,3093.860107421875,0.0139714565031168,0.4037693401288357,0.3685441835821067,3647.2900390625,32.599998474121094,282.94000244140625,86.2699966430664,3.322999954223633,3093.860107421875,430.1,3.65,20.5
2022-09-28,274.25,274.25,266.75,266.87,85620,-0.0303041313905744,7.199,3045.070068359375,-0.0157699564196381,0.4126034886425695,0.3726744763167717,3719.0400390625,30.18000030517578,287.80999755859375,89.31999969482422,3.381999969482422,3045.070068359375,418.05,3.65,20.8
2022-09-29,271.25,273.05,265.25,265.82,88357,-0.0039344999437929,7.1196,3041.199951171875,-0.0012709452001493,0.3313322501452995,0.3720790206369281,3640.469970703125,31.84000015258789,268.2099914550781,88.48999786376953,3.440000057220459,3041.199951171875,420.26,3.65,21.3
2022-09-30,264.25,264.8,250.25,253.26,214036,-0.0472500188097209,7.1135,3024.389892578125,-0.0055274427409064,0.3651963641576637,0.3716091724111469,3585.6201171875,31.6200008392334,265.25,87.95999908447266,3.441999912261963,3024.389892578125,402.15,3.65,22.3
2022-10-10,253.52,257.65,250.69,252.45,117479,-0.0031982942430703,7.1103,2974.14990234375,-0.0166116116039352,0.363311685125528,0.3672287839153746,3612.389892578125,32.45000076293945,222.9600067138672,96.19000244140625,3.4535000324249268,2974.14990234375,394.12,3.65,10.8
2022-10-11,253.25,258.63,250.58,256.26,132820,0.0150920974450385,7.1639,2979.7900390625,0.0018963861620779,0.3354160068396315,0.3617204370365608,3588.840087890625,33.630001068115234,216.5,94.29000091552734,3.4779999256134033,2979.7900390625,417.56,3.65,10.1
2022-10-12,255.25,264.5,251.2,263.59,144871,0.0286037618044172,7.172,3025.510009765625,0.0153433530899074,0.3477022802291469,0.3562175378965095,3577.030029296875,33.56999969482422,217.24000549316406,92.44999694824219,3.444499969482422,3025.510009765625,439.09,3.65,11.5
2022-10-13,261.25,264.25,259.33,259.43,96187,-0.0157820858150915,7.17,3016.360107421875,-0.003024251221849,0.3213608704324202,0.3570781711142517,3669.909912109375,31.940000534057617,221.72000122070312,94.56999969482422,3.4674999713897705,3016.360107421875,433.26,3.65,13.1
2022-10-14,263.33,270.35,261.2,265.79,145695,0.0245152835061481,7.1895,3071.989990234375,0.0184427193144547,0.3339485826696299,0.3493306175503369,3583.070068359375,32.02000045776367,204.99000549316406,91.62999725341797,3.450500011444092,3071.989990234375,438.17,3.65,15.1
2022-10-17,264.25,264.25,257.94,261.91,109678,-0.0145979908950675,7.1946,3084.93994140625,0.0042154926328021,0.3354572106219138,0.3341946836691798,3677.949951171875,31.3700008392334,219.35000610351562,91.62000274658203,3.4554998874664307,3084.93994140625,430.61,3.65,9.7
2022-10-18,280.25,280.25,273.75,274.92,244142,0.0496735519835056,7.2001,3080.9599609375,-0.0012901322373672,0.3781251965001559,0.3518922430151978,3719.97998046875,30.5,220.19000244140625,90.02999877929688,3.4065001010894775,3080.9599609375,430.8,3.65,9.1
2022-10-19,274.92,277.69,268.13,268.75,134004,-0.0224428924778118,7.228,3044.3798828125,-0.0118729482332737,0.3779969753246853,0.3528528895925436,3695.159912109375,30.760000228881836,222.0399932861328,92.41000366210938,3.3605000972747803,3044.3798828125,432.6,3.65,10.5
2022-10-20,265.25,266.83,258.65,264.76,128417,-0.0148465116279069,7.2129,3035.050048828125,-0.0030646089987153,0.3648919971474913,0.3534767834518764,3665.780029296875,29.979999542236328,207.27999877929688,92.37999725341797,3.4509999752044678,3035.050048828125,416.26,3.65,12.3
2022-10-21,264.77,272.13,263.26,267.55,104786,0.0105378455960114,7.2399,3038.929931640625,0.0012783587585312,0.3640761246353886,0.3525996873214156,3752.75,29.690000534057617,214.44000244140625,93.5,3.5230000019073486,3038.929931640625,414.26,3.65,13.7
2022-10-24,266.15,267.56,254.82,256.82,167413,-0.0401046533358251,7.2629,2977.56005859375,-0.020194566649236,0.3855988545013502,0.3584353890606472,3797.340087890625,29.850000381469727,211.25,93.26000213623047,3.4795000553131104,2977.56005859375,405.28,3.65,11.2
2022-10-25,254.25,261.84,251.28,259.16,113243,0.0091114399190095,7.2688,2976.280029296875,-0.0004298920161763,0.3830813279509283,0.3578015458378925,3859.110107421875,28.459999084472656,222.4199981689453,93.5199966430664,3.450500011444092,2976.280029296875,402.96,3.65,11.9
2022-10-26,261.25,265.29,256.54,259.12,126415,-0.0001543448062973,7.171,2999.5,0.007801675405056,0.3802798766932939,0.3572901391437791,3830.60009765625,27.280000686645508,224.63999938964844,95.69000244140625,3.629499912261963,2999.5,402.32,3.65,13.6
2022-10-27,260.24,261.97,256.25,256.25,97766,-0.0110759493670886,7.2239,2982.89990234375,-0.0055342882667944,0.3814882044444349,0.3573909201732714,3807.300048828125,27.389999389648438,225.08999633789062,96.95999908447266,3.625499963760376,2982.89990234375,391.56,3.65,10.5
2022-10-28,254.25,254.25,237.06,241.14,263164,-0.0589658536585366,7.2499,2915.929931640625,-0.0224512966896759,0.4312454033407503,0.3747767558836222,3901.06005859375,25.75,228.52000427246094,95.7699966430664,3.4660000801086426,2915.929931640625,366.76,3.65,10.9
2022-10-31,238.75,252.25,238.36,247.92,187942,0.0281164468773327,7.3048,2893.47998046875,-0.0076990708618446,0.4347116998179445,0.3800988803495962,3871.97998046875,25.8799991607666,227.5399932861328,94.83000183105469,3.4135000705718994,2893.47998046875,374.14,3.65,11.4
2022-11-01,248.36,263.45,248.25,263.07,219283,0.061108422071636,7.273,2969.199951171875,0.0261691704156383,0.4931968323022317,0.3963594606004458,3856.10009765625,25.809999465942383,227.82000732421875,94.6500015258789,3.509500026702881,2969.199951171875,387.46,3.65,7.8
2022-11-02,262.25,272.85,259.61,268.81,187319,0.0218192876420724,7.289,3003.3701171875,0.0115082064453553,0.4879112554498522,0.3993412584350575,3759.68994140625,25.860000610351562,214.97999572753906,96.16000366210938,3.505500078201294,3003.3701171875,392.76,3.65,9.5
2022-11-03,266.27,273.01,265.35,269.23,102384,0.0015624418734423,7.3,2997.81005859375,-0.0018512731953784,0.487592169943512,0.3987744674917297,3719.889892578125,25.299999237060547,215.30999755859375,94.66999816894531,3.4565000534057617,2997.81005859375,385.38,3.65,8.0
2022-11-04,270.23,284.27,269.25,281.45,224887,0.0453887011105744,7.2996,3070.800048828125,0.0243477701414525,0.4765490945145601,0.4092916845206486,3770.550048828125,24.549999237060547,207.47000122070312,98.56999969482422,3.7144999504089355,3070.800048828125,405.66,3.65,6.6
2022-11-07,276.25,283.28,274.24,280.13,135842,-0.0046899982234854,7.2266,3077.820068359375,0.0022860555619468,0.4769485199290371,0.4092017574800759,3806.800048828125,24.350000381469727,197.0800018310547,97.91999816894531,3.629499912261963,3077.820068359375,411.76,3.65,8.5
2022-11-08,280.7,283.85,274.75,277.66,105634,-0.0088173348088386,7.2485,3064.489990234375,-0.0043310128041713,0.4782156532242453,0.4091412187488978,3828.110107421875,25.540000915527344,191.3000030517578,95.36000061035156,3.7054998874664307,3064.489990234375,411.06,3.65,6.7
2022-11-09,279.4,280.13,269.89,270.88,111946,-0.0244183533818339,7.2401,3048.169921875,-0.0053255414151726,0.479727521394206,0.411641584285061,3748.570068359375,26.09000015258789,177.58999633789062,92.6500015258789,3.741499900817871,3048.169921875,398.32,3.65,7.5
2022-11-10,265.88,266.22,257.05,261.51,155497,-0.0345909627879503,7.184,3036.1298828125,-0.0039499238464678,0.4933221247346785,0.4113604152357955,3956.3701171875,23.530000686645508,190.72000122070312,93.66999816894531,3.7960000038146973,3036.1298828125,386.56,3.65,10.6
2022-11-11,271.75,274.22,266.41,270.05,166100,0.0326564949715117,7.184,3087.2900390625,0.016850450482905,0.4993106428504997,0.4147485122324316,3992.929931640625,22.520000457763672,195.97000122070312,95.98999786376953,3.9509999752044678,3087.2900390625,403.74,3.65,11.7
2022-11-14,270.48,273.79,264.01,265.04,115237,-0.0185521199777818,7.071,3083.39990234375,-0.0012600489975121,0.5011704373636009,0.4158139478039149,3957.25,23.729999542236328,190.9499969482422,93.13999938964844,3.8550000190734863,3083.39990234375,388.44,3.65,3.7
2022-11-15,265.24,269.55,261.35,268.25,112848,0.0121113794144278,7.044,3134.080078125,0.0164364589045771,0.4695926489513525,0.4160447027612603,3991.72998046875,24.540000915527344,194.4199981689453,93.86000061035156,3.8394999504089355,3134.080078125,397.44,3.65,5.8
2022-11-16,267.03,267.85,261.35,262.33,103549,-0.0220689655172414,7.0964,3119.97998046875,-0.0044989589623649,0.4693660257941311,0.4169041640450268,3958.7900390625,24.110000610351562,186.9199981689453,92.86000061035156,3.7880001068115234,3119.97998046875,385.33,3.65,5.1
2022-11-17,261.16,261.16,254.83,258.25,111261,-0.015552929516258,7.1551,3115.429931640625,-0.0014583583409536,0.4696531551457912,0.4125695759384932,3946.56005859375,23.93000030517578,183.1699981689453,89.77999877929688,3.689500093460083,3115.429931640625,376.38,3.65,6.1
2022-11-18,259.02,260.81,254.75,255.93,101184,-0.0089835430784123,7.1192,3097.239990234375,-0.0058386616952964,0.4684972555554244,0.4126914899137088,3965.340087890625,23.1200008392334,180.19000244140625,87.62000274658203,3.631999969482422,3097.239990234375,382.05,3.65,7.0
2022-11-21,254.09,255.85,249.76,255.45,82515,-0.0018755128355409,7.164,3085.0439453125,-0.0039377138873091,0.446167389468061,0.4112585835029728,3949.93994140625,22.360000610351562,167.8699951171875,87.44999694824219,3.571500062942505,3085.0439453125,383.66,3.65,6.9
2022-11-22,256.25,256.5,251.25,251.74,80146,-0.014523390095909,7.1388,3088.943115234375,0.0012638944504499,0.4477255004641966,0.4106695732232933,4003.580078125,21.290000915527344,169.91000366210938,88.36000061035156,3.614500045776367,3088.943115234375,376.26,3.65,4.9
2022-11-23,251.74,252.75,248.45,252.75,88469,0.0040120759513784,7.158,3096.906982421875,0.0025781851236506,0.4480832871108432,0.4109848770537453,4027.260009765625,20.350000381469727,183.1999969482422,85.41000366210938,3.617500066757202,3096.906982421875,380.78,3.65,4.4
2022-11-24,254.6,256.25,249.53,250.64,85314,-0.0083481701285855,7.158,3089.31005859375,-0.0024530681325739,0.447363036373622,0.4050536181425104,4027.260009765625,20.350000381469727,183.1999969482422,85.41000366210938,3.617500066757202,3089.31005859375,377.88,3.65,4.5
2022-11-25,250.25,250.25,246.25,246.3,87822,-0.0173156718799871,7.1642,3101.68994140625,0.004007329331694,0.3970535973261667,0.4060027330512429,4026.1201171875,20.5,182.86000061035156,83.62999725341797,3.626499891281128,3101.68994140625,373.46,3.65,6.6
2022-11-28,241.25,246.38,238.47,246.36,99109,0.0002436053593179,7.2074,3078.550048828125,-0.0074604144886364,0.3842547512828293,0.4031711752946339,3963.93994140625,22.209999084472656,182.9199981689453,83.19000244140625,3.6105000972747803,3078.550048828125,371.57,3.65,4.6
2022-11-29,247.53,250.93,244.25,249.55,123581,0.0129485306056178,7.1568,3149.75,0.0231277549634048,0.314255072370792,0.4045851063085591,3957.6298828125,21.889999389648438,180.8300018310547,83.02999877929688,3.630000114440918,3149.75,379.16,3.65,-6.6
2022-11-30,249.61,261.25,247.73,260.77,212873,0.0449609296734119,7.0879,3151.340087890625,0.0005048298724104,0.3469896740732847,0.4164436484776456,4080.110107421875,20.579999923706055,194.6999969482422,85.43000030517578,3.7295000553131104,3151.340087890625,386.26,3.65,-6.4
2022-12-01,269.25,272.2,266.17,267.91,257986,0.0273804502051617,7.0424,3165.469970703125,0.0044837695768842,0.3616018969127422,0.3940184449253663,4076.570068359375,19.84000015258789,194.6999969482422,86.87999725341797,3.813999891281128,3165.469970703125,396.51,3.65,-5.1
2022-12-02,266.17,268.82,261.73,263.33,116075,-0.0170952931954762,7.019,3156.139892578125,-0.0029474543152678,0.3235987877808591,0.3953459271393213,4071.699951171875,19.059999465942383,194.86000061035156,85.56999969482422,3.8480000495910645,3156.139892578125,393.14,3.65,-5.5
2022-12-05,267.2,268.84,263.15,264.61,105233,0.0048608210230509,6.961,3211.81005859375,0.0176386877357803,0.3247603312625556,0.394263531634978,3998.840087890625,20.75,182.4499969482422,82.68000030517578,3.7894999980926514,3211.81005859375,393.57,3.65,-3.7
2022-12-06,261.8,272.88,261.26,268.85,123007,0.0160235818752125,6.9935,3212.530029296875,0.0002241635370681,0.3304230958353933,0.3838923250529359,3941.260009765625,22.170000076293945,179.82000732421875,79.3499984741211,3.811500072479248,3212.530029296875,401.28,3.65,-2.9
2022-12-07,268.9,279.53,268.9,274.99,192666,0.0228380137623209,6.9702,3199.6201171875,-0.0040186121193085,0.3293491905960367,0.385434905721938,3933.919921875,22.68000030517578,174.0399932861328,77.16999816894531,3.8554999828338623,3199.6201171875,419.57,3.65,-0.2
2022-12-08,275.0,276.25,272.12,275.54,94581,0.0020000727299174,6.9649,3197.35009765625,-0.0007094653265417,0.3013931685910603,0.3783938045089737,3963.510009765625,22.290000915527344,173.44000244140625,76.1500015258789,3.880500078201294,3197.35009765625,421.73,3.65,-0.0
2022-12-09,276.73,278.95,272.7,275.95,100992,0.0014879872250852,6.9559,3206.949951171875,0.0030024405280679,0.27996777579412,0.3770393263268761,3934.3798828125,22.829999923706055,179.0500030517578,76.0999984741211,3.875999927520752,3206.949951171875,425.86,3.65,-0.1
2022-12-12,273.21,274.72,269.25,271.13,80128,-0.0174669324152926,6.9773,3179.0400390625,-0.0087029459562274,0.2789756517832512,0.3785818030132643,3990.56005859375,25.0,167.82000732421875,77.98999786376953,3.7985000610351562,3179.0400390625,415.61,3.65,-1.2
2022-12-13,273.25,276.25,270.75,271.05,61384,-0.0002950614096558,6.943,3176.330078125,-0.0008524463058663,0.2760486128060508,0.3766210662142157,4019.64990234375,22.549999237060547,160.9499969482422,80.68000030517578,3.8394999504089355,3176.330078125,406.67,3.65,-4.6
2022-12-14,270.66,270.69,264.85,267.65,94365,-0.0125438111049622,6.9498,3176.530029296875,6.295037573456064e-05,0.2675869292590068,0.3746686826499202,3995.320068359375,21.139999389648438,156.8000030517578,82.69999694824219,3.875,3176.530029296875,403.56,3.65,-5.2
2022-12-15,267.58,273.53,264.76,272.71,97123,0.0189052867550905,6.9716,3168.64990234375,-0.0024807342856661,0.2670345817037826,0.3710212885126963,3895.75,22.829999923706055,157.6699981689453,81.20999908447266,3.763000011444092,3168.64990234375,425.06,3.65,-5.1
2022-12-16,271.32,272.62,268.8,271.76,56197,-0.0034835539584173,6.9708,3167.85791015625,-0.0002499462584725,0.2645006753016536,0.3700657986063019,3852.360107421875,22.6200008392334,150.22999572753906,79.04000091552734,3.7614998817443848,3167.85791015625,419.27,3.65,-7.0
2022-12-19,270.24,276.25,266.86,267.75,84039,-0.0147556667647924,6.9772,3107.1201171875,-0.0191731430800676,0.2715935788749298,0.3698822173762595,3817.659912109375,22.420000076293945,149.8699951171875,79.80000305175781,3.7829999923706055,3107.1201171875,421.66,3.65,-5.2
2022-12-20,267.15,267.15,259.93,262.85,84908,-0.0183006535947711,6.96,3073.77001953125,-0.0107334433167771,0.2750412757872348,0.3705579816251714,3821.6201171875,21.479999542236328,137.8000030517578,79.98999786376953,3.797499895095825,3073.77001953125,410.78,3.65,-3.4
2022-12-21,262.83,264.1,260.85,262.05,41966,-0.0030435609663306,6.981,3068.409912109375,-0.0017438218825143,0.2755994441653023,0.3693211803139288,3878.43994140625,20.06999969482422,137.57000732421875,82.19999694824219,3.805999994277954,3068.409912109375,408.08,3.65,-4.1
2022-12-22,264.25,264.75,259.76,260.44,59210,-0.0061438656744896,6.9829,3054.429931640625,-0.0045560993704193,0.2746163113643949,0.3693712904380656,3822.389892578125,21.969999313354492,125.3499984741211,80.9800033569336,3.751499891281128,3054.429931640625,403.26,3.65,-5.4
2022-12-23,257.35,257.65,251.75,253.43,90819,-0.0269159883274457,6.988,3045.865966796875,-0.0028037850058488,0.2854990469622607,0.3730689472838676,3844.820068359375,20.8700008392334,123.1500015258789,83.91999816894531,3.802999973297119,3045.865966796875,399.74,3.65,-5.0
2022-12-26,253.45,264.75,253.44,263.67,93548,0.0404056346920254,6.988,3065.56298828125,0.0064668050725451,0.3168743799583975,0.379031044392957,3844.820068359375,20.8700008392334,123.1500015258789,83.91999816894531,3.802999973297119,3065.56298828125,405.18,3.65,-3.6
2022-12-27,264.71,265.23,261.05,263.37,55537,-0.0011377858686995,6.96,3095.570068359375,0.0097884402287062,0.3152967022096167,0.3789394244444385,3829.25,21.649999618530273,109.0999984741211,84.33000183105469,3.8334999084472656,3095.570068359375,404.83,3.65,-3.9
2022-12-28,258.75,260.45,254.25,255.87,102564,-0.0284770474997152,6.9774,3087.39990234375,-0.0026393090239288,0.2922295163450827,0.3783427161922283,3783.219970703125,22.139999389648438,112.70999908447266,83.26000213623047,3.8320000171661377,3087.39990234375,395.26,3.65,-3.7
2022-12-29,255.24,260.11,253.38,256.01,72256,0.0005471528510572,6.9625,3073.699951171875,-0.0044373750097856,0.2728012645549153,0.378276536370881,3849.280029296875,21.440000534057617,121.81999969482422,82.26000213623047,3.821000099182129,3073.699951171875,395.22,3.65,-3.5
2022-12-30,259.75,261.62,257.76,258.22,74890,0.0086324752939339,6.8972,3089.260009765625,0.0050623219054994,0.2693457289501526,0.3658137959641235,3839.5,21.670000076293945,123.18000030517578,85.91000366210938,3.805500030517578,3089.260009765625,394.68,3.65,-4.4
2023-01-03,257.66,263.17,251.25,261.73,121374,0.0135930601812408,6.9135,3116.510009765625,0.0088208826430467,0.2735491366385317,0.3666899815643556,3824.139892578125,22.899999618530273,108.0999984741211,82.0999984741211,3.7660000324249268,3116.510009765625,390.9,3.65,-4.0
2023-01-04,261.25,261.73,257.75,260.35,72675,-0.0052726091773965,6.8875,3123.52001953125,0.0022493140543937,0.2669495307867579,0.3656884038800424,3852.969970703125,22.010000228881836,113.63999938964844,77.83999633789062,3.739500045776367,3123.52001953125,385.27,3.65,-3.6
2023-01-05,263.77,268.84,262.31,266.33,118936,0.0229690800845014,6.88,3155.219970703125,0.0101487907788828,0.2671081895712832,0.3640188882305086,3808.10009765625,22.459999084472656,110.33999633789062,78.69000244140625,3.818000078201294,3155.219970703125,408.77,3.65,-2.8
2023-01-06,269.16,272.45,266.35,267.45,138855,0.0042053092028686,6.837,3157.639892578125,0.0007669582144729,0.2676018365638797,0.3625185079273666,3895.080078125,21.1299991607666,113.05999755859375,78.56999969482422,3.9084999561309814,3157.639892578125,417.92,3.65,-0.6
2023-01-09,269.25,269.25,263.54,264.63,114169,-0.0105440269209198,6.77,3176.080078125,0.0058398633708098,0.2693094979474464,0.3598172430693997,3892.090087890625,21.969999313354492,119.7699966430664,79.6500015258789,4.018499851226807,3176.080078125,417.86,3.65,0.5
2023-01-10,263.3,270.83,258.56,267.84,173513,0.0121301439746059,6.777,3169.510009765625,-0.0020686091653122,0.2671843689556873,0.3592981324225155,3919.25,20.579999923706055,118.8499984741211,80.0999984741211,4.066999912261963,3169.510009765625,433.26,3.65,-1.5
2023-01-11,266.15,272.25,262.66,270.24,128364,0.0089605734767026,6.77,3161.840087890625,-0.0024199077621992,0.2692793706188953,0.3449609389858561,3969.610107421875,21.09000015258789,123.22000122070312,82.66999816894531,4.1545000076293945,3161.840087890625,429.12,3.65,-1.5
2023-01-12,272.76,285.7,271.95,278.55,223479,0.0307504440497334,6.7365,3163.449951171875,0.0005091539219252,0.2858993580648702,0.3474319700776589,3983.169921875,18.829999923706055,123.55999755859375,84.02999877929688,4.185999870300293,3163.449951171875,434.76,3.65,0.7
2023-01-13,278.66,281.18,276.25,279.83,128411,0.0045952252737389,6.701,3195.31005859375,0.0100713170474129,0.2792112355011412,0.3459662762177325,3999.090087890625,18.350000381469727,122.4000015258789,85.27999877929688,4.207499980926514,3195.31005859375,440.76,3.65,2.0
2023-01-16,279.83,280.02,273.25,275.05,165000,-0.0170817996640816,6.701,3227.592041015625,0.0101029264233851,0.2864668318662662,0.3473946502118922,3999.090087890625,18.350000381469727,122.4000015258789,85.27999877929688,4.207499980926514,3227.592041015625,447.89,3.65,-5.4
2023-01-17,275.06,275.75,270.18,271.24,111666,-0.0138520269041992,6.7723,3224.239990234375,-0.0010385608647724,0.2858351287741192,0.338271865221601,3990.969970703125,19.360000610351562,131.49000549316406,85.91999816894531,4.215000152587891,3224.239990234375,446.87,3.65,-2.9
2023-01-18,271.1,273.75,267.74,270.25,86108,-0.0036499041439316,6.7534,3224.409912109375,5.270137319635104e-05,0.277457677473497,0.3379971745094061,3928.860107421875,20.34000015258789,128.77999877929688,84.9800033569336,4.228499889373779,3224.409912109375,449.76,3.65,-3.8
2023-01-19,269.13,272.1,267.77,271.75,81239,0.0055504162812209,6.7738,3240.280029296875,0.0049218671385109,0.2772542725757743,0.3381218772015814,3898.85009765625,20.520000457763672,127.16999816894531,86.16000366210938,4.226500034332275,3240.280029296875,448.03,3.65,-2.7
2023-01-20,272.25,273.13,268.27,271.32,104649,-0.0015823367065317,6.7825,3264.81005859375,0.0075703424009923,0.2759549682251581,0.3372304227125074,3972.610107421875,19.850000381469727,133.4199981689453,87.62999725341797,4.248499870300293,3264.81005859375,453.26,3.65,-5.8
2023-01-30,286.25,289.25,282.25,283.24,281854,0.0439333628188118,6.7501,3269.320068359375,0.0013814003524503,0.2910241573108953,0.3245491725047568,4017.77001953125,19.940000534057617,166.66000366210938,84.9000015258789,4.203499794006348,3269.320068359375,471.91,3.65,-1.2
2023-01-31,286.25,290.05,281.64,287.05,187110,0.0134514899025561,6.754,3255.669921875,-0.0041752248782497,0.2627909891874813,0.3210530256054743,4076.60009765625,19.399999618530273,173.22000122070312,84.48999786376953,4.228499889373779,3255.669921875,466.46,3.65,2.8
2023-02-01,289.23,305.58,287.39,305.58,272987,0.0645532137258315,6.7406,3284.919921875,0.0089843260225699,0.3373521222823944,0.3237982288011599,4119.2099609375,17.8700008392334,181.41000366210938,82.83999633789062,4.111000061035156,3284.919921875,478.06,3.65,-1.3
2023-02-02,307.12,307.38,301.21,303.87,148030,-0.0055959159630865,6.7266,3285.669921875,0.0002283160679217,0.3137885259530507,0.3217527095796707,4179.759765625,18.729999542236328,188.27000427246094,82.16999816894531,4.093999862670898,3285.669921875,467.36,3.65,-2.7
2023-02-03,301.2,301.2,294.05,296.25,152948,-0.0250765129825254,6.7733,3263.409912109375,-0.0067748770554901,0.3351947051000714,0.3265892336804869,4136.47998046875,18.329999923706055,189.97999572753906,79.94000244140625,4.063000202178955,3263.409912109375,457.46,3.65,-2.1
2023-02-06,292.94,292.94,288.86,291.23,100447,-0.0169451476793248,6.7918,3238.699951171875,-0.0075718226036545,0.3461978515588814,0.3158638778867454,4111.080078125,19.43000030517578,194.75999450683594,80.98999786376953,4.043499946594238,3238.699951171875,451.86,3.65,0.3
2023-02-07,293.24,293.73,288.85,290.25,76835,-0.0033650379425197,6.791,3248.090087890625,0.0028993537099206,0.346663124755639,0.3157778601768718,4164.0,18.65999984741211,196.80999755859375,83.69000244140625,4.088500022888184,3248.090087890625,449.36,3.65,-1.7
2023-02-08,290.25,290.25,284.05,286.91,92901,-0.011507321274763,6.789,3232.110107421875,-0.0049198082677343,0.3499018296955742,0.316175069066072,4117.85986328125,19.6299991607666,201.2899932861328,85.08999633789062,4.043499946594238,3232.110107421875,448.47,3.65,-0.2
2023-02-09,285.25,290.07,283.55,289.58,90649,0.0093060541633263,6.7782,3270.3798828125,0.0118404924704595,0.3439554106828891,0.3122434394774522,4081.5,20.709999084472656,207.32000732421875,84.5,4.105500221252441,3270.3798828125,454.25,3.65,-0.8
2023-02-10,287.13,287.15,281.25,283.11,129708,-0.0223427032253608,6.8106,3260.669921875,-0.0029690620923064,0.3568349598449223,0.3071981194108256,4090.4599609375,20.530000686645508,196.88999938964844,86.38999938964844,4.027500152587891,3260.669921875,447.21,3.65,-0.9
2023-02-13,280.26,284.54,278.31,283.57,93461,0.0016248101444666,6.8198,3284.159912109375,0.0072040380649347,0.3532673504698532,0.300262300661969,4137.2900390625,20.34000015258789,194.63999938964844,86.61000061035156,4.086999893188477,3284.159912109375,461.26,3.65,0.1
2023-02-14,285.25,285.75,280.35,283.22,73644,-0.0012342631449023,6.8255,3293.280029296875,0.0027770015564321,0.3522175209415996,0.2975338110799223,4136.1298828125,18.90999984741211,209.25,85.58000183105469,4.110000133514404,3293.280029296875,452.31,3.65,-0.2
2023-02-15,284.25,285.15,279.81,280.25,90832,-0.0104865475602006,6.851,3280.489990234375,-0.0038836779589711,0.3546269370400305,0.2976233333663565,4147.60009765625,18.229999542236328,214.24000549316406,85.37999725341797,4.052000045776367,3280.489990234375,449.86,3.65,-1.4
2023-02-16,281.25,283.04,276.1,278.27,103348,-0.0070651204281891,6.859,3249.030029296875,-0.0095900188786286,0.3391034148426738,0.2942468747564288,4090.409912109375,20.170000076293945,202.0399932861328,85.13999938964844,4.165500164031982,3249.030029296875,444.46,3.65,-0.4
2023-02-17,277.74,279.35,272.53,272.91,100997,-0.0192618679699571,6.8661,3224.02001953125,-0.0076976850137139,0.3454804032146849,0.2952426221761928,4079.090087890625,20.020000457763672,208.30999755859375,83.0,4.113999843597412,3224.02001953125,421.45,3.65,0.6
2023-02-20,272.84,274.55,268.25,274.05,130701,0.0041772012751455,6.8661,3290.340087890625,0.020570613072377,0.3405877342458216,0.2945561832825956,4079.090087890625,20.020000457763672,208.30999755859375,83.0,4.113999843597412,3290.340087890625,421.73,3.65,-0.1
2023-02-21,273.25,277.81,271.53,276.0,113690,0.0071154898741105,6.87,3306.52001953125,0.0049174040398352,0.3373684696912483,0.2947174584684322,3997.340087890625,22.8700008392334,197.3699951171875,83.05000305175781,4.234499931335449,3306.52001953125,416.27,3.65,-0.8
2023-02-22,273.15,273.87,270.15,271.67,85088,-0.0156884057971014,6.8908,3291.14990234375,-0.0046484270764157,0.3422776205706792,0.2949968187967137,3991.050048828125,22.290000915527344,200.86000061035156,80.5999984741211,4.202499866485596,3291.14990234375,410.73,3.65,1.1
2023-02-23,271.15,272.92,269.75,271.69,100358,7.361872860456309e-05,6.9075,3287.47998046875,-0.0011150880342418,0.3417528343784061,0.294960461707094,4012.320068359375,21.139999389648438,202.07000732421875,82.20999908447266,4.072999954223633,3287.47998046875,414.49,3.65,3.0
2023-02-24,270.27,271.13,268.25,268.83,66868,-0.0105267032279436,6.9545,3267.159912109375,-0.006181047026932,0.3438413842020378,0.2953007063234853,3970.0400390625,21.670000076293945,196.8800048828125,83.16000366210938,3.9549999237060547,3267.159912109375,406.66,3.65,1.7
2023-02-27,266.25,267.14,259.25,261.06,169704,-0.0289030242160472,6.945,3258.030029296875,-0.0027944401431534,0.3157836464293789,0.299353725346813,3982.239990234375,20.950000762939453,207.6300048828125,82.44999694824219,4.008999824523926,3258.030029296875,402.36,3.65,3.9
2023-02-28,262.25,263.25,258.82,262.05,120330,0.0037922316708802,6.9325,3279.610107421875,0.0066236584472665,0.3105686971655184,0.2993965207976168,3970.14990234375,20.700000762939453,205.7100067138672,83.88999938964844,4.097499847412109,3279.610107421875,405.16,3.65,6.6
2023-03-01,262.0,267.79,259.01,266.75,143658,0.0179355084907459,6.8656,3312.35009765625,0.0099828910028918,0.1964889878503665,0.3004049456192064,3951.389892578125,20.579999923706055,202.77000427246094,84.30999755859375,4.168000221252441,3312.35009765625,413.04,3.65,3.6
2023-03-02,267.37,269.38,263.25,264.96,114905,-0.0067104029990628,6.9122,3310.64990234375,-0.0005132897376104,0.1964458480465405,0.2866680876296393,3981.35009765625,19.59000015258789,190.89999389648438,84.75,4.084000110626221,3310.64990234375,402.06,3.65,4.9
2023-03-03,266.24,266.48,263.33,265.04,63982,0.0003019323671498,6.9048,3328.389892578125,0.0053584615582022,0.1853963754644111,0.2811099971993148,4045.639892578125,18.489999771118164,197.7899932861328,85.83000183105469,4.078000068664551,3328.389892578125,403.58,3.65,7.8
2023-03-06,265.25,265.88,259.25,265.52,112124,0.0018110473890731,6.9295,3322.030029296875,-0.0019107927516038,0.1819419512697871,0.2788683081018944,4048.419921875,18.610000610351562,193.80999755859375,86.18000030517578,4.100500106811523,3322.030029296875,409.68,3.65,9.9
2023-03-07,265.43,268.24,261.75,261.93,105933,-0.0135206387466103,6.9605,3285.10009765625,-0.0111166760429439,0.1846179803193859,0.280122436582202,3986.3701171875,19.59000015258789,187.7100067138672,83.29000091552734,3.9865000247955322,3285.10009765625,403.46,3.65,10.7
2023-03-08,259.75,261.04,256.25,258.24,120898,-0.0140877333638758,6.9496,3283.25,-0.0005631784728781,0.1860357996408936,0.2795537929317358,3992.010009765625,19.110000610351562,182.0,82.66000366210938,4.041500091552734,3283.25,398.99,3.65,12.4
2023-03-09,257.75,261.08,255.26,257.32,96731,-0.0035625774473359,6.963,3276.090087890625,-0.0021807392398919,0.1781837547924945,0.2753358608387826,3918.320068359375,22.610000610351562,172.9199981689453,81.58999633789062,4.054500102996826,3276.090087890625,398.27,3.65,10.5
2023-03-10,253.25,254.25,243.55,244.39,283464,-0.0502487175501321,6.9025,3230.080078125,-0.0140441833195281,0.2319194253144408,0.2931795877147191,3861.590087890625,24.799999237060547,173.44000244140625,82.77999877929688,4.045499801635742,3230.080078125,407.05,3.65,14.8
2023-03-13,242.97,244.2,238.25,241.74,167343,-0.0108433241949342,6.8455,3268.699951171875,0.0119563206214048,0.2298238616971678,0.2936720939191692,3855.760009765625,26.520000457763672,174.47999572753906,80.7699966430664,4.069499969482422,3268.699951171875,393.26,3.65,4.2
2023-03-14,241.25,243.75,234.28,241.23,198568,-0.0021097046413502,6.868,3245.31005859375,-0.007155717235453,0.2295105888966797,0.2919068136317939,3919.2900390625,23.729999542236328,183.25999450683594,77.44999694824219,4.010499954223633,3245.31005859375,388.49,3.65,9.5
2023-03-15,242.75,243.73,238.66,239.87,120715,-0.0056377730796335,6.9005,3263.31005859375,0.0055464654147097,0.229428476110233,0.291996014328951,3891.929931640625,26.139999389648438,180.4499969482422,73.69000244140625,3.8564999103546143,3263.31005859375,389.26,3.65,5.0
2023-03-16,236.25,240.87,235.25,236.04,118370,-0.0159669821153125,6.8965,3226.889892578125,-0.0111604981940697,0.231296917441901,0.2926141147514993,3960.280029296875,22.989999771118164,184.1300048828125,74.69999694824219,3.885499954223633,3226.889892578125,386.37,3.65,3.8
2023-03-17,238.03,242.23,236.78,239.16,135003,0.0132180986273513,6.887,3250.550048828125,0.0073321858004571,0.2390979771894331,0.291113037311705,3916.639892578125,25.510000228881836,180.1300048828125,72.97000122070312,3.9135000705718994,3250.550048828125,377.24,3.65,4.7
2023-03-20,239.16,240.61,235.85,236.82,86323,-0.0097842448569994,6.877,3234.909912109375,-0.0048115354274851,0.2359683634356693,0.2915342581431056,3951.570068359375,24.149999618530273,183.25,73.79000091552734,3.9755001068115234,3234.909912109375,381.21,3.65,9.3
2023-03-21,238.14,240.76,236.04,240.76,108873,0.0166371083523351,6.883,3255.64990234375,0.0064113038068658,0.2458267822466931,0.2928218253438615,4002.8701171875,21.3799991607666,197.5800018310547,75.31999969482422,4.018499851226807,3255.64990234375,395.04,3.65,11.9
2023-03-22,243.45,248.83,243.33,244.45,155339,0.0153264661903971,6.8802,3265.75,0.0031023291690481,0.2552426249240107,0.2927413927946248,3936.969970703125,22.260000228881836,191.14999389648438,76.69000244140625,4.06850004196167,3265.75,400.46,3.65,11.4
2023-03-23,244.24,246.75,240.75,246.74,97461,0.0093679689097976,6.8188,3286.64990234375,0.0063997251301386,0.2598513238528727,0.2934832184146355,3948.719970703125,22.610000610351562,192.22000122070312,75.91000366210938,4.145999908447266,3286.64990234375,399.64,3.65,8.4
2023-03-24,246.75,248.88,244.74,247.27,81018,0.0021480100510657,6.8675,3265.64990234375,-0.0063894849235461,0.2599608647750147,0.2933346323139444,3970.989990234375,21.739999771118164,190.41000366210938,74.98999786376953,4.101500034332275,3265.64990234375,394.84,3.65,6.4
2023-03-27,247.24,247.24,241.55,244.9,92495,-0.0095846645367412,6.8834,3251.39990234375,-0.0043636030885529,0.2440122339785169,0.2888341546109154,3977.530029296875,20.600000381469727,191.80999755859375,78.12000274658203,4.104499816894531,3251.39990234375,397.76,3.65,11.3
2023-03-28,245.75,246.92,243.65,246.26,81845,0.0055532870559411,6.8725,3245.3798828125,-0.0018515161813563,0.2447486217913143,0.2763610816916999,3971.27001953125,19.969999313354492,189.19000244140625,78.6500015258789,4.111999988555908,3245.3798828125,393.86,3.65,11.6
2023-03-29,247.8,251.5,247.8,248.95,144303,0.0109234142775926,6.8862,3240.06005859375,-0.0016391992342479,0.2379696833143146,0.2774368253014787,4027.81005859375,19.1200008392334,193.8800048828125,78.27999877929688,4.114999771118164,3240.06005859375,401.44,3.65,16.0
2023-03-30,251.25,258.45,251.25,258.45,209267,0.0381602731472183,6.87,3261.25,0.0065399841432096,0.2792573609560552,0.2825954258122953,4050.830078125,19.020000457763672,195.27999877929688,79.2699966430664,4.0904998779296875,3261.25,401.37,3.65,16.5
2023-03-31,260.22,262.11,256.25,257.27,167008,-0.0045656800154768,6.8676,3272.860107421875,0.0035600176073207,0.2794688712984736,0.2827722114163337,4109.31005859375,18.700000762939453,207.4600067138672,79.7699966430664,4.104499816894531,3272.860107421875,407.31,3.65,16.6
2023-04-03,257.25,259.49,253.51,257.17,133691,-0.0003886966999648,6.8776,3296.39990234375,0.0071924231862199,0.279249083909099,0.2822320290128401,4124.509765625,18.549999237060547,194.77000427246094,84.93000030517578,4.059500217437744,3296.39990234375,399.97,3.65,14.4
2023-04-04,257.06,257.06,249.24,252.17,137744,-0.0194423921919354,6.878,3312.56005859375,0.0049023652253206,0.2834047406443609,0.2835963705066616,4100.60009765625,19.0,192.5800018310547,84.94000244140625,3.9835000038146973,3312.56005859375,389.26,3.65,9.9
2023-04-06,249.25,252.13,246.93,251.25,81942,-0.0036483324741245,6.875,3312.6298828125,2.1078627259640825e-05,0.2797736679340655,0.2834982665542958,4105.02001953125,18.399999618530273,185.05999755859375,85.12000274658203,4.026000022888184,3312.6298828125,389.28,3.65,12.4
2023-04-07,251.3,253.38,249.58,250.53,68723,-0.002865671641791,6.875,3327.64990234375,0.0045341677345787,0.2797072825515629,0.2793007928558416,4105.02001953125,18.399999618530273,185.05999755859375,85.12000274658203,4.026000022888184,3327.64990234375,391.77,3.65,10.0
2023-04-10,250.53,252.45,247.25,252.25,98058,0.0068654452560572,6.8807,3315.360107421875,-0.0036932355513779,0.212152529146512,0.2795602550950226,4109.10986328125,18.969999313354492,184.50999450683594,84.18000030517578,3.9865000247955322,3315.360107421875,403.27,3.65,18.3
2023-04-11,253.4,255.74,249.85,251.08,87455,-0.0046382556987115,6.8866,3313.570068359375,-0.0005399229659827,0.2084093961192804,0.2789444988581608,4108.93994140625,19.100000381469727,186.7899932861328,85.61000061035156,4.024499893188477,3313.570068359375,401.21,3.65,13.4
2023-04-12,250.05,250.05,244.58,244.65,112330,-0.0256093675322606,6.873,3327.179931640625,0.0041073111479392,0.2300890596515154,0.2822191070136362,4091.949951171875,19.09000015258789,180.5399932861328,87.33000183105469,4.084499835968018,3327.179931640625,393.27,3.65,14.0
2023-04-13,241.83,244.25,239.02,244.07,80965,-0.0023707337012058,6.8677,3318.360107421875,-0.0026508407720531,0.2291664323747518,0.2814044680651998,4146.22021484375,17.799999237060547,185.89999389648438,86.08999633789062,4.124000072479248,3318.360107421875,389.52,3.65,17.1
2023-04-14,244.65,248.72,244.24,247.31,105506,0.0132748801573319,6.869,3338.14990234375,0.0059637273476176,0.2239558071286201,0.275045966684583,4137.64013671875,17.06999969482422,185.0,86.30999755859375,4.107500076293945,3338.14990234375,398.55,3.65,16.9
2023-04-17,246.25,250.93,245.46,250.69,90394,0.0136670575391208,6.8786,3385.610107421875,0.0142175176269954,0.2242481547420575,0.2765758244661767,4151.31982421875,16.950000762939453,187.0399932861328,84.76000213623047,4.065999984741211,3385.610107421875,409.14,3.65,15.8
2023-04-18,251.65,253.43,249.69,250.25,78432,-0.0017551557700745,6.8755,3393.330078125,0.0022802302858799,0.2202125305523775,0.2747083813816983,4154.8701171875,16.829999923706055,184.30999755859375,84.7699966430664,4.0894999504089355,3393.330078125,410.26,3.65,18.1
2023-04-19,250.25,254.45,247.34,252.1,111927,0.0073926073926073,6.8851,3370.1298828125,-0.0068369992834057,0.2149188885489423,0.2740538601510612,4154.52001953125,16.459999084472656,180.58999633789062,83.12000274658203,4.072000026702881,3370.1298828125,411.63,3.65,18.6
2023-04-20,251.18,251.18,246.25,246.27,100308,-0.0231257437524791,6.8725,3367.030029296875,-0.0009198023884581,0.2272125395541616,0.2777179268538567,4129.7900390625,17.170000076293945,162.99000549316406,81.0999984741211,4.021999835968018,3367.030029296875,397.26,3.65,17.6
2023-04-21,245.75,250.2,244.25,244.25,104052,-0.0082023795021725,6.892,3301.260009765625,-0.0195335411205063,0.2266434777494047,0.2776784269143628,4133.52001953125,16.770000457763672,165.0800018310547,81.66000366210938,3.9800000190734863,3301.260009765625,406.25,3.65,11.5
2023-04-24,245.35,259.85,244.43,254.74,267017,0.0429477993858751,6.8958,3275.409912109375,-0.0078303731241349,0.2740631693161299,0.2923195866039089,4137.0400390625,16.889999389648438,162.5500030517578,82.7300033569336,3.953000068664551,3275.409912109375,398.14,3.65,11.8
2023-04-25,252.25,253.05,243.45,245.55,187419,-0.0360759990578629,6.932,3264.8701171875,-0.0032178552317707,0.3030404156239858,0.2858407387809899,4071.6298828125,18.760000228881836,160.6699981689453,80.7699966430664,3.8459999561309814,3264.8701171875,387.16,3.65,13.8
2023-04-26,244.25,255.79,242.25,252.25,174492,0.0272856851964975,6.9261,3264.10009765625,-0.000235849973693,0.3175060271409632,0.29044894919614,4055.989990234375,18.84000015258789,153.75,77.69000244140625,3.8499999046325684,3264.10009765625,407.88,3.65,13.3
2023-04-27,251.25,260.24,250.8,260.17,242464,0.0313974231912785,6.922,3285.8798828125,0.0066725236679747,0.3335695212474366,0.2648230502807289,4135.35009765625,17.030000686645508,160.19000244140625,78.37000274658203,3.864500045776367,3285.8798828125,419.58,3.65,15.4
2023-04-28,262.72,264.22,255.25,257.11,191945,-0.0117615405311911,6.911,3323.27001953125,0.0113790333342149,0.3087636411072667,0.2654276313555644,4169.47998046875,15.779999732971191,164.30999755859375,79.54000091552734,3.869999885559082,3323.27001953125,419.31,3.65,16.1
2023-05-04,256.25,258.86,252.65,253.77,118124,-0.0129905487923457,6.9094,3350.4599609375,0.0081816828745335,0.3118197624550162,0.262200818810719,4061.219970703125,20.09000015258789,161.1999969482422,72.5,3.8499999046325684,3350.4599609375,409.71,3.65,17.0
2023-05-05,253.8,255.05,249.2,251.32,102440,-0.0096544114749577,6.9101,3334.5,-0.0047635134051965,0.3135050582301197,0.2609008641619221,4136.25,17.190000534057617,170.05999755859375,75.30000305175781,3.871500015258789,3334.5,412.38,3.65,17.7
2023-05-08,254.25,260.35,253.77,255.28,121626,0.0157568040744866,6.9125,3395.0,0.018143649722597,0.3108771927447998,0.2635039776089938,4138.1201171875,16.979999542236328,171.7899932861328,77.01000213623047,3.9179999828338623,3395.0,419.23,3.65,20.2
2023-05-09,251.29,254.61,250.25,251.36,89885,-0.0153556878721403,6.9201,3357.669921875,-0.0109956047496317,0.3158343561119481,0.2642139937035271,4119.169921875,17.709999084472656,169.14999389648438,77.44000244140625,3.8889999389648438,3357.669921875,410.27,3.65,20.4
2023-05-10,252.25,263.43,250.45,261.04,253691,0.0385105028644174,6.9321,3319.14990234375,-0.0114722472510756,0.3434350550717669,0.2760946262976811,4137.64013671875,16.940000534057617,168.5399932861328,76.41000366210938,3.828000068664551,3319.14990234375,422.31,3.65,21.5
2023-05-11,262.02,271.05,259.93,265.0,214237,0.0151700888752681,6.948,3309.550048828125,-0.0028922627172838,0.3461606795453069,0.2747451379419357,4130.6201171875,16.93000030517578,172.0800018310547,74.9800033569336,3.697499990463257,3309.550048828125,436.5,3.65,21.8
2023-05-12,267.25,269.5,260.77,261.35,104574,-0.0137735849056602,6.9575,3272.360107421875,-0.0112371593895123,0.3502218362745136,0.2759375740275795,4124.080078125,17.030000686645508,167.97999572753906,74.16999816894531,3.7165000438690186,3272.360107421875,432.14,3.65,19.9
2023-05-15,261.35,267.8,259.95,266.15,136926,0.0183661756265542,6.952,3310.739990234375,0.0117285022285451,0.3384368473828281,0.2788388953617658,4136.27978515625,17.1200008392334,166.35000610351562,75.2300033569336,3.737499952316284,3310.739990234375,432.7,3.65,25.2
2023-05-16,265.64,268.67,264.45,266.38,81639,0.0008641743377795,6.9751,3290.989990234375,-0.0059654337272803,0.3377681731470012,0.2781387496433105,4109.89990234375,17.989999771118164,166.52000427246094,74.91000366210938,3.6545000076293945,3290.989990234375,433.98,3.65,27.5
2023-05-17,266.24,267.05,260.26,262.25,89556,-0.0155041669795029,6.9981,3284.22998046875,-0.0020540961187012,0.3433632172679098,0.2794986822280861,4158.77001953125,16.8700008392334,173.86000061035156,76.95999908447266,3.743000030517578,3284.22998046875,435.78,3.65,22.6
2023-05-18,263.55,265.13,257.81,260.33,100697,-0.0073212583412775,7.0355,3297.320068359375,0.0039857403313627,0.3429254312286518,0.2771981642749612,4198.0498046875,16.049999237060547,176.88999938964844,75.86000061035156,3.68149995803833,3297.320068359375,422.1,3.65,20.9
2023-05-19,259.43,262.17,257.55,260.43,60106,0.0003841278377445,7.006,3283.5400390625,-0.0041791603517978,0.3426897451198129,0.2770257744289071,4191.97998046875,16.809999465942383,180.13999938964844,75.58000183105469,3.7225000858306885,3283.5400390625,417.78,3.65,19.1
2023-05-22,262.17,267.25,258.33,266.35,120165,0.0227316361402296,7.0351,3296.469970703125,0.0039378023373568,0.350010519289552,0.2807312525847781,4192.6298828125,17.209999084472656,188.8699951171875,75.98999786376953,3.6740000247955322,3296.469970703125,418.32,3.65,22.2
2023-05-23,266.29,268.13,264.18,264.18,90619,-0.0081471747700394,7.049,3246.239990234375,-0.015237505851763,0.3390586908201792,0.2794039132244683,4145.580078125,18.530000686645508,185.77000427246094,76.83999633789062,3.6414999961853027,3246.239990234375,409.53,3.65,22.7
2023-05-24,262.85,266.25,260.77,263.16,68093,-0.0038610038610037,7.0585,3204.75,-0.0127809374412208,0.3373780881551184,0.2794969606230427,4115.240234375,20.030000686645508,182.89999389648438,78.36000061035156,3.553499937057495,3204.75,409.23,3.65,23.2
2023-05-25,263.21,265.1,256.39,256.85,132079,-0.0239778081775345,7.0775,3201.260009765625,-0.0010890054557687,0.3178438238303212,0.2829212855448898,4151.27978515625,19.139999389648438,184.47000122070312,76.26000213623047,3.5804998874664307,3201.260009765625,407.14,3.65,22.1
2023-05-26,254.25,254.25,244.05,248.24,185813,-0.033521510609305,7.063,3212.5,0.0035111144362178,0.3140406993797984,0.2850448049691757,4205.4501953125,17.950000762939453,193.1699981689453,76.94999694824219,3.6735000610351562,3212.5,399.78,3.65,22.7
2023-05-29,251.25,251.8,243.25,246.18,124723,-0.0082984208830164,7.063,3221.449951171875,0.0027859770184825,0.2991815959974518,0.285311350519522,4205.4501953125,17.950000762939453,193.1699981689453,76.94999694824219,3.6735000610351562,3221.449951171875,394.48,3.65,25.0
2023-05-30,247.2,256.25,247.08,253.45,166881,0.0295312373060361,7.0792,3224.2099609375,0.0008567600948203,0.2965590952990267,0.2895362896619897,4205.52001953125,17.459999084472656,201.16000366210938,73.54000091552734,3.6579999923706055,3224.2099609375,408.76,3.65,22.1
2023-05-31,253.45,256.15,250.9,254.91,118381,0.005760505030578,7.11,3204.56005859375,-0.0060944859614652,0.294754389324273,0.2895564845479809,4179.830078125,17.940000534057617,203.92999267578125,72.66000366210938,3.63100004196167,3204.56005859375,401.88,3.65,20.9
2023-06-01,254.91,259.13,254.48,256.7,86736,0.0070220862265113,7.0934,3204.6298828125,2.1789018608942e-05,0.2918421172069524,0.2899613170990955,4221.02001953125,15.649999618530273,207.52000427246094,74.27999877929688,3.7065000534057617,3204.6298828125,405.0,3.65,24.3
2023-06-02,259.13,260.84,256.85,260.31,110680,0.0140631086871836,7.0827,3230.070068359375,0.0079385721525344,0.2927862042935202,0.2914381349064891,4282.3701171875,14.600000381469727,213.97000122070312,76.12999725341797,3.7225000858306885,3230.070068359375,414.97,3.65,24.9
2023-06-05,260.25,260.31,252.92,259.57,104795,-0.0028427643962967,7.105,3232.43994140625,0.0007336909097079,0.2885409431784411,0.290166839764768,4273.7900390625,14.729999542236328,217.61000061035156,76.70999908447266,3.762500047683716,3232.43994140625,399.42,3.65,27.9
2023-06-06,259.2,266.25,257.43,262.13,128981,0.0098624648457064,7.119,3195.340087890625,-0.0114773527700826,0.2834334877720406,0.2893458136372716,4283.85009765625,13.960000038146973,221.30999755859375,76.29000091552734,3.7669999599456787,3195.340087890625,398.48,3.65,29.1
2023-06-07,263.25,264.69,256.75,257.8,100490,-0.016518521344371,7.1287,3197.760009765625,0.0007573284246553,0.2560489050871772,0.2913175943888924,4267.52001953125,13.9399995803833,224.57000732421875,76.94999694824219,3.754499912261963,3197.760009765625,376.92,3.65,30.3
2023-06-08,257.44,260.09,255.72,256.25,64454,-0.0060124127230412,7.1109,3213.590087890625,0.004950364654213,0.2498187715272496,0.2720703654716105,4293.93017578125,13.649999618530273,234.86000061035156,75.95999908447266,3.7964999675750732,3213.590087890625,378.19,3.65,28.2
2023-06-09,260.05,260.35,253.75,259.25,107484,0.0117073170731707,7.1273,3231.409912109375,0.0055451453767854,0.2496692400754262,0.271826053372124,4298.85986328125,13.829999923706055,244.39999389648438,74.79000091552734,3.7890000343322754,3231.409912109375,385.45,3.65,27.2
2023-06-12,257.75,264.25,256.75,261.76,102891,0.0096817743490837,7.1437,3228.830078125,-0.0007983617227599,0.2428750393888337,0.2722662997051319,4338.93017578125,15.010000228881836,249.8300018310547,71.83999633789062,3.750499963760376,3228.830078125,385.29,3.65,24.4
2023-06-13,261.75,263.25,258.38,262.47,81511,0.0027124083129586,7.1585,3233.669921875,0.0014989465635832,0.2431233940094232,0.2718679823854187,4369.009765625,14.609999656677246,258.7099914550781,74.29000091552734,3.8285000324249268,3233.669921875,387.36,3.65,26.7
2023-06-14,263.93,266.64,262.75,264.25,125776,0.0067817274355164,7.148,3228.989990234375,-0.0014472508801737,0.2378493982278915,0.2695610038743246,4372.58984375,13.880000114440918,256.7900085449219,73.19999694824219,3.865999937057495,3228.989990234375,387.9,3.65,27.9
2023-06-15,264.75,276.26,264.54,273.13,243961,0.03360454115421,7.13,3252.97998046875,0.0074295647576887,0.2630584492214661,0.2763295561206727,4425.83984375,14.5,255.89999389648438,75.66999816894531,3.8965001106262207,3252.97998046875,419.36,3.65,29.4
2023-06-16,275.11,277.11,271.25,272.33,152297,-0.0029290081646102,7.125,3273.330078125,0.00625583243009,0.2636795879597837,0.2753978557527861,4409.58984375,13.539999961853027,260.5400085449219,76.61000061035156,3.884500026702881,3273.330078125,419.76,3.65,31.4
2023-06-19,272.33,276.24,269.13,270.46,123565,-0.006866669114677,7.125,3255.81005859375,-0.005352353448353,0.2541194770711704,0.2744475443665735,4409.58984375,13.539999961853027,260.5400085449219,76.61000061035156,3.884500026702881,3255.81005859375,413.96,3.65,24.4
2023-06-20,270.26,270.45,266.15,269.5,102366,-0.0035495082452118,7.1811,3240.360107421875,-0.004745347822455,0.2524701595519941,0.2732820811537297,4388.7099609375,13.880000114440918,274.45001220703125,75.9000015258789,3.878499984741211,3240.360107421875,414.18,3.55,26.2
2023-06-21,268.26,274.53,267.5,269.03,107812,-0.0017439703153989,7.1779,3197.89990234375,-0.0131035451834109,0.2520279259877566,0.2729115041406154,4365.68994140625,13.199999809265137,259.4599914550781,77.12000274658203,3.9110000133514404,3197.89990234375,408.61,3.55,30.1
2023-06-26,263.68,269.94,263.55,264.14,101512,-0.0181764115526148,7.2364,3150.6201171875,-0.014784635729717,0.2450794743594837,0.2758953465827788,4328.81982421875,14.25,241.0500030517578,74.18000030517578,3.7864999771118164,3150.6201171875,409.08,3.55,26.5
2023-06-27,263.27,265.1,258.33,261.3,99029,-0.0107518740062086,7.2193,3189.43994140625,0.0123213281115603,0.2131562895788435,0.2761013891535243,4378.41015625,13.739999771118164,250.2100067138672,72.26000213623047,3.7815001010894775,3189.43994140625,406.02,3.55,30.3
2023-06-28,261.25,263.75,259.35,261.5,57270,0.0007654037504782,7.2436,3189.3798828125,-1.883045138117989e-05,0.2093751440783358,0.2759554108781933,4376.85986328125,13.430000305175781,256.239990234375,74.02999877929688,3.7204999923706055,3189.3798828125,407.88,3.55,27.9
2023-06-29,261.5,262.03,256.48,256.95,83485,-0.0173996175908222,7.2515,3182.3798828125,-0.0021947840198411,0.1967015796715684,0.2777692222889661,4396.43994140625,13.539999961853027,257.5,74.33999633789062,3.677500009536743,3182.3798828125,404.28,3.55,28.5
2023-06-30,255.38,261.25,254.95,259.52,75724,0.0100019459038722,7.2513,3202.06005859375,0.0061841063939409,0.1986981492415775,0.2673381793659746,4450.3798828125,13.59000015258789,261.7699890136719,74.9000015258789,3.740999937057495,3202.06005859375,415.6,3.55,31.3
2023-07-03,260.13,270.52,260.13,268.73,162565,0.0354885943279903,7.24,3243.97998046875,0.0130915476624164,0.2329395014678586,0.276721329586867,4455.58984375,13.569999694824219,279.82000732421875,74.6500015258789,3.7790000438690186,3243.97998046875,417.56,3.55,29.7
2023-07-04,269.75,276.25,267.76,272.75,157120,0.0149592527816022,7.24,3245.35009765625,0.0004223568566232,0.2335558239336816,0.2782055476991862,4455.58984375,13.569999694824219,279.82000732421875,74.6500015258789,3.7790000438690186,3245.35009765625,416.43,3.55,26.1
2023-07-05,272.76,273.73,266.94,268.25,93033,-0.0164986251145737,7.2465,3222.949951171875,-0.0069022280525457,0.2425101460063441,0.2773398039709902,4446.81982421875,14.180000305175781,282.4800109863281,76.6500015258789,3.753499984741211,3222.949951171875,413.29,3.55,30.1
2023-07-06,268.25,273.25,268.05,269.35,83712,0.0041006523765145,7.25,3205.570068359375,-0.005392538846649,0.2408121122645683,0.2772182238782426,4411.58984375,15.4399995803833,276.5400085449219,76.5199966430664,3.7200000286102295,3205.570068359375,408.51,3.55,32.3
2023-07-07,268.25,268.91,265.36,265.65,62192,-0.0137367737144979,7.2205,3196.610107421875,-0.0027951224732035,0.2382451848178552,0.2788081983187853,4398.9501953125,14.829999923706055,274.42999267578125,78.47000122070312,3.7669999599456787,3196.610107421875,403.83,3.55,31.1
2023-07-10,268.25,270.75,264.0,264.8,68878,-0.0031996988518726,7.2315,3203.699951171875,0.0022179257124723,0.237259276685081,0.2786865693730384,4409.52978515625,15.069999694824219,269.6099853515625,77.69000244140625,3.7715001106262207,3203.699951171875,415.62,3.55,32.4
2023-07-11,266.25,271.94,265.05,270.58,102405,0.0218277945619334,7.209,3221.3701171875,0.0055155496098071,0.2454715672524381,0.2816777437443457,4439.259765625,14.84000015258789,269.7900085449219,79.4000015258789,3.753499984741211,3221.3701171875,416.14,3.55,29.9
2023-07-12,271.75,272.4,265.91,266.86,87032,-0.0137482445117893,7.1656,3196.1298828125,-0.0078352481884437,0.2501130888275494,0.2778424717183956,4472.16015625,13.539999961853027,271.989990234375,80.11000061035156,3.8420000076293945,3196.1298828125,412.36,3.55,24.4
2023-07-13,268.75,270.75,266.26,269.08,82753,0.0083189687476579,7.15,3236.47998046875,0.0126246739449595,0.2513863199848375,0.2780537017648922,4510.0400390625,13.609999656677246,277.8999938964844,81.36000061035156,3.929500102996826,3236.47998046875,417.78,3.55,24.5
2023-07-14,269.05,269.05,264.75,265.66,102722,-0.012709974728705,7.1403,3237.699951171875,0.0003769436889728,0.2553040188140694,0.278563477010361,4505.419921875,13.34000015258789,281.3800048828125,79.87000274658203,3.921999931335449,3237.699951171875,414.68,3.55,27.6
2023-07-17,268.25,268.25,263.6,265.74,78927,0.0003011367913874,7.1711,3209.6298828125,-0.0086697559325147,0.2231833911702786,0.2773823198195644,4522.7900390625,13.479999542236328,290.3800048828125,78.5,3.8320000171661377,3209.6298828125,409.95,3.55,28.2
2023-07-18,266.5,268.82,261.75,266.73,98456,0.0037254459245879,7.1786,3197.820068359375,-0.00367949417357,0.223779412191832,0.2773669614730316,4554.97998046875,13.300000190734863,293.3399963378906,79.62999725341797,3.815999984741211,3197.820068359375,409.68,3.55,29.4
2023-07-19,266.74,267.15,263.99,266.08,50250,-0.0024369212312077,7.226,3198.840087890625,0.0003189733973285,0.2227747738036074,0.2771630042284574,4565.72021484375,13.760000228881836,291.260009765625,79.45999908447266,3.799499988555908,3198.840087890625,398.88,3.55,30.1
2023-07-20,266.75,270.75,265.25,266.2,91271,0.0004509921828022,7.1761,3169.52001953125,-0.009165843728909,0.2225540793450426,0.2725529932063256,4534.8701171875,13.989999771118164,262.8999938964844,79.63999938964844,3.817500114440918,3169.52001953125,401.67,3.55,29.3
2023-07-21,265.25,266.05,262.8,265.57,75287,-0.0023666416228399,7.1861,3167.75,-0.0005584503395916,0.2226103521663593,0.2719326940671348,4536.33984375,13.600000381469727,260.0199890136719,81.06999969482422,3.802999973297119,3167.75,402.64,3.55,24.4
2023-07-24,262.26,264.02,258.74,258.75,95950,-0.0256806115148547,7.1855,3164.159912109375,-0.00113332424927,0.231889548870543,0.2635394045179385,4554.64013671875,13.90999984741211,269.05999755859375,82.73999786376953,3.8405001163482666,3164.159912109375,397.94,3.55,27.9
2023-07-25,263.93,268.24,263.9,265.84,173883,0.0274009661835747,7.134,3231.52001953125,0.0212884649616111,0.2493451028329771,0.2580693741538452,4567.4599609375,13.859999656677246,265.2799987792969,83.63999938964844,3.9019999504089355,3231.52001953125,411.21,3.55,27.8
2023-07-26,265.01,265.01,261.85,263.34,65865,-0.0094041528739091,7.1503,3223.030029296875,-0.0026272435829151,0.2520584763957528,0.2532928624042125,4566.75,13.1899995803833,264.3500061035156,82.91999816894531,3.890500068664551,3223.030029296875,411.76,3.55,28.3
2023-07-27,265.75,267.02,262.05,262.88,112651,-0.0017467912204753,7.173,3216.669921875,-0.001973331729479,0.2433126627629528,0.2451936480719153,4537.41015625,14.40999984741211,255.7100067138672,84.23999786376953,3.8635001182556152,3216.669921875,412.34,3.55,27.4
2023-07-28,262.4,270.05,260.62,269.4,173308,0.024802191113816,7.1488,3275.929931640625,0.018422782319885,0.2557266065669424,0.2489395933372895,4582.22998046875,13.329999923706055,266.44000244140625,84.98999786376953,3.9170000553131104,3275.929931640625,417.87,3.55,25.8
2023-07-31,272.4,278.98,272.28,274.4,215060,0.0185597624350408,7.1426,3291.0400390625,0.0046124635560527,0.2323042771395834,0.2498165472083845,4588.9599609375,13.630000114440918,267.42999267578125,85.55999755859375,3.994499921798706,3291.0400390625,431.73,3.55,25.1
2023-08-01,274.16,275.16,268.9,270.9,120340,-0.0127551020408163,7.1775,3290.948974609375,-2.767041787521407e-05,0.2312750745122828,0.2504838146867881,4576.72998046875,13.930000305175781,261.07000732421875,84.91000366210938,3.8935000896453857,3290.948974609375,427.68,3.55,26.1
2023-08-02,273.1,274.4,268.76,270.4,87394,-0.0018456995201181,7.192,3261.68994140625,-0.0088907586926648,0.2233245713472263,0.2487582142269339,4513.39013671875,16.09000015258789,254.11000061035156,83.19999694824219,3.827500104904175,3261.68994140625,429.48,3.55,28.4
2023-08-03,269.68,270.88,267.91,270.63,66170,0.0008505917159764,7.1651,3280.462890625,0.0057555897574543,0.2229258207906477,0.2463908447095467,4501.89013671875,15.920000076293945,259.32000732421875,85.13999938964844,3.875999927520752,3280.462890625,434.23,3.55,29.6
2023-08-04,271.39,272.47,269.05,270.7,88053,0.0002586557292243,7.1709,3288.083984375,0.0023231763333704,0.2166599291684565,0.2339042254300963,4478.02978515625,17.100000381469727,253.86000061035156,86.23999786376953,3.8450000286102295,3288.083984375,445.69,3.55,29.0
2023-08-07,270.33,270.33,267.59,269.39,64204,-0.0048393055042482,7.1895,3268.8310546875,-0.0058553643334507,0.2171620697482752,0.2322100516534546,4518.43994140625,15.770000457763672,251.4499969482422,85.33999633789062,3.812999963760376,3268.8310546875,447.46,3.55,25.8
2023-08-08,267.6,268.9,264.91,265.7,91712,-0.0136976131259511,7.216,3260.6201171875,-0.0025118879999092,0.2082910255783644,0.2321903266652746,4499.3798828125,15.989999771118164,249.6999969482422,86.16999816894531,3.747999906539917,3260.6201171875,448.63,3.55,26.9
2023-08-09,264.4,265.9,262.63,265.3,72499,-0.0015054572826495,7.2085,3244.489990234375,-0.0049469506944704,0.2026766478286187,0.2291673503405931,4467.7099609375,15.960000038146973,242.19000244140625,87.55000305175781,3.7674999237060547,3244.489990234375,448.38,3.55,28.1
2023-08-10,265.4,267.27,263.14,265.1,60016,-0.0007538635506972,7.2165,3254.56005859375,0.0031037446223243,0.2001522252251995,0.2291667509276328,4468.830078125,15.850000381469727,245.33999633789062,86.4000015258789,3.750999927520752,3254.56005859375,447.48,3.55,27.0
2023-08-11,265.09,265.1,261.41,261.65,86125,-0.0130139569973596,7.2367,3189.25,-0.0200672463921189,0.2003975182703616,0.2285020165848728,4464.0498046875,14.84000015258789,242.64999389648438,86.80999755859375,3.7144999504089355,3189.25,438.48,3.55,26.4
2023-08-14,257.4,259.39,245.89,248.22,252890,-0.051328110070705,7.2585,3178.429931640625,-0.003392668608411,0.269063492655765,0.2512427681468452,4489.72021484375,14.819999694824219,239.75999450683594,86.20999908447266,3.7244999408721924,3178.429931640625,423.0,3.55,27.6
2023-08-15,248.22,248.53,244.3,246.94,115021,-0.0051567158166142,7.2817,3176.179931640625,-0.0007078966811889,0.2678467553414504,0.2514000229827804,4437.85986328125,16.459999084472656,232.9600067138672,84.88999938964844,3.6614999771118164,3176.179931640625,420.12,3.55,28.0
2023-08-16,245.68,247.9,244.61,246.6,79979,-0.0013768526767635,7.2985,3150.1298828125,-0.0082016917771623,0.2679400177109309,0.2465859358518848,4404.330078125,16.780000686645508,225.60000610351562,83.44999694824219,3.6514999866485596,3150.1298828125,422.46,3.55,28.9
2023-08-17,245.77,248.74,242.8,248.41,86836,0.0073398215733981,7.291,3163.739990234375,0.0043204908775773,0.2704450846995705,0.2467552992028115,4370.35986328125,17.889999389648438,219.22000122070312,84.12000274658203,3.685499906539917,3163.739990234375,427.23,3.55,27.9
2023-08-18,247.96,247.96,242.4,242.69,98467,-0.0230264482106195,7.28,3131.949951171875,-0.0100482464300566,0.2792847486707444,0.2508279395205335,4369.7099609375,17.299999237060547,215.49000549316406,84.80000305175781,3.6989998817443848,3131.949951171875,428.34,3.55,29.1
2023-08-21,242.2,242.28,236.45,236.81,127879,-0.0242284395731179,7.2865,3092.97998046875,-0.0124427182141092,0.2778573618729399,0.2509255491666319,4399.77001953125,17.1299991607666,231.27999877929688,84.45999908447266,3.7119998931884766,3092.97998046875,423.1,3.45,25.1
2023-08-22,240.37,240.9,233.3,236.94,112116,0.0005489633039144,7.293,3120.330078125,0.0088426364958575,0.2524451986831855,0.241745134066024,4387.5498046875,16.969999313354492,233.19000244140625,84.02999877929688,3.750499963760376,3120.330078125,419.13,3.45,24.4
2023-08-23,236.94,236.94,232.43,232.49,81238,-0.0187811260234658,7.2771,3078.39990234375,-0.0134377372686308,0.2564736572696792,0.2441025610146774,4436.009765625,15.979999542236328,236.86000061035156,83.20999908447266,3.803499937057495,3078.39990234375,413.28,3.45,24.2
2023-08-24,233.41,239.4,233.41,237.3,106811,0.0206890618951351,7.2786,3082.239990234375,0.0012474298377223,0.2733182709824059,0.240043017343657,4376.31005859375,17.200000762939453,230.0399932861328,83.36000061035156,3.7674999237060547,3082.239990234375,415.89,3.45,21.4
2023-08-25,235.68,236.73,233.9,235.0,66775,-0.0096923725242309,7.289,3064.070068359375,-0.0058950380024166,0.2499195076512461,0.2402774792535482,4405.7099609375,15.680000305175781,238.58999633789062,84.4800033569336,3.759999990463257,3064.070068359375,414.79,3.45,22.1
2023-08-28,250.4,250.4,236.65,237.93,133527,0.0124680851063829,7.29,3098.639892578125,0.0112823216987527,0.2425852321196411,0.2413343625305384,4433.31005859375,15.079999923706055,238.82000732421875,84.41999816894531,3.753999948501587,3098.639892578125,418.68,3.45,23.4
2023-08-29,239.21,249.9,239.21,249.11,213223,0.0469886100954062,7.2796,3135.889892578125,0.0120214033548142,0.3077143630884695,0.2589875340649775,4497.6298828125,14.449999809265137,257.17999267578125,85.48999786376953,3.7929999828338623,3135.889892578125,433.08,3.45,22.6
2023-08-30,251.73,253.87,250.24,252.2,152187,0.0124041588053469,7.2839,3137.139892578125,0.0003986109343183,0.3131499870389936,0.2603057238072518,4514.8701171875,13.880000114440918,256.8999938964844,85.86000061035156,3.7850000858306885,3137.139892578125,431.28,3.45,23.1
2023-08-31,252.91,253.39,250.4,251.8,88734,-0.0015860428231561,7.2582,3119.8798828125,-0.0055018298056962,0.3128416963917096,0.2594436468277098,4507.66015625,13.569999694824219,258.0799865722656,86.86000061035156,3.7725000381469727,3119.8798828125,429.57,3.45,22.8
2023-09-01,255.4,256.87,250.4,251.52,77772,-0.0011119936457506,7.2606,3133.25,0.0042854589566592,0.3126660369482165,0.2573030338627077,4515.77001953125,13.09000015258789,245.00999450683594,88.55000305175781,3.8125,3133.25,429.3,3.45,23.4
2023-09-04,254.0,255.4,251.28,254.85,96512,0.0132395038167938,7.2606,3177.06005859375,0.0139823054635761,0.318163215336372,0.2584939301101651,4515.77001953125,13.09000015258789,245.00999450683594,88.55000305175781,3.8125,3177.06005859375,431.55,3.45,25.4
2023-09-05,254.6,254.6,251.09,251.43,74571,-0.0134196586227192,7.3018,3154.3701171875,-0.0071418043687512,0.3180358888515059,0.2587784533112217,4496.830078125,14.010000228881836,256.489990234375,90.04000091552734,3.811000108718872,3154.3701171875,430.05,3.45,25.9
2023-09-06,252.4,254.7,251.7,252.85,65929,0.00564769518355,7.316,3158.080078125,0.0011761336811064,0.3193628186468326,0.2582400179117256,4465.47998046875,14.449999809265137,251.9199981689453,90.5999984741211,3.748500108718872,3158.080078125,425.73,3.45,25.9
2023-09-07,252.82,252.82,250.51,250.8,60913,-0.0081075736602728,7.3287,3122.35009765625,-0.0113138297905236,0.3199850428441422,0.2586263312390294,4451.14013671875,14.399999618530273,251.49000549316406,89.91999816894531,3.7260000705718994,3122.35009765625,411.49,3.45,26.2
2023-09-08,249.41,249.41,245.09,246.45,67634,-0.0173444976076555,7.343,3116.719970703125,-0.0018031696565197,0.3222202051579746,0.2603945008476304,4457.490234375,13.84000015258789,248.5,90.6500015258789,3.680500030517578,3116.719970703125,405.07,3.45,24.3
2023-09-11,246.1,250.9,244.6,249.41,76513,0.0120105498072631,7.2882,3142.780029296875,0.0083613731226135,0.2698635388025975,0.2517439492000621,4487.4599609375,13.800000190734863,273.5799865722656,90.63999938964844,3.7699999809265137,3142.780029296875,402.53,3.45,23.0
2023-09-12,251.1,255.77,249.5,254.39,119532,0.0199671224088848,7.2911,3137.06005859375,-0.0018200353348957,0.2776559215700458,0.2554910514892202,4461.89990234375,14.229999542236328,267.4800109863281,92.05999755859375,3.752000093460083,3137.06005859375,396.05,3.45,21.6
2023-09-13,254.4,256.68,252.8,253.95,91479,-0.0017296277369392,7.27,3123.070068359375,-0.0044595863557187,0.2777094341503846,0.2552046483247186,4467.43994140625,13.479999542236328,271.29998779296875,91.87999725341797,3.75600004196167,3123.070068359375,393.66,3.45,20.8
2023-09-14,249.2,249.35,244.4,246.03,152580,-0.0311872415829886,7.277,3126.550048828125,0.0011142819061302,0.2999554126269744,0.2625982394482699,4505.10009765625,12.819999694824219,276.0400085449219,93.69999694824219,3.7825000286102295,3126.550048828125,390.65,3.45,21.5
2023-09-15,246.4,249.24,243.91,246.69,82256,0.0026825996829655,7.2744,3117.739990234375,-0.0028178210667224,0.287769317316642,0.262728905611193,4450.31982421875,13.789999961853027,274.3900146484375,93.93000030517578,3.7634999752044678,3117.739990234375,377.74,3.45,21.5
2023-09-18,246.9,253.6,246.69,249.78,96405,0.0125258421500669,7.2915,3125.929931640625,0.0026268840351995,0.2743393057457977,0.2618429365746775,4453.52978515625,14.0,265.2799987792969,94.43000030517578,3.741499900817871,3125.929931640625,387.28,3.45,22.6
2023-09-19,248.4,250.68,246.2,249.57,62397,-0.000840739851069,7.2964,3124.9599609375,-0.0003102982870175,0.2745355371434934,0.2610201126864824,4443.9501953125,14.109999656677246,266.5,94.33999633789062,3.7139999866485596,3124.9599609375,385.95,3.45,20.9
2023-09-20,247.4,248.68,246.4,246.4,54497,-0.0127018471771446,7.287,3108.568115234375,-0.0052454578324284,0.2690069358678606,0.2621687552509803,4402.2001953125,15.140000343322754,262.5899963378906,93.52999877929688,3.746500015258789,3108.568115234375,381.6,3.45,19.6
2023-09-21,245.4,246.27,240.95,242.08,92965,-0.0175324675324675,7.3066,3084.700927734375,-0.0076778718095422,0.2699686501263308,0.2622046990380708,4330.0,17.540000915527344,255.6999969482422,93.30000305175781,3.6665000915527344,3084.700927734375,375.89,3.45,19.7
2023-09-22,241.92,248.06,240.9,247.45,96764,0.0221827495042961,7.298,3132.431884765625,0.0154734472318218,0.2766422683143972,0.2655269603102644,4320.06005859375,17.200000762939453,244.8800048828125,93.2699966430664,3.6654999256134033,3132.431884765625,383.45,3.45,20.9
2023-09-25,249.23,249.38,246.75,248.2,64787,0.0030309153364316,7.311,3115.60693359375,-0.0053712105452961,0.2742531220621485,0.2547698131027983,4337.43994140625,16.899999618530273,246.99000549316406,93.29000091552734,3.6494998931884766,3115.60693359375,380.48,3.45,17.1
2023-09-26,247.4,247.4,240.7,240.9,118463,-0.0294117647058822,7.31,3102.27294921875,-0.0042797389591182,0.2410497301459686,0.2589456839466578,4273.52978515625,18.940000534057617,244.1199951171875,93.95999908447266,3.625,3102.27294921875,371.88,3.45,18.8
2023-09-27,241.51,244.62,240.19,240.23,75734,-0.0027812370278124,7.3105,3107.31591796875,0.001625572228024,0.2353378167245013,0.257170706582826,4274.509765625,18.219999313354492,240.5,96.55000305175781,3.627000093460083,3107.31591796875,370.36,3.45,20.1
2023-09-28,241.2,241.9,238.45,239.1,85258,-0.0047038255005619,7.301,3110.47509765625,0.001016690858252,0.2354684404910513,0.256954271683354,4299.7001953125,17.34000015258789,246.3800048828125,95.37999725341797,3.694499969482422,3110.47509765625,369.23,3.45,17.2
2023-10-09,239.1,240.91,232.06,240.37,91791,0.0053115851108322,7.296,3096.922119140625,-0.0043572052789739,0.237061740058796,0.256156116562281,4335.66015625,17.700000762939453,259.6700134277344,88.1500015258789,3.6424999237060547,3096.922119140625,355.68,3.45,16.0
2023-10-10,240.36,242.42,239.4,240.31,63937,-0.0002496151766027,7.2948,3075.239990234375,-0.0070011863624993,0.2301768909557484,0.25614567523635,4358.240234375,17.030000686645508,263.6199951171875,87.6500015258789,3.631999969482422,3075.239990234375,354.27,3.45,15.2
2023-10-11,244.36,244.9,240.4,240.99,76684,0.0028296783321544,7.2992,3078.9560546875,0.0012083819360197,0.2274750603713351,0.2516796373981947,4376.9501953125,16.09000015258789,262.989990234375,85.81999969482422,3.614000082015991,3078.9560546875,354.36,3.45,15.3
2023-10-12,242.8,247.9,241.4,246.85,139341,0.0243163616747581,7.3019,3107.90087890625,0.0094008565580803,0.2448130154078459,0.2560164257123637,4349.60986328125,16.690000534057617,258.8699951171875,86.0,3.5940001010894775,3107.90087890625,356.47,3.45,15.3
2023-10-13,244.3,245.17,242.2,242.76,66445,-0.0165687664573628,7.3049,3088.10009765625,-0.0063711109271182,0.2498224863970805,0.2571546650668578,4327.77978515625,19.31999969482422,251.1199951171875,90.88999938964844,3.5799999237060547,3088.10009765625,346.86,3.45,15.4
2023-10-16,242.8,243.48,238.9,239.91,66022,-0.0117399901136925,7.3105,3073.81298828125,-0.0046265046219983,0.2458717916090753,0.2569830555323157,4373.6298828125,17.209999084472656,253.9199981689453,89.6500015258789,3.5869998931884766,3073.81298828125,336.34,3.45,13.4
2023-10-17,239.92,242.39,238.9,240.4,49164,0.0020424325788837,7.3105,3083.5,0.0031514642418655,0.2412550934033869,0.2570619354391408,4373.2001953125,17.8799991607666,254.85000610351562,89.9000015258789,3.575500011444092,3083.5,337.57,3.45,14.1
2023-10-18,248.0,253.4,246.4,251.47,307863,0.0460482529118135,7.3161,3058.7099609375,-0.0080395780971298,0.2859794716046823,0.2747862605974956,4314.60009765625,19.219999313354492,242.67999267578125,91.5,3.5820000171661377,3058.7099609375,339.12,3.45,16.5
2023-10-19,249.35,250.37,242.74,243.0,147753,-0.0336819501332167,7.3126,3005.39306640625,-0.0174311703993367,0.3094430477003811,0.2829054723260062,4278.0,21.399999618530273,220.11000061035156,92.37999725341797,3.5915000438690186,3005.39306640625,332.64,3.45,13.7
2023-10-20,242.4,244.2,240.61,241.6,85659,-0.0057613168724279,7.3155,2983.06005859375,-0.0074309773527244,0.2902233153789807,0.2830225344065313,4224.16015625,21.709999084472656,211.99000549316406,92.16000366210938,3.5420000553131104,2983.06005859375,329.58,3.45,11.3
2023-10-23,242.4,242.4,238.6,241.05,73537,-0.0022764900662251,7.3158,2939.291015625,-0.0146725315981011,0.2899790901255266,0.28302135924889,4217.0400390625,20.3700008392334,212.0800018310547,89.83000183105469,3.572999954223633,2939.291015625,322.84,3.45,12.7
2023-10-24,241.7,242.9,237.07,237.95,110779,-0.0128604024061399,7.309,2962.243896484375,0.0078089854789333,0.2882724570519799,0.27953273348182,4247.68017578125,18.969999313354492,216.52000427246094,88.06999969482422,3.609999895095825,2962.243896484375,321.33,3.45,14.2
2023-10-25,240.37,242.41,238.62,239.8,83676,0.0077747425929817,7.3165,2974.114013671875,0.0040071370225751,0.2904519125643259,0.2737772580691467,4186.77001953125,20.190000534057617,212.4199981689453,90.12999725341797,3.572000026702881,2974.114013671875,320.54,3.45,15.3
2023-10-26,238.46,241.2,238.1,241.01,73199,0.0050458715596328,7.315,2988.299072265625,0.0047695073317775,0.2884717400210372,0.2736128509318434,4137.22998046875,20.68000030517578,205.75999450683594,87.93000030517578,3.56850004196167,2988.299072265625,324.3,3.45,13.8
2023-10-27,240.4,245.9,239.92,244.35,103206,0.0138583461267167,7.3171,3017.783935546875,0.00986677121942,0.286047592962649,0.2753746007767838,4117.3701171875,21.270000457763672,207.3000030517578,90.4800033569336,3.634000062942505,3017.783935546875,336.27,3.45,12.1
2023-10-30,241.91,247.39,241.1,247.0,117295,0.0108450992428892,7.3133,3021.552978515625,0.0012489439433864,0.2774131032026645,0.2712281856681899,4166.81982421875,19.75,197.36000061035156,87.44999694824219,3.6494998931884766,3021.552978515625,342.21,3.45,15.1
2023-10-31,245.9,246.39,239.9,240.94,127205,-0.0245344129554655,7.3166,3018.77099609375,-0.0009207127730859,0.2904391925436559,0.2721265751376155,4193.7998046875,18.139999389648438,200.83999633789062,87.41000366210938,3.6414999961853027,3018.77099609375,337.86,3.45,15.7
2023-11-01,240.4,240.4,237.82,238.6,93390,-0.0097119614841869,7.3175,3023.076904296875,0.0014263778897758,0.2730706562415489,0.2716849515938985,4237.85986328125,16.8700008392334,205.66000366210938,84.62999725341797,3.6449999809265137,3023.076904296875,341.35,3.45,15.1
2023-11-02,240.26,240.28,237.2,237.2,85414,-0.0058675607711651,7.316,3009.406005859375,-0.0045221801728129,0.273655758648721,0.2718021140968877,4317.77978515625,15.65999984741211,218.50999450683594,86.8499984741211,3.6670000553131104,3009.406005859375,337.8,3.45,15.7
2023-11-03,237.91,241.55,237.28,241.05,90679,0.0162310286677909,7.3005,3030.798095703125,0.0071084093678617,0.2794135679820569,0.2743160303069845,4358.33984375,14.90999984741211,219.9600067138672,84.88999938964844,3.674499988555908,3030.798095703125,341.17,3.45,12.2
2023-11-06,242.91,245.83,242.4,245.3,143548,0.0176311968471272,7.2695,3058.410888671875,0.0091107332447837,0.2855512291614696,0.2771632487866295,4365.97998046875,14.890000343322754,219.27000427246094,85.18000030517578,3.7095000743865967,3058.410888671875,358.52,3.45,5.2
2023-11-07,245.4,246.7,242.91,243.37,94513,-0.0078679168365267,7.2788,3057.27001953125,-0.0003730267717952,0.287327993428358,0.2773889337955778,4378.3798828125,14.8100004196167,222.17999267578125,81.61000061035156,3.6700000762939453,3057.27001953125,348.01,3.45,5.2
2023-11-08,242.76,243.26,241.58,242.4,80128,-0.0039857007848131,7.28,3052.373046875,-0.0016017468607502,0.2877037701110569,0.2762829175019451,4382.77978515625,14.449999809265137,222.11000061035156,79.54000091552734,3.628000020980835,3052.373046875,349.09,3.45,6.4
2023-11-09,242.4,243.15,240.74,241.7,73183,-0.0028877887788779,7.2835,3053.279052734375,0.0002968201610555,0.2736300897281284,0.2763001336307054,4347.35009765625,15.289999961853027,209.97999572753906,80.01000213623047,3.634999990463257,3053.279052734375,348.39,3.45,3.7
2023-11-10,241.4,241.4,238.06,239.36,81902,-0.0096814232519651,7.2835,3038.969970703125,-0.0046864638914794,0.2694641653532167,0.2768159004287076,4415.240234375,14.170000076293945,214.64999389648438,81.43000030517578,3.5834999084472656,3038.969970703125,344.03,3.45,0.0
2023-11-13,240.28,240.58,237.5,239.52,69738,0.000668449197861,7.289,3046.532958984375,0.0024886683166205,0.2662217423456521,0.2758143554253323,4411.5498046875,14.760000228881836,223.7100067138672,82.5199966430664,3.6624999046325684,3046.532958984375,341.91,3.45,0.7
2023-11-14,239.7,240.6,239.0,240.03,55217,0.002129258517034,7.253,3056.070068359375,0.0031304796315676,0.2662305330341886,0.2554231797686404,4495.7001953125,14.15999984741211,237.41000366210938,82.47000122070312,3.682499885559082,3056.070068359375,334.4,3.45,2.1
2023-11-15,242.3,242.4,240.7,241.04,78692,0.0042078073574136,7.2466,3072.8349609375,0.0054857683898343,0.2046722541416356,0.2554043572367571,4502.8798828125,14.180000305175781,242.83999633789062,81.18000030517578,3.7174999713897705,3072.8349609375,335.84,3.45,2.4
2023-11-16,242.2,242.2,239.62,240.7,61690,-0.0014105542648523,7.2416,3050.926025390625,-0.0071298770761807,0.1671014491585676,0.2554049868902192,4508.240234375,14.319999694824219,233.58999633789062,77.41999816894531,3.7044999599456787,3050.926025390625,329.85,3.45,5.7
2023-11-17,239.4,240.99,238.4,239.16,59462,-0.0063980058163688,7.212,3054.3701171875,0.001128867684176,0.1673862784162746,0.2552068342371246,4514.02001953125,13.800000190734863,234.3000030517578,80.61000061035156,3.737499952316284,3054.3701171875,329.09,3.45,2.9
2023-11-20,238.2,238.9,236.98,237.4,76771,-0.0073590901488542,7.168,3068.319091796875,0.0045668907415252,0.1690837144850959,0.2512914561431411,4547.3798828125,13.40999984741211,235.60000610351562,82.31999969482422,3.8125,3068.319091796875,328.32,3.45,4.7
2023-11-21,238.09,239.08,236.06,236.6,82386,-0.0033698399326032,7.1352,3067.93310546875,-0.000125797323087,0.1632941976888385,0.2463762451521748,4538.18994140625,13.350000381469727,241.1999969482422,82.44999694824219,3.814500093460083,3067.93310546875,328.87,3.45,5.5
2023-11-22,235.9,235.9,232.28,232.4,105571,-0.0177514792899408,7.155,3043.611083984375,-0.0079278200170074,0.1716160481875606,0.2490745795136172,4556.6201171875,12.850000381469727,234.2100067138672,81.95999908447266,3.7664999961853027,3043.611083984375,322.38,3.45,8.0
2023-11-23,232.9,233.68,229.52,231.23,105764,-0.0050344234079174,7.155,3061.85595703125,0.0059944823906314,0.170232995683281,0.246272389263131,4556.6201171875,12.850000381469727,234.2100067138672,81.37000274658203,3.7790000438690186,3061.85595703125,323.64,3.45,0.1
2023-11-24,231.2,231.2,217.8,219.25,280659,-0.0518098862604332,7.1488,3040.971923828125,-0.0068207105416461,0.2359344548593521,0.2644418485165775,4559.33984375,12.460000038146973,235.4499969482422,80.58000183105469,3.7964999675750732,3040.971923828125,318.78,3.45,-4.7
2023-11-27,214.4,214.4,207.4,211.3,215481,-0.0362599771949828,7.1528,3031.699951171875,-0.0030490161989321,0.2518968861072834,0.2735427296325446,4550.43017578125,12.6899995803833,236.0800018310547,79.9800033569336,3.762500047683716,3031.699951171875,311.04,3.45,0.0
2023-11-28,211.32,214.17,209.41,212.31,122211,0.0047799337434926,7.138,3038.550048828125,0.0022594906377861,0.2472906902796782,0.2723020007922527,4554.89013671875,12.6899995803833,246.72000122070312,81.68000030517578,3.8010001182556152,3038.550048828125,313.23,3.45,-2.0
2023-11-29,212.28,212.3,203.79,204.38,219246,-0.0373510432857614,7.13,3021.68701171875,-0.005549698651789,0.2708544691449692,0.2625032167741105,4550.580078125,12.979999542236328,244.13999938964844,83.0999984741211,3.7860000133514404,3021.68701171875,304.11,3.45,-2.7
2023-11-30,204.0,205.13,200.85,201.55,187242,-0.0138467560426654,7.136,3029.673095703125,0.002642922299167,0.2716692034321189,0.2613666275156734,4567.7998046875,12.920000076293945,240.0800018310547,82.83000183105469,3.8289999961853027,3029.673095703125,304.38,3.45,-2.8
2023-12-01,202.88,203.22,195.21,199.45,194190,-0.0104192508062516,7.1386,3031.635986328125,0.0006478885883047,0.2562143988288961,0.2617032860128259,4594.6298828125,12.630000114440918,238.8300018310547,78.87999725341797,3.9089999198913574,3031.635986328125,301.68,3.45,-2.7
2023-12-04,199.45,201.69,196.0,198.79,117613,-0.0033091000250689,7.1424,3022.9140625,-0.0028769693549814,0.2370885217748951,0.261647689608298,4569.77978515625,13.079999923706055,235.5800018310547,78.02999877929688,3.820499897003174,3022.9140625,294.75,3.45,0.1
2023-12-05,199.4,202.36,198.01,198.74,152372,-0.0002515217063231,7.1444,2972.2958984375,-0.0167448240393039,0.2396725212571309,0.2593503935900718,4567.18017578125,12.850000381469727,238.72000122070312,77.19999694824219,3.7725000381469727,2972.2958984375,289.63,3.45,0.7
2023-12-06,198.75,203.64,198.4,203.59,176347,0.0244037435845827,7.158,2968.93310546875,-0.0011313789352257,0.2685188194721724,0.2650074882508639,4549.33984375,12.970000267028809,239.3699951171875,74.30000305175781,3.7165000438690186,2968.93310546875,296.96,3.45,4.6
2023-12-07,203.59,203.6,199.7,201.85,103169,-0.008546588732256,7.1515,2966.2060546875,-0.0009185288736303,0.2676868763864795,0.2645398225054183,4585.58984375,13.0600004196167,242.63999938964844,74.05000305175781,3.7844998836517334,2966.2060546875,299.86,3.45,1.1
2023-12-08,201.43,202.76,200.72,200.95,77700,-0.0044587565023532,7.1645,2969.55908203125,0.0011304094462525,0.2681082942953108,0.2643805094635961,4604.3701171875,12.350000381469727,243.83999633789062,75.83999633789062,3.819999933242798,2969.55908203125,298.24,3.45,3.9
2023-12-11,199.15,201.98,197.04,201.59,101086,0.0031848718586713,7.1765,2991.43896484375,0.0073680577513661,0.2694039383534084,0.2631499895974599,4622.43994140625,12.630000114440918,239.74000549316406,76.02999877929688,3.7799999713897705,2991.43896484375,301.41,3.45,-2.9
2023-12-12,200.58,201.13,198.52,198.73,79797,-0.0141872116672454,7.1755,3003.43798828125,0.0040111209282609,0.2671270729409876,0.2621542993492611,4643.7001953125,12.069999694824219,237.00999450683594,73.23999786376953,3.7860000133514404,3003.43798828125,298.31,3.45,-3.8
2023-12-13,198.22,198.22,194.12,194.2,117535,-0.0227947466411714,7.1725,2968.760986328125,-0.011545769244588,0.2662663592778819,0.2603461336503516,4707.08984375,12.1899995803833,239.2899932861328,74.26000213623047,3.7860000133514404,2968.760986328125,290.61,3.45,-2.7
2023-12-14,195.4,198.58,193.51,193.58,92497,-0.0031925849639545,7.1088,2958.986083984375,-0.0032925864994742,0.2655239106499125,0.2603003451050653,4719.5498046875,12.479999542236328,251.0500030517578,76.61000061035156,3.8884999752044678,2958.986083984375,285.71,3.45,-4.2
2023-12-15,195.48,196.79,193.48,195.68,101841,0.01084822812274,7.1179,2942.556884765625,-0.0055523070242451,0.2760761178930836,0.2560310510904073,4719.18994140625,12.279999732971191,253.5,76.55000305175781,3.884999990463257,2942.556884765625,282.78,3.45,-7.2
2023-12-18,193.46,194.9,190.71,191.46,100511,-0.0215658217497956,7.1297,2930.800048828125,-0.0039954489914428,0.2789759200831279,0.2582700748878411,4740.56005859375,12.5600004196167,252.0800018310547,77.94999694824219,3.8480000495910645,2930.800048828125,268.32,3.45,-10.6
2023-12-19,190.93,191.08,188.56,190.4,79370,-0.0055364044709077,7.1287,2932.39111328125,0.0005428771757258,0.2783419702539237,0.2559507426075267,4768.3701171875,12.529999732971191,257.2200012207031,79.2300033569336,3.8959999084472656,2932.39111328125,271.98,3.45,-9.0
2023-12-20,190.73,191.73,187.27,187.28,84925,-0.0163865546218487,7.1355,2902.110107421875,-0.0103263871324079,0.2779222662947433,0.2570118084789682,4698.35009765625,13.670000076293945,247.13999938964844,79.69999694824219,3.9014999866485596,2902.110107421875,270.99,3.45,-11.4
2023-12-21,185.73,192.38,185.25,192.08,133149,0.0256300726185392,7.1381,2918.715087890625,0.0057216920978582,0.305949364800434,0.2637953158031129,4746.75,13.649999618530273,254.5,79.38999938964844,3.9084999561309814,2918.715087890625,281.68,3.45,-10.9
2023-12-22,192.3,197.78,190.44,194.65,117998,0.0133798417326114,7.1315,2914.77490234375,-0.0013499726517406,0.2705826881017928,0.2646307510778829,4754.6298828125,13.029999732971191,252.5399932861328,79.06999969482422,3.8954999446868896,2914.77490234375,285.1,3.45,-8.9
2023-12-25,195.4,196.6,192.61,194.58,53770,-0.0003596198304649,7.1315,2918.81298828125,0.0013853851747704,0.2458483762208679,0.2592680429885629,4754.6298828125,13.029999732971191,252.5399932861328,79.06999969482422,3.8954999446868896,2918.81298828125,287.35,3.45,-6.4
2023-12-26,194.56,194.56,192.4,194.15,41380,-0.0022098879638194,7.1432,2898.8798828125,-0.0068291821191626,0.2437812494512864,0.2588947622988907,4774.75,12.989999771118164,256.6099853515625,81.06999969482422,3.8954999446868896,2898.8798828125,284.81,3.45,-3.7
2023-12-27,195.4,195.9,193.1,193.85,61364,-0.0015451970126191,7.1405,2914.614013671875,0.005427658783885,0.2103270558020374,0.2534319501189568,4781.580078125,12.430000305175781,261.44000244140625,79.6500015258789,3.94350004196167,2914.614013671875,281.57,3.45,-4.2
2023-12-28,193.43,201.06,193.06,200.45,138778,0.0340469435130255,7.1065,2954.7041015625,0.0137548531992814,0.2424828082272802,0.264852750254506,4783.35009765625,12.470000267028809,253.17999267578125,78.38999938964844,3.9130001068115234,2954.7041015625,297.16,3.45,-4.0
2023-12-29,201.37,202.2,199.55,200.4,80367,-0.0002494387627836,7.0999,2974.93505859375,0.0068470331836447,0.2394460113920688,0.2648787225419257,4769.830078125,12.449999809265137,248.47999572753906,77.04000091552734,3.880500078201294,2974.93505859375,297.64,3.45,-3.4
2024-01-02,202.01,202.02,194.77,195.0,113928,-0.0269461077844311,7.1426,2962.27587890625,-0.0042552793382601,0.2581961540102257,0.2688783712719448,4742.830078125,13.199999809265137,248.4199981689453,75.88999938964844,3.86899995803833,2962.27587890625,286.07,3.45,-3.5
2024-01-03,194.9,196.27,193.1,195.57,84486,0.0029230769230768,7.1497,2967.2470703125,0.0016781662510398,0.2585372842580679,0.2691125739170242,4704.81005859375,14.039999961853027,238.4499969482422,78.25,3.8475000858306885,2967.2470703125,284.22,3.45,-3.3
2024-01-04,196.74,197.05,193.5,195.42,89870,-0.0007669888019635,7.1589,2954.34912109375,-0.0043467729222129,0.2409930196248114,0.268864306169528,4688.68017578125,14.130000114440918,237.92999267578125,77.58999633789062,3.8310000896453857,2954.34912109375,275.94,3.45,-2.3
2024-01-05,194.87,199.9,193.53,195.08,112402,-0.0017398423907479,7.145,2929.179931640625,-0.0085193687074488,0.2397247136350793,0.2626450326705121,4697.240234375,13.350000381469727,237.49000549316406,78.76000213623047,3.7945001125335693,2929.179931640625,275.4,3.45,-0.8
2024-01-08,195.2,196.06,191.55,191.8,81078,-0.0168136149272093,7.154,2887.5380859375,-0.014216212958895,0.2456203202349299,0.2626964287656543,4763.5400390625,13.079999923706055,240.4499969482422,76.12000274658203,3.799499988555908,2887.5380859375,273.78,3.45,-4.0
2024-01-09,193.4,198.4,192.6,195.26,112187,0.0180396246089675,7.1675,2893.25,0.001978125964924,0.2554155536293228,0.265913898816325,4756.5,12.760000228881836,234.9600067138672,77.58999633789062,3.748500108718872,2893.25,271.44,3.45,-1.5
2024-01-10,194.1,195.7,192.0,192.69,71416,-0.0131619379289152,7.1711,2877.701904296875,-0.0053739205748293,0.2547636532580113,0.2664372885857731,4783.4501953125,12.6899995803833,233.94000244140625,76.80000305175781,3.7809998989105225,2877.701904296875,274.96,3.45,-3.1
2024-01-11,192.6,201.1,191.21,199.18,159862,0.0336810420883284,7.167,2886.64990234375,0.0031094249315797,0.2703166359653471,0.2576670616428932,4780.240234375,12.4399995803833,227.22000122070312,77.41000366210938,3.7764999866485596,2886.64990234375,282.45,3.45,-0.4
2024-01-12,199.18,200.65,197.69,198.27,87023,-0.0045687318003815,7.1665,2881.97705078125,-0.0016187801502032,0.2706708888901071,0.2500150593945456,4783.830078125,12.699999809265137,218.88999938964844,78.29000091552734,3.740000009536743,2881.97705078125,282.11,3.45,-1.9
2024-01-15,197.12,199.4,194.82,197.01,70220,-0.0063549704947799,7.1665,2886.2900390625,0.0014965380380391,0.2695374334073175,0.2500433644357392,4783.830078125,12.699999809265137,218.88999938964844,78.29000091552734,3.740000009536743,2886.2900390625,276.84,3.45,-4.2
2024-01-16,196.3,198.95,195.47,197.7,83809,0.0035023602862798,7.1874,2893.989013671875,0.0026674292968407,0.2567336812110397,0.2504218188348281,4765.97998046875,13.84000015258789,219.91000366210938,78.29000091552734,3.7664999961853027,2893.989013671875,286.29,3.45,-4.1
2024-01-17,196.6,196.95,189.2,189.2,160795,-0.0429944360141628,7.196,2833.614990234375,-0.0208618702946967,0.3013462471648336,0.2627126566538487,4739.2099609375,14.789999961853027,215.5500030517578,77.87999725341797,3.7325000762939453,2833.614990234375,277.81,3.45,-1.1
2024-01-18,188.05,193.4,187.31,192.88,114592,0.0194503171247357,7.1961,2845.780029296875,0.0042931164270463,0.3025750960262115,0.265956267231705,4780.93994140625,14.130000114440918,211.8800048828125,79.0999984741211,3.744999885559082,2845.780029296875,282.07,3.45,-1.4
2024-01-19,191.89,195.36,191.1,191.74,80905,-0.0059104106180007,7.1931,2832.279052734375,-0.0047442094692876,0.2898634065808953,0.2654027763158924,4839.81005859375,13.300000190734863,212.19000244140625,78.55999755859375,3.7869999408721924,2832.279052734375,282.6,3.45,-2.2
2024-01-22,191.27,193.7,186.96,187.74,132240,-0.0208615833941796,7.192,2756.340087890625,-0.0268119642979515,0.2944567196303477,0.265149174257961,4850.43017578125,13.1899995803833,208.8000030517578,80.05999755859375,3.7639999389648438,2756.340087890625,283.96,3.45,-7.9
2024-01-23,187.4,191.36,186.7,190.25,110726,0.01336955363801,7.172,2770.97607421875,0.0053099348634173,0.2992436269678244,0.2658124480874654,4864.60009765625,12.550000190734863,209.13999938964844,79.55000305175781,3.7904999256134033,2770.97607421875,280.81,3.45,-6.4
2024-01-24,191.68,192.25,186.48,191.1,96641,0.0044678055190539,7.158,2820.77197265625,0.0179705263068861,0.2998106216175212,0.2629673351639048,4868.5498046875,13.140000343322754,207.8300018310547,80.04000091552734,3.882499933242798,2820.77197265625,280.04,3.45,-3.4
2024-01-25,191.28,193.3,188.06,192.3,130769,0.0062794348508634,7.169,2906.10888671875,0.0302530353001702,0.3007759084918643,0.263452500045725,4894.16015625,13.449999809265137,182.6300048828125,82.43000030517578,3.865499973297119,2906.10888671875,282.78,3.45,-1.2
2024-01-26,191.4,191.4,187.9,188.26,115855,-0.0210088403536142,7.1763,2910.222900390625,0.0014156433334884,0.2803550393231724,0.2658617255831763,4890.97021484375,13.260000228881836,183.25,83.55000305175781,3.8505001068115234,2910.222900390625,273.78,3.45,-1.3
2024-01-29,188.3,188.4,180.71,180.84,146043,-0.0394135769680228,7.1798,2883.360107421875,-0.0092304932949103,0.3083588300497891,0.2724163780678732,4927.93017578125,13.600000381469727,190.92999267578125,82.4000015258789,3.872999906539917,2883.360107421875,268.41,3.45,-2.4
2024-01-30,175.48,177.88,172.7,174.37,190761,-0.0357774828577748,7.1755,2830.527099609375,-0.0183234163767841,0.3181552949034329,0.2757420078431256,4924.97021484375,13.3100004196167,191.58999633789062,82.87000274658203,3.9065001010894775,2830.527099609375,257.13,3.45,-3.2
2024-01-31,173.49,177.68,172.72,173.13,125368,-0.0071113150197855,7.1673,2788.548095703125,-0.014830807983447,0.3166711389074563,0.2757188796923769,4845.64990234375,14.350000381469727,187.2899932861328,81.70999908447266,3.9024999141693115,2788.548095703125,276.64,3.45,-3.1
2024-02-01,172.4,175.4,170.76,173.29,116651,0.0009241610350603,7.1799,2770.739990234375,-0.0063861568305708,0.3170902482661011,0.2760182569928434,4906.18994140625,13.880000114440918,188.86000061035156,78.69999694824219,3.8524999618530273,2770.739990234375,272.01,3.45,-4.8
2024-02-02,173.36,174.28,165.41,169.4,147992,-0.0224479196722257,7.192,2730.152099609375,-0.0146487547615634,0.3220544450557009,0.2781519937913106,4958.60986328125,13.850000381469727,187.91000366210938,77.33000183105469,3.821500062942505,2730.152099609375,266.58,3.45,-4.8
2024-02-05,167.4,174.18,165.17,170.4,186216,0.0059031877213695,7.1982,2702.18505859375,-0.0102437666456848,0.3228135802667626,0.2790444160675105,4942.81005859375,13.670000076293945,181.05999755859375,77.98999786376953,3.7720000743865967,2702.18505859375,277.27,3.45,-1.4
2024-02-06,168.4,178.51,167.9,178.27,176190,0.0461854460093897,7.1908,2789.486083984375,0.0323075672086121,0.3631997436320239,0.2982676276114412,4954.22998046875,13.0600004196167,185.10000610351562,78.58999633789062,3.7825000286102295,2789.486083984375,288.77,3.45,-1.1
2024-02-07,179.65,185.4,178.5,181.96,160094,0.0206989398104,7.1943,2829.696044921875,0.0144148275800199,0.3720134885154347,0.3024911013567468,4995.06005859375,12.829999923706055,187.5800018310547,79.20999908447266,3.737499952316284,2829.696044921875,291.06,3.45,-1.6
2024-02-08,183.89,185.75,183.1,183.57,119246,0.0088480984831831,7.1965,2865.903076171875,0.0127953782580205,0.3496645324765612,0.3032054557166898,4997.91015625,12.789999961853027,189.55999755859375,81.62999725341797,3.7054998874664307,2865.903076171875,296.89,3.45,-1.4
2024-02-19,186.28,187.75,184.24,185.9,119687,0.0126927057798116,7.1928,2910.5439453125,0.0155765453171758,0.3545226790208547,0.305160509048719,5005.56982421875,14.239999771118164,199.9499969482422,83.47000122070312,3.8380000591278076,2910.5439453125,291.94,3.45,1.2
2024-02-20,185.9,186.08,179.4,181.42,113357,-0.0240989779451319,7.1905,2922.72998046875,0.004186858327934,0.3622746958150832,0.3078705584290688,4975.509765625,15.420000076293945,193.75999450683594,82.33999633789062,3.866499900817871,2922.72998046875,288.77,3.45,-3.6
2024-02-21,179.5,188.0,179.06,185.4,147693,0.0219380443170544,7.1891,2950.9560546875,0.0096574347980729,0.3729990631219985,0.3124914270890689,4981.7998046875,15.34000015258789,194.77000427246094,83.02999877929688,3.874500036239624,2950.9560546875,293.94,3.45,-2.7
2024-02-22,185.3,186.04,183.66,185.39,80906,-5.393743257831041e-05,7.1944,2988.35791015625,0.0126744874459714,0.3416737371036903,0.3125902625622437,5087.02978515625,14.539999961853027,197.41000366210938,83.66999816894531,3.8975000381469727,2988.35791015625,292.41,3.45,-1.9
2024-02-23,185.39,186.39,183.23,185.08,91175,-0.0016721506014346,7.197,3004.881103515625,0.0055291882218053,0.3331941278827201,0.3112735438265808,5088.7998046875,13.75,191.97000122070312,81.62000274658203,3.881999969482422,3004.881103515625,292.68,3.45,-2.6
2024-02-26,188.4,192.53,187.95,188.4,155461,0.0179381888912901,7.1972,2977.02197265625,-0.0092712922407414,0.3400257551713105,0.3143655770266338,5069.52978515625,13.739999771118164,199.39999389648438,82.52999877929688,3.8239998817443848,2977.02197265625,284.58,3.45,0.1
2024-02-27,189.85,196.33,189.6,196.1,206343,0.0408704883227175,7.1977,3015.48095703125,0.0129186095125408,0.3613220711311771,0.3105297935297375,5078.18017578125,13.430000305175781,199.72999572753906,83.6500015258789,3.8310000896453857,3015.48095703125,287.87,3.45,0.9
2024-02-28,198.4,198.92,190.4,190.4,168292,-0.0290668026517082,7.1976,2957.85205078125,-0.019111016475042,0.3754011232774433,0.3074420469606755,5069.759765625,13.84000015258789,202.0399932861328,83.68000030517578,3.827500104904175,2957.85205078125,286.39,3.45,2.0
2024-02-29,189.41,194.01,188.59,193.6,122363,0.0168067226890755,7.1977,3015.1708984375,0.0193785377605719,0.3797458678842002,0.3094808971653434,5096.27001953125,13.399999618530273,201.8800048828125,83.62000274658203,3.8345000743865967,3015.1708984375,298.09,3.45,-0.4
2024-03-01,193.3,195.38,191.17,194.58,122158,0.0050619834710745,7.196,3027.02001953125,0.0039298339937847,0.3795425866019444,0.3004829413350396,5137.080078125,13.109999656677246,202.63999938964844,83.55000305175781,3.8550000190734863,3027.02001953125,299.97,3.45,-1.6
2024-03-04,192.4,194.1,190.5,191.67,126865,-0.0149552883132902,7.1987,3039.305908203125,0.0040587404749894,0.3755030065601055,0.3006995114171012,5130.9501953125,13.489999771118164,188.13999938964844,82.80000305175781,3.8519999980926514,3039.305908203125,298.8,3.45,1.1
2024-03-05,189.9,194.05,187.9,193.22,149624,0.008086815881463,7.1965,3047.79296875,0.0027924338000884,0.3439537118589561,0.3005261321757134,5078.64990234375,14.460000038146973,180.74000549316406,82.04000091552734,3.8440001010894775,3047.79296875,300.15,3.45,1.9
2024-03-06,192.4,195.38,191.4,194.05,100100,0.0042956215712659,7.1977,3039.930908203125,-0.0025795914051536,0.3110390585875632,0.3006106935976067,5104.759765625,14.5,176.5399932861328,82.95999908447266,3.870500087738037,3039.930908203125,298.33,3.45,2.6
2024-03-07,194.46,196.36,191.2,191.29,101327,-0.0142231383664005,7.1925,3027.40087890625,-0.0041218138422367,0.3158633737205414,0.3019763512188623,5157.35986328125,14.4399995803833,178.64999389648438,82.95999908447266,3.9195001125335693,3027.40087890625,292.05,3.45,2.5
2024-03-08,190.7,192.55,189.65,190.49,67150,-0.0041821318417062,7.1855,3046.01904296875,0.0061498839457383,0.3172941216022825,0.2975744610040544,5123.68994140625,14.739999771118164,175.33999633789062,82.08000183105469,3.884999990463257,3046.01904296875,288.18,3.45,3.4
2024-03-11,190.4,202.3,190.4,201.14,278080,0.0559084466376187,7.182,3068.455078125,0.0073656910346768,0.3480347390236735,0.3190743020464268,5117.93994140625,15.220000267028809,177.77000427246094,82.20999908447266,3.922499895095825,3068.455078125,329.31,3.45,7.5
2024-03-12,203.4,209.06,200.17,207.5,245029,0.0316197673262403,7.1804,3055.93505859375,-0.0040802355623535,0.3570034792136419,0.3253587893356894,5175.27001953125,13.84000015258789,177.5399932861328,81.91999816894531,3.924999952316284,3055.93505859375,338.29,3.45,7.1
2024-03-13,209.32,212.8,208.23,208.76,177813,0.0060722891566264,7.1875,3043.8349609375,-0.0039595401813996,0.3307053297737906,0.3255052253905087,5165.31005859375,13.75,169.47999572753906,84.02999877929688,4.052499771118164,3043.8349609375,337.1,3.45,8.7
2024-03-14,210.82,217.76,210.82,214.48,211352,0.0273998850354473,7.1932,3038.23388671875,-0.0018401372908289,0.3349120219981853,0.3284772861390602,5150.47998046875,14.399999618530273,162.5,85.41999816894531,4.0370001792907715,3038.23388671875,334.63,3.45,10.7
2024-03-15,212.4,213.78,208.58,211.87,146628,-0.0121689668034314,7.1953,3054.635986328125,0.0053985638436444,0.3428086127538788,0.325834290630546,5117.08984375,14.40999984741211,163.57000732421875,85.33999633789062,4.112500190734863,3054.635986328125,329.58,3.45,12.8
2024-03-18,214.25,220.65,214.01,220.43,196982,0.0404021333836785,7.1981,3084.926025390625,0.0099160879391428,0.3620394542208589,0.3351767261560298,5149.419921875,14.329999923706055,173.8000030517578,86.88999938964844,4.114500045776367,3084.926025390625,347.5,3.45,8.4
2024-03-19,220.43,222.25,216.79,219.2,146973,-0.0055800027219525,7.1991,3062.756103515625,-0.0071865327377478,0.3453012933242825,0.3350959724744156,5178.509765625,13.819999694824219,171.32000732421875,87.37999725341797,4.058499813079834,3062.756103515625,340.83,3.45,8.5
2024-03-20,219.41,223.18,219.41,220.88,96805,0.0076642335766423,7.1992,3079.68603515625,0.0055276786882219,0.3423095749965711,0.3316107428569156,5224.6201171875,13.039999961853027,175.66000366210938,85.94999694824219,4.03849983215332,3079.68603515625,344.84,3.45,7.4
2024-03-21,221.32,222.2,219.4,221.35,88667,0.0021278522274537,7.1993,3077.113037109375,-0.0008354741416829,0.3416301799963892,0.3311793841138717,5241.52978515625,12.920000076293945,172.82000732421875,85.77999877929688,4.046500205993652,3077.113037109375,344.12,3.45,7.5
2024-03-22,221.35,221.37,217.6,219.35,104672,-0.009035464196973,7.2289,3048.033935546875,-0.0094501245848988,0.3456910897967225,0.3297067372332674,5234.18017578125,13.0600004196167,170.8300018310547,85.43000030517578,3.996000051498413,3048.033935546875,339.49,3.45,11.5
2024-03-25,218.77,220.19,215.25,216.6,99109,-0.012537041258263,7.2102,3026.305908203125,-0.0071285385278532,0.3518216609875036,0.3277152478673684,5218.18994140625,13.1899995803833,172.6300048828125,86.75,4.006999969482422,3026.305908203125,336.42,3.45,10.5
2024-03-26,218.4,222.39,217.67,222.0,131346,0.0249307479224376,7.2176,3031.48095703125,0.0017100217179293,0.3357903851690696,0.3302416329208408,5203.580078125,13.239999771118164,177.6699981689453,86.25,3.996000051498413,3031.48095703125,349.02,3.45,10.6
2024-03-27,222.01,222.1,212.41,214.38,188849,-0.0343243243243243,7.227,2993.138916015625,-0.0126479570741468,0.3435900729544759,0.3386840455562757,5248.490234375,12.779999732971191,179.8300018310547,86.08999633789062,3.992500066757202,2993.138916015625,342.18,3.45,10.2
2024-03-28,212.25,214.24,208.41,210.78,159435,-0.0167926112510494,7.2262,3010.6640625,0.0058551062867819,0.3504240068895294,0.3407410210236655,5254.35009765625,13.010000228881836,175.7899932861328,87.4800033569336,4.003499984741211,3010.6640625,343.58,3.45,10.8
2024-03-29,210.83,210.92,203.57,205.46,141381,-0.0252395862985103,7.2203,3041.1669921875,0.010131628456139,0.3659305808149384,0.345106165468068,5254.35009765625,13.010000228881836,175.7899932861328,87.4800033569336,4.003499984741211,3041.1669921875,346.06,3.45,12.2
2024-04-01,205.46,215.38,205.46,214.41,142909,0.0435607904214931,7.2308,3077.37890625,0.0119072428957454,0.3862899868149292,0.3494965142466741,5243.77001953125,13.649999618530273,175.22000122070312,87.41999816894531,4.046000003814697,3077.37890625,359.89,3.45,11.1
2024-04-02,214.41,219.7,214.2,214.74,107585,0.0015391073177557,7.232,3074.958984375,-0.0007863581147207,0.3864973468893987,0.3494805590380428,5205.81005859375,14.609999656677246,166.6300048828125,88.91999816894531,4.070000171661377,3074.958984375,363.24,3.45,14.1
2024-04-03,212.9,213.51,209.95,210.56,83634,-0.0194654000186271,7.233,3069.2958984375,-0.0018416785284864,0.396608624189237,0.3472188873128859,5211.490234375,14.329999923706055,168.3800048828125,89.3499984741211,4.192999839782715,3069.2958984375,359.55,3.45,14.9
2024-04-08,209.4,217.4,208.79,214.4,128227,0.0182370820668693,7.2305,3047.052978515625,-0.0072469128614149,0.3931323704212193,0.3488985817739722,5202.39013671875,15.1899995803833,172.97999572753906,90.37999725341797,4.2769999504089355,3047.052978515625,354.06,3.45,16.7
2024-04-09,214.15,217.39,213.75,214.48,84208,0.0003731343283581,7.2316,3048.537109375,0.0004870709074766,0.3918971009196004,0.3488710008247424,5209.91015625,14.979999542236328,176.8800048828125,89.41999816894531,4.285999774932861,3048.537109375,356.58,3.45,12.2
2024-04-10,216.7,216.9,212.4,214.24,72411,-0.001118985453189,7.2341,3027.3349609375,-0.0069548598809239,0.3455678713847689,0.3488465003228528,5160.64013671875,15.800000190734863,171.75999450683594,90.4800033569336,4.2820000648498535,3027.3349609375,350.71,3.45,9.5
2024-04-11,211.4,217.84,210.2,215.38,100854,0.005321135175504,7.2373,3034.24609375,0.0022829098536092,0.3292925292207271,0.3467453472256006,5199.06005859375,14.90999984741211,174.60000610351562,89.73999786376953,4.251999855041504,3034.24609375,350.46,3.45,13.9
2024-04-12,214.4,219.59,211.94,213.0,114918,-0.0110502367907883,7.2374,3019.47412109375,-0.0048684161402324,0.3321280585509457,0.3461825833071016,5123.41015625,17.309999465942383,171.0500030517578,90.44999694824219,4.257500171661377,3019.47412109375,342.88,3.45,19.2
2024-04-15,212.4,217.9,211.49,216.02,113332,0.0141784037558685,7.2382,3057.3779296875,0.0125531158982148,0.3214453955186573,0.3457091206370336,5061.81982421875,19.229999542236328,161.47999572753906,90.0999984741211,4.379000186920166,3057.3779296875,358.63,3.45,17.1
2024-04-16,214.8,217.75,213.11,214.03,98323,-0.0092121099898158,7.2383,3007.068115234375,-0.0164552160740779,0.320061887485181,0.3401244489115749,5051.41015625,18.399999618530273,157.11000061035156,90.0199966430664,4.305500030517578,3007.068115234375,358.65,3.45,18.1
2024-04-17,213.4,215.58,212.0,215.4,96922,0.0064009718263795,7.2389,3071.381103515625,0.0213872735224813,0.2849506715080204,0.3400419099623657,5022.2099609375,18.209999084472656,155.4499969482422,87.29000091552734,4.34250020980835,3071.381103515625,356.56,3.45,19.2
2024-04-18,214.4,218.9,211.8,216.0,133998,0.0027855153203342,7.2382,3074.22509765625,0.0009259658911653,0.2847148972325481,0.3396435638439319,5011.1201171875,18.0,149.92999267578125,87.11000061035156,4.440499782562256,3074.22509765625,355.78,3.45,20.9
2024-04-19,214.59,215.27,209.46,212.53,111770,-0.0160648148148148,7.2403,3065.260986328125,-0.0029158929627368,0.2880384588309944,0.3415763693179573,4967.22998046875,18.709999084472656,147.0500030517578,87.29000091552734,4.501999855041504,3065.260986328125,347.22,3.45,17.0
2024-04-22,212.4,213.93,210.5,210.96,64695,-0.0073871923963675,7.2403,3044.594970703125,-0.0067420085001491,0.2883110694446115,0.3293721736657011,5010.60009765625,16.940000534057617,142.0500030517578,87.0,4.500500202178955,3044.594970703125,346.86,3.45,18.0
2024-04-23,210.95,210.96,206.39,207.44,87300,-0.0166856276071293,7.2445,3021.97802734375,-0.0074285557116819,0.2919566272032924,0.3295327862155202,5070.5498046875,15.6899995803833,144.67999267578125,88.41999816894531,4.490499973297119,3021.97802734375,345.65,3.45,15.1
2024-04-24,209.29,211.2,206.9,209.82,74979,0.011473197069032,7.246,3044.822021484375,0.0075592853203847,0.2935831749814449,0.3298058636265433,5071.6298828125,15.970000267028809,162.1300048828125,88.0199966430664,4.4670000076293945,3044.822021484375,345.06,3.45,16.5
2024-04-25,209.8,213.91,209.02,211.34,94684,0.0072443046420742,7.246,3052.89990234375,0.0026529895023017,0.2788665826793323,0.32660300104313,5048.419921875,15.369999885559082,170.17999267578125,89.01000213623047,4.570499897003174,3052.89990234375,351.54,3.45,19.5
2024-04-26,212.4,222.16,212.4,221.77,253454,0.0493517554651272,7.2464,3088.635986328125,0.0117056192890372,0.3081091824668941,0.3399206272530806,5099.9599609375,15.029999732971191,168.2899932861328,89.5,4.568999767303467,3088.635986328125,361.04,3.45,20.8
2024-04-29,223.48,227.8,221.13,223.78,191676,0.0090634441087613,7.2318,3113.04296875,0.0079021880629224,0.3009204110084276,0.3401483805370527,5116.169921875,14.670000076293945,194.0500030517578,88.4000015258789,4.658999919891357,3113.04296875,381.11,3.45,11.4
2024-04-30,225.9,226.78,220.9,220.9,115560,-0.0128697828224148,7.2401,3104.824951171875,-0.002639866413866,0.2883759724172261,0.3415866420752207,5035.68994140625,15.649999618530273,183.27999877929688,87.86000061035156,4.564499855041504,3104.824951171875,377.51,3.45,15.5
2024-05-06,227.4,230.79,225.9,228.7,186779,0.0353100950656404,7.2071,3140.719970703125,0.0115610445341538,0.274431786059449,0.3444910992430213,5180.740234375,13.489999771118164,184.75999450683594,83.33000183105469,4.634500026702881,3140.719970703125,385.39,3.45,20.1
2024-05-07,228.7,234.39,226.44,232.28,144190,0.0156536947966769,7.2185,3147.738037109375,0.0022345406377248,0.2777355702977875,0.3335173126872023,5187.7001953125,13.229999542236328,177.80999755859375,83.16000366210938,4.625500202178955,3147.738037109375,385.21,3.45,20.9
2024-05-08,230.94,231.28,228.4,228.63,91132,-0.015713793697262,7.2185,3128.47998046875,-0.0061180620539534,0.2738093150058039,0.3256365419790388,5187.669921875,13.0,174.72000122070312,83.58000183105469,4.561999797821045,3128.47998046875,378.64,3.45,22.2
2024-05-09,228.7,230.8,228.55,230.55,79007,0.0083978480514368,7.2198,3154.320068359375,0.0082596302523736,0.2693409202740492,0.324777739038334,5214.080078125,12.6899995803833,171.97000122070312,83.87999725341797,4.607500076293945,3154.320068359375,389.75,3.45,23.3
2024-05-10,229.4,231.92,228.4,230.2,80613,-0.0015181088700934,7.226,3154.547119140625,7.19808948772549e-05,0.2697408753388617,0.3249468084336388,5222.68017578125,12.550000190734863,168.47000122070312,82.79000091552734,4.69350004196167,3154.547119140625,379.13,3.45,22.7
2024-05-13,227.6,229.76,224.98,228.1,82481,-0.0091225021720242,7.2325,3148.02099609375,-0.0020687987214637,0.2731037608748707,0.3212751418356362,5221.419921875,13.600000381469727,171.88999938964844,83.36000061035156,4.804500102996826,3148.02099609375,371.66,3.45,23.1
2024-05-14,228.11,229.97,226.51,227.31,62619,-0.0034633932485751,7.2335,3145.77392578125,-0.0007138041059091,0.2740106606771837,0.3217569492578619,5246.68017578125,13.420000076293945,177.5500030517578,82.37999725341797,4.953499794006348,3145.77392578125,371.04,3.45,24.4
2024-05-15,226.9,228.4,220.7,221.54,99734,-0.0253838370507237,7.219,3119.902099609375,-0.0082243119760901,0.288012695118144,0.3160214101374854,5308.14990234375,12.449999809265137,173.99000549316406,82.75,4.9695000648498535,3119.902099609375,369.03,3.45,21.2
2024-05-16,221.55,222.36,219.01,220.71,87157,-0.0037465017604043,7.2181,3122.40087890625,0.000800915931685,0.2850738069262641,0.3144119984566523,5297.10009765625,12.420000076293945,174.83999633789062,83.2699966430664,4.892000198364258,3122.40087890625,372.23,3.45,21.3
2024-05-17,221.79,222.73,220.06,221.99,71487,0.0057994653617869,7.2233,3154.02587890625,0.0101284240001489,0.2827545130485417,0.3142489690019409,5303.27001953125,11.989999771118164,177.4600067138672,83.9800033569336,5.057000160217285,3154.02587890625,378.23,3.45,24.7
2024-05-20,220.88,226.4,220.88,225.27,75959,0.0147754403351503,7.2344,3171.14501953125,0.0054277108946665,0.286036189631066,0.3145419282892945,5308.1298828125,12.149999618530273,174.9499969482422,83.70999908447266,5.087500095367432,3171.14501953125,379.04,3.45,21.2
2024-05-21,224.38,224.39,219.82,221.18,84080,-0.0181559905890709,7.2376,3157.966064453125,-0.0041558979475726,0.2951701816028068,0.3125524600735964,5321.41015625,11.859999656677246,186.60000610351562,82.87999725341797,5.11899995803833,3157.966064453125,375.63,3.45,21.7
2024-05-22,220.59,221.9,217.56,219.32,88398,-0.0084094402748893,7.2405,3158.5400390625,0.0001817545209987,0.2903926283211747,0.311089014035003,5307.009765625,12.289999961853027,180.11000061035156,81.9000015258789,4.867499828338623,3158.5400390625,381.63,3.45,24.2
2024-05-23,218.25,218.25,215.91,217.35,62287,-0.0089823089549516,7.2421,3116.386962890625,-0.0133457469750444,0.291111211472405,0.3119990479871315,5267.83984375,12.770000457763672,173.74000549316406,81.36000061035156,4.816500186920166,3116.386962890625,380.64,3.45,25.3
2024-05-24,216.38,216.4,211.2,211.7,102876,-0.0259949390384173,7.2425,3088.87109375,-0.0088294135061784,0.3006089622443847,0.3174366909951703,5304.72021484375,11.930000305175781,179.24000549316406,82.12000274658203,4.778500080108643,3088.87109375,374.59,3.45,18.3
2024-05-27,212.4,213.2,209.0,210.75,76046,-0.004487482286254,7.2425,3124.04296875,0.0113866438360494,0.298697003837085,0.3160833372588584,5304.72021484375,11.930000305175781,179.24000549316406,82.12000274658203,4.778500080108643,3124.04296875,372.84,3.45,22.2
2024-05-28,211.2,211.31,208.98,209.78,60946,-0.0046026097271648,7.2451,3109.572021484375,-0.0046321217122743,0.298049467809116,0.3058082971589485,5306.0400390625,12.920000076293945,176.75,84.22000122070312,4.875500202178955,3109.572021484375,368.87,3.45,23.3
2024-05-29,213.4,228.4,213.39,227.1,302648,0.0825626847173228,7.2494,3111.01806640625,0.0004650302073352,0.3826075088092374,0.3418969502062666,5266.9501953125,14.279999732971191,176.19000244140625,83.5999984741211,4.805500030517578,3111.01806640625,370.65,3.45,25.9
2024-05-30,226.82,231.78,226.3,230.26,223792,0.0139145750770586,7.2493,3091.677978515625,-0.0062166427445295,0.3842707704994144,0.341455177971813,5235.47998046875,14.470000267028809,178.7899932861328,81.86000061035156,4.671999931335449,3091.677978515625,371.66,3.45,26.0
2024-05-31,231.2,234.0,229.39,231.42,185430,0.0050377833753147,7.241,3086.81298828125,-0.0015735759895377,0.380505607093864,0.3414545928950862,5277.509765625,12.920000076293945,178.0800018310547,81.62000274658203,4.610000133514404,3086.81298828125,368.79,3.45,24.7
2024-06-03,231.41,242.88,228.39,239.5,270146,0.0349148733903725,7.242,3078.489013671875,-0.0026966242013934,0.3800572221228505,0.3454531070894643,5283.39990234375,13.109999656677246,176.2899932861328,78.36000061035156,4.677000045776367,3078.489013671875,377.33,3.45,26.2
2024-06-04,239.3,242.2,238.35,240.55,157429,0.0043841336116909,7.2393,3091.198974609375,0.004128636120205,0.3770061258722197,0.3453469612335732,5291.33984375,13.15999984741211,174.77000427246094,77.5199966430664,4.547999858856201,3091.198974609375,383.57,3.45,26.5
2024-06-05,240.88,248.7,240.88,243.19,194434,0.0109748493036789,7.2475,3065.403076171875,-0.0083449492088291,0.372237290374002,0.3456519129596517,5354.02978515625,12.630000114440918,175.0,78.41000366210938,4.619500160217285,3065.403076171875,380.24,3.45,25.1
2024-06-06,243.6,246.2,239.9,240.9,175865,-0.0094165056128951,7.2451,3048.7939453125,-0.0054182534716173,0.3743946811049393,0.344708764752729,5352.9599609375,12.579999923706055,177.94000244140625,79.87000274658203,4.690999984741211,3048.7939453125,381.45,3.45,26.0
2024-06-07,241.43,243.79,234.53,237.9,182594,-0.012453300124533,7.2466,3051.279052734375,0.0008151116364212,0.3779289071049575,0.3459697567683913,5346.990234375,12.220000267028809,177.47999572753906,79.62000274658203,4.494500160217285,3051.279052734375,360.59,3.45,21.0
2024-06-11,237.03,248.4,236.73,247.03,221597,0.0383774695250105,7.2544,3028.044921875,-0.007614554571321,0.396688159450287,0.3364569483246009,5375.31982421875,12.850000381469727,170.66000366210938,81.91999816894531,4.5229997634887695,3028.044921875,352.61,3.45,28.5
2024-06-12,244.03,249.95,244.03,245.3,187332,-0.0070031979921466,7.2544,3037.468017578125,0.003111940524743,0.3978023085321839,0.3320236523944098,5421.02978515625,12.039999961853027,177.2899932861328,82.5999984741211,4.581500053405762,3037.468017578125,346.91,3.45,29.4
2024-06-13,251.2,260.68,250.51,255.39,292519,0.0411333061557275,7.2519,3028.9189453125,-0.0028145390226829,0.4024469966688615,0.3410595431273737,5433.740234375,11.9399995803833,182.47000122070312,82.75,4.507500171661377,3028.9189453125,346.15,3.45,28.6
2024-06-14,253.88,256.33,248.93,255.45,202610,0.0002349348055914,7.2557,3032.633056640625,0.0012262168104144,0.4012266421371412,0.3374839353971147,5431.60009765625,12.65999984741211,178.00999450683594,82.62000274658203,4.551000118255615,3032.633056640625,345.63,3.45,28.1
2024-06-17,254.4,262.27,253.27,259.61,208649,0.0162849872773538,7.2561,3015.89111328125,-0.0055205964739831,0.4023169633782425,0.3370101434681725,5473.22998046875,12.75,187.44000244140625,84.25,4.521500110626221,3015.89111328125,351.59,3.45,30.2
2024-06-18,258.0,259.7,255.4,258.04,128789,-0.006047532837718,7.2543,3030.24609375,0.0047597807512127,0.4045554470893497,0.3286926005436972,5487.02978515625,12.300000190734863,184.86000061035156,85.33000183105469,4.561999797821045,3030.24609375,355.42,3.45,31.3
2024-06-19,258.4,260.4,255.81,256.4,99108,-0.0063556037823594,7.2543,3018.049072265625,-0.0040250927175623,0.3968750824035151,0.3287812499798132,5487.02978515625,12.300000190734863,184.86000061035156,85.33000183105469,4.561999797821045,3018.049072265625,353.04,3.45,31.0
2024-06-20,255.28,256.17,251.7,253.9,116200,-0.0097503900156005,7.2604,3005.43701171875,-0.0041788785552805,0.3976249821148899,0.3296219307873125,5473.169921875,13.279999732971191,181.57000732421875,85.70999908447266,4.618000030517578,3005.43701171875,351.21,3.45,29.3
2024-06-21,254.39,256.77,250.21,253.07,116330,-0.0032690035447027,7.2609,2998.137939453125,-0.002428622605353,0.3949662223369191,0.3298357227596546,5464.6201171875,13.199999809265137,183.00999450683594,85.23999786376953,4.49399995803833,2998.137939453125,346.11,3.45,24.0
2024-06-24,252.4,256.38,250.18,252.34,108423,-0.0028845773896549,7.2586,2963.09912109375,-0.0116868600000993,0.37674350834141,0.3291616781515681,5447.8701171875,13.329999923706055,182.5800018310547,86.01000213623047,4.5269999504089355,2963.09912109375,349.39,3.45,27.4
2024-06-25,254.4,261.14,252.76,256.41,195746,0.0161290322580645,7.2629,2949.99609375,-0.0044220685195686,0.3739956954647241,0.3287939648853916,5469.2998046875,12.84000015258789,187.35000610351562,85.01000213623047,4.38100004196167,2949.99609375,348.2,3.45,28.3
2024-06-26,254.4,256.7,251.78,255.12,111917,-0.005031005031005,7.2666,2972.52490234375,0.0076368943814808,0.3742222115875129,0.3259887158139855,5477.89990234375,12.550000190734863,196.3699951171875,85.25,4.367499828338623,2972.52490234375,346.74,3.45,29.1
2024-06-27,253.42,254.76,250.82,251.9,82911,-0.0126215114455942,7.2688,2945.85205078125,-0.0089731297260013,0.266843583058702,0.3184580689276503,5482.8701171875,12.239999771118164,197.4199981689453,86.38999938964844,4.328499794006348,2945.85205078125,345.83,3.45,31.0
2024-06-28,250.4,254.53,249.28,252.65,92982,0.002977371973005,7.2672,2967.403076171875,0.0073157188545533,0.2649933476559966,0.3158067063115365,5460.47998046875,12.4399995803833,197.8800048828125,86.41000366210938,4.390500068664551,2967.403076171875,336.88,3.45,30.7
2024-07-01,252.65,254.25,244.9,249.2,129273,-0.0136552543043737,7.2683,2994.72998046875,0.0092090301167067,0.2729411359600605,0.3122206404879207,5475.08984375,12.220000267028809,209.86000061035156,86.5999984741211,4.426499843597412,2994.72998046875,329.75,3.45,25.1
2024-07-02,249.27,250.1,245.45,246.37,102627,-0.0113563402889245,7.2712,2997.010986328125,0.0007616732975097,0.251674164471996,0.3021784232575971,5509.009765625,12.029999732971191,231.25999450683594,86.23999786376953,4.429500102996826,2997.010986328125,329.77,3.45,21.3
2024-07-03,246.36,247.78,242.4,245.5,96574,-0.003531274099931,7.2699,2982.3759765625,-0.0048832019076298,0.2520527586593417,0.3024253158035369,5537.02001953125,12.09000015258789,246.38999938964844,87.33999633789062,4.540999889373779,2982.3759765625,335.93,3.45,22.6
2024-07-04,247.4,252.09,246.9,247.03,99196,0.0062321792260693,7.2699,2957.56689453125,-0.0083185628593498,0.2501526043260848,0.2990534935001936,5537.02001953125,12.09000015258789,246.38999938964844,87.33999633789062,4.540999889373779,2957.56689453125,336.11,3.45,24.8
2024-07-05,245.57,246.9,241.28,244.43,95665,-0.0105250374448447,7.268,2949.93310546875,-0.002581104446569,0.2507890733635799,0.2985356962937304,5567.18994140625,12.479999542236328,251.52000427246094,86.54000091552734,4.6585001945495605,2949.93310546875,332.54,3.45,26.4
2024-07-08,244.2,250.62,243.58,247.39,105375,0.0121098064885651,7.2683,2922.449951171875,-0.0093165347532543,0.2486625133181526,0.2991708798106281,5572.85009765625,12.369999885559082,252.94000244140625,85.75,4.622000217437744,2922.449951171875,329.46,3.45,27.1
2024-07-09,247.6,255.91,243.91,255.0,140763,0.0307611463680828,7.2725,2959.3720703125,0.0126339611481864,0.2350087931647888,0.3045849279082067,5576.97998046875,12.510000228881836,262.3299865722656,84.66000366210938,4.578000068664551,2959.3720703125,329.21,3.45,27.0
2024-07-10,254.89,258.93,253.9,254.9,109283,-0.000392156862745,7.2758,2939.364013671875,-0.0067609128440927,0.2329271336445709,0.304630734497082,5633.91015625,12.850000381469727,263.260009765625,85.08000183105469,4.607500076293945,2939.364013671875,324.32,3.45,27.8
2024-07-11,257.4,258.66,254.08,255.46,100359,0.0021969399764614,7.2573,2970.386962890625,0.010554306671257,0.1815534728351424,0.3032297115202338,5584.5400390625,12.920000076293945,241.02999877929688,85.4000015258789,4.508500099182129,2970.386962890625,331.44,3.45,29.1
2024-07-12,255.92,266.4,254.29,265.02,188863,0.0374226884835198,7.2495,2971.294921875,0.0003056702698061,0.2248199424418793,0.3104762701980853,5615.35009765625,12.460000038146973,248.22999572753906,85.02999877929688,4.598499774932861,2971.294921875,336.47,3.45,26.0
2024-07-15,264.7,267.2,263.01,264.11,98716,-0.0034337031167457,7.2592,2974.010986328125,0.0009141012671374,0.2189454591614491,0.3096828781169027,5631.22021484375,13.119999885559082,252.63999938964844,84.8499984741211,4.5289998054504395,2974.010986328125,333.44,3.45,26.4
2024-07-16,263.01,264.6,258.75,261.39,117588,-0.0102987391617129,7.2685,2976.303955078125,0.0007710021114719,0.2212550516499365,0.3109477440786335,5667.2001953125,13.1899995803833,256.55999755859375,83.7300033569336,4.443999767303467,2976.303955078125,335.57,3.45,26.5
2024-07-17,261.4,263.92,259.02,261.91,105192,0.001989364551054,7.2607,2962.85498046875,-0.0045186831763027,0.2196847422745573,0.3109589068551844,5588.27001953125,14.479999542236328,248.5,85.08000183105469,4.39900016784668,2962.85498046875,338.43,3.45,27.8
2024-07-18,260.3,265.3,259.91,263.83,95322,0.0073307624756593,7.26,2977.133056640625,0.0048190263330458,0.2167881272959046,0.3083891949403256,5544.58984375,15.930000305175781,249.22999572753906,85.11000061035156,4.265999794006348,2977.133056640625,351.86,3.45,29.8
2024-07-19,262.9,268.4,262.14,266.46,136214,0.0099685403479512,7.2695,2982.30908203125,0.0017385939063354,0.2176056104326034,0.3077526338054641,5505.0,16.520000457763672,239.1999969482422,82.62999725341797,4.218999862670898,2982.30908203125,353.82,3.45,30.1
2024-07-22,266.5,272.5,266.5,268.01,100750,0.0058170081813406,7.2736,2964.216064453125,-0.0060667815040156,0.2168507920264523,0.3047073929994596,5564.41015625,14.90999984741211,251.50999450683594,82.4000015258789,4.180500030517578,2964.216064453125,353.96,3.35,29.7
2024-07-23,267.39,267.81,255.4,255.63,167410,-0.0461923062572291,7.2748,2915.368896484375,-0.0164789498830821,0.2728194167301062,0.3214904756250586,5555.740234375,14.720000267028809,246.3800048828125,81.01000213623047,4.145999908447266,2915.368896484375,347.99,3.35,32.0
2024-07-24,255.63,257.55,250.89,252.39,118640,-0.0126745687125924,7.2622,2901.951904296875,-0.0046021593369125,0.2760150261099151,0.3230859226283031,5427.1298828125,18.040000915527344,215.99000549316406,81.70999908447266,4.098999977111816,2901.951904296875,348.2,3.35,29.7
2024-07-25,252.37,256.94,249.9,252.79,101104,0.0015848488450413,7.231,2886.741943359375,-0.0052412863614241,0.2722485954584883,0.3084160505600226,5399.22021484375,18.459999084472656,220.25,82.37000274658203,4.112500190734863,2886.741943359375,350.74,3.35,25.6
2024-07-26,255.37,260.03,253.55,257.35,124842,0.01803868823925,7.2502,2890.89697265625,0.001439349058004,0.279357426954195,0.3097938617625742,5459.10009765625,16.389999389648438,219.8000030517578,81.12999725341797,4.104499816894531,2890.89697265625,353.66,3.35,27.5
2024-07-29,258.42,258.49,252.07,254.59,78859,-0.0107246939965028,7.2597,2891.844970703125,0.0003279252273054,0.2774961536208273,0.3093697265578811,5463.5400390625,16.600000381469727,232.10000610351562,79.77999877929688,4.061999797821045,2891.844970703125,344.98,3.35,29.7
2024-07-30,253.08,253.29,247.11,249.4,110393,-0.0203857182135983,7.2511,2879.300048828125,-0.004338034023985,0.2846800047748116,0.3052091728634208,5436.43994140625,17.690000534057617,222.6199951171875,78.62999725341797,4.063000202178955,2879.300048828125,345.63,3.35,26.1
2024-07-31,248.1,253.51,248.06,252.54,87490,0.0125902165196472,7.2193,2938.7490234375,0.0206470230963149,0.2871938969358694,0.3046717893146534,5522.2998046875,16.360000610351562,232.07000732421875,80.72000122070312,4.159999847412109,2938.7490234375,348.18,3.35,27.5
2024-08-01,253.49,254.23,245.49,249.69,103635,-0.0112853409360893,7.2441,2932.386962890625,-0.0021648873368006,0.2901392251714431,0.3037323322579591,5446.68017578125,18.59000015258789,216.86000061035156,79.5199966430664,4.066500186920166,2932.386962890625,337.37,3.35,28.2
2024-08-02,247.48,247.75,240.09,240.27,145671,-0.0377267812086987,7.16,2905.337890625,-0.0092242506217395,0.3187472683860462,0.3138926594419223,5346.56005859375,23.389999389648438,207.6699981689453,76.80999755859375,4.084000110626221,2905.337890625,331.59,3.35,26.9
2024-08-05,236.33,242.16,235.5,236.67,105268,-0.0149831439630416,7.13,2860.697998046875,-0.0153647851845976,0.3188533846857408,0.3155402742232514,5186.330078125,38.56999969482422,198.8800048828125,76.30000305175781,3.9839999675750732,2860.697998046875,331.43,3.35,27.9
2024-08-06,239.49,240.11,231.47,234.43,129102,-0.0094646554273882,7.1563,2867.283935546875,0.0023022134823376,0.2950881628529885,0.3155863257330882,5240.02978515625,27.709999084472656,200.63999938964844,76.4800033569336,4.011499881744385,2867.283935546875,327.74,3.35,28.1
2024-08-07,234.53,236.49,231.96,234.44,82022,4.265665657121609e-05,7.176,2869.833984375,0.0008893604140527,0.295163307429338,0.3154730316435702,5199.5,27.850000381469727,191.75999450683594,78.33000183105469,3.9375,2869.833984375,325.43,3.35,26.9
2024-08-08,233.29,233.29,228.99,231.94,85357,-0.0106637092646305,7.1747,2869.90087890625,2.3309547386496376e-05,0.2951069410503879,0.3116931764851587,5319.31005859375,23.790000915527344,198.83999633789062,79.16000366210938,3.944999933242798,2869.90087890625,323.15,3.35,27.5
2024-08-09,233.55,241.37,233.53,237.11,119852,0.0222902474777959,7.166,2862.194091796875,-0.0026853844207721,0.2703407208091916,0.3145711278420146,5344.16015625,20.3700008392334,200.0,79.66000366210938,3.9800000190734863,2862.194091796875,318.83,3.35,25.9
2024-08-12,237.5,238.98,234.99,235.89,53779,-0.005145291215048,7.1744,2858.205078125,-0.0013936908343524,0.2702430987900721,0.3147147957996037,5344.39013671875,20.709999084472656,197.49000549316406,82.30000305175781,4.054999828338623,2858.205078125,317.03,3.35,26.2
2024-08-13,235.85,235.88,231.49,234.22,60437,-0.0070795709864767,7.1558,2867.946044921875,0.003408071335198,0.2697251770657392,0.3138751105031312,5434.43017578125,18.1200008392334,207.8300018310547,80.69000244140625,4.035999774932861,2867.946044921875,325.63,3.35,25.3
2024-08-14,234.09,234.09,230.69,232.09,56330,-0.0090940141747075,7.1382,2850.654052734375,-0.0060293994087224,0.2686009859557537,0.3120770716007939,5455.2099609375,16.190000534057617,201.3800048828125,79.76000213623047,4.025000095367432,2850.654052734375,322.8,3.35,25.9
2024-08-15,232.06,237.99,230.37,236.98,88545,0.021069412727821,7.1734,2877.35791015625,0.0093676247372986,0.2816772589288421,0.3141258279715915,5543.22021484375,15.229999542236328,214.13999938964844,81.04000091552734,4.138999938964844,2877.35791015625,324.95,3.35,26.3
2024-08-16,237.6,243.81,235.99,240.6,102219,0.0152755506793822,7.1644,2879.429931640625,0.000720112529992,0.2860636902308547,0.3146081723106749,5554.25,14.800000190734863,216.1199951171875,79.68000030517578,4.127500057220459,2879.429931640625,325.34,3.35,26.2
2024-08-19,240.74,244.47,240.5,240.91,70182,0.0012884455527846,7.1393,2893.674072265625,0.0049468613451844,0.2842519489275161,0.3092035167942285,5608.25,14.649999618530273,222.72000122070312,77.66000366210938,4.166500091552734,2893.674072265625,328.91,3.35,24.4
2024-08-20,241.49,242.82,238.92,241.97,62484,0.0043999833962891,7.132,2866.660888671875,-0.0093352543925584,0.2408029825048655,0.308901632038374,5597.1201171875,15.880000114440918,221.10000610351562,77.19999694824219,4.149499893188477,2866.660888671875,327.59,3.35,24.1
2024-08-21,240.15,248.62,237.49,246.49,111043,0.0186800016530974,7.1344,2856.583984375,-0.0035152062585064,0.2490400419454481,0.3103009647325117,5620.85009765625,16.270000457763672,223.27000427246094,76.05000305175781,4.18149995803833,2856.583984375,326.04,3.35,25.5
2024-08-22,246.49,248.26,245.11,246.01,62488,-0.0019473406629072,7.144,2848.77197265625,-0.0027347390314726,0.248857183755693,0.2622133971417399,5570.64013671875,17.549999237060547,210.66000366210938,77.22000122070312,4.140999794006348,2848.77197265625,334.67,3.35,27.5
2024-08-23,245.29,246.79,243.64,244.83,49786,-0.0047965529856508,7.1244,2854.367919921875,0.0019643366753594,0.2383728468312475,0.2612218004565069,5634.60986328125,15.859999656677246,220.32000732421875,79.0199966430664,4.194499969482422,2854.367919921875,340.07,3.35,25.9
2024-08-26,244.99,248.49,243.2,244.9,56513,0.0002859126741003,7.1212,2855.52001953125,0.0004036268770168,0.2364588644239756,0.2611016813821786,5616.83984375,16.149999618530273,213.2100067138672,81.43000030517578,4.21150016784668,2855.52001953125,343.88,3.35,22.1
2024-08-27,243.0,246.77,241.99,246.29,50926,0.0056757860351164,7.1244,2848.73095703125,-0.0023775222914089,0.2272544791045802,0.251620639684499,5625.7998046875,15.430000305175781,209.2100067138672,79.55000305175781,4.230500221252441,2848.73095703125,343.13,3.35,23.3
2024-08-28,245.76,245.77,238.29,242.34,89041,-0.016038003979049,7.1245,2837.428955078125,-0.0039673813089401,0.2280530278478924,0.2537766541926981,5592.18017578125,17.110000610351562,205.75,78.6500015258789,4.144999980926514,2837.428955078125,341.9,3.35,23.1
2024-08-29,238.82,241.99,236.79,240.34,79385,-0.0082528678715854,7.0972,2823.10595703125,-0.005047879003716,0.22665829827281,0.2533645881916267,5591.9599609375,15.649999618530273,206.27999877929688,79.94000244140625,4.147500038146973,2823.10595703125,338.27,3.35,23.6
2024-08-30,243.47,257.28,242.75,254.91,193028,0.0606224515270032,7.09,2842.214111328125,0.0067684864074208,0.2820373277956191,0.281434619813901,5648.39990234375,15.0,214.11000061035156,78.80000305175781,4.144999980926514,2842.214111328125,344.64,3.35,25.8
2024-09-02,253.51,255.91,246.49,246.59,101135,-0.0326389706170805,7.09,2811.034912109375,-0.010970038849107,0.3032257132391775,0.2885361287370007,5648.39990234375,15.0,214.11000061035156,78.80000305175781,4.144999980926514,2811.034912109375,338.97,3.35,22.2
2024-09-03,245.89,252.94,245.89,252.57,101820,0.0242507806480392,7.1209,2802.97900390625,-0.0028658157778196,0.3095377447867795,0.2820490739165259,5528.93017578125,20.719999313354492,210.60000610351562,73.75,4.0320000648498535,2802.97900390625,347.0,3.35,22.3
2024-09-04,250.99,257.39,250.93,255.81,100606,0.0128281268559211,7.1119,2784.278076171875,-0.0066718044296133,0.3107431061532604,0.2827159736488714,5520.06982421875,21.31999969482422,219.41000366210938,72.69999694824219,4.019499778747559,2784.278076171875,349.7,3.35,22.2
2024-09-05,255.49,261.09,255.09,258.34,100126,0.0098901528478165,7.0921,2788.31396484375,0.0014495278709458,0.3059235445321848,0.2706991501253256,5503.41015625,19.899999618530273,230.1699981689453,72.69000244140625,4.077499866485596,2788.31396484375,349.07,3.35,24.0
2024-09-06,258.35,260.59,256.91,257.09,78142,-0.0048385848107145,7.0876,2765.806884765625,-0.0080719317702037,0.3013901682227597,0.2709066649990881,5408.419921875,22.3799991607666,210.72999572753906,71.05999755859375,4.014500141143799,2765.806884765625,347.54,3.35,22.9
2024-09-09,254.97,259.45,254.07,255.47,70851,-0.0063012952662491,7.1133,2736.488037109375,-0.0106004681012769,0.3018941999772175,0.2691450309624361,5471.0498046875,19.450000762939453,216.27000427246094,71.83999633789062,4.084499835968018,2736.488037109375,346.1,3.35,23.2
2024-09-10,255.49,258.29,254.11,255.14,61248,-0.0012917367988414,7.1205,2744.19189453125,0.0028152351910197,0.2997265015740585,0.2688745564729348,5495.52001953125,19.079999923706055,226.1699981689453,69.19000244140625,4.040500164031982,2744.19189453125,338.91,3.35,21.9
2024-09-11,255.49,266.09,254.93,263.59,155361,0.0331190718821039,7.1192,2721.794921875,-0.0081615912869955,0.3116387334052476,0.2769678966169226,5554.1298828125,17.690000534057617,228.1300048828125,70.61000061035156,4.083000183105469,2721.794921875,348.63,3.35,20.8
2024-09-12,264.19,265.49,262.49,262.5,77251,-0.0041352099852042,7.1173,2717.123046875,-0.001716468409303,0.308909433565199,0.2763090514826123,5595.759765625,17.06999969482422,229.80999755859375,71.97000122070312,4.132999897003174,2717.123046875,353.66,3.35,21.8
2024-09-13,262.69,263.49,260.34,260.48,56992,-0.0076952380952379,7.093,2704.090087890625,-0.0047966024208452,0.309834501233419,0.2767294307688981,5626.02001953125,16.559999465942383,230.2899932861328,71.61000061035156,4.175000190734863,2704.090087890625,343.13,3.35,22.4
2024-09-18,260.51,264.82,259.59,263.92,66820,0.0132063882063881,7.0812,2717.281005859375,0.0048781355428286,0.3112567770143544,0.2778193357779057,5618.259765625,18.229999542236328,227.1999969482422,73.6500015258789,4.23799991607666,2717.281005859375,348.35,3.35,23.8
2024-09-19,264.5,264.87,258.79,260.85,91043,-0.0116323128220672,7.0675,2736.02197265625,0.0068969557276052,0.3166524221733692,0.2771433885648872,5713.64013671875,16.329999923706055,243.9199981689453,74.87999725341797,4.285999774932861,2736.02197265625,349.25,3.35,24.3
2024-09-20,260.87,264.29,258.37,261.59,89898,0.0028368794326238,7.0505,2736.81396484375,0.0002894685040599,0.3118345547141668,0.2769495758713715,5702.5498046875,16.149999618530273,238.25,74.48999786376953,4.281499862670898,2736.81396484375,346.91,3.35,18.0
2024-09-23,261.44,262.45,254.28,255.49,107583,-0.0233189342100231,7.0508,2748.91796875,0.0044226622860501,0.3254069565276456,0.2799764571432583,5718.56982421875,15.890000343322754,250.0,73.9000015258789,4.289000034332275,2748.91796875,351.59,3.35,16.1
2024-09-24,258.49,260.99,252.25,259.78,156495,0.0167912638459428,7.0318,2863.1259765625,0.0415465318029963,0.3283578132644143,0.2819464956184633,5732.93017578125,15.390000343322754,254.27000427246094,75.16999816894531,4.429500102996826,2863.1259765625,368.36,3.35,17.7
2024-09-25,263.49,275.15,263.15,268.29,205710,0.0327584879513436,7.0315,2896.305908203125,0.0115887082553249,0.3444160689474805,0.2878930360662712,5722.259765625,15.40999984741211,257.0199890136719,73.45999908447266,4.427999973297119,2896.305908203125,378.41,3.35,18.9
2024-09-26,269.49,275.19,267.59,275.1,149066,0.0253829811025383,7.0106,3000.952880859375,0.0361311877864356,0.3521051560076766,0.2907758053186925,5745.3701171875,15.369999885559082,254.22000122070312,71.5999984741211,4.580999851226807,3000.952880859375,382.74,3.35,19.0
2024-09-27,278.49,297.48,276.99,289.48,309922,0.0522719011268628,7.0111,3087.529052734375,0.0288495605603136,0.3784750794893249,0.3082055407761785,5738.169921875,16.959999084472656,260.4599914550781,71.9800033569336,4.540999889373779,3087.529052734375,421.08,3.35,20.9
2024-09-30,295.49,313.57,295.49,312.8,388805,0.080558242365621,7.0176,3336.4970703125,0.0806366558260023,0.448916531697569,0.3468240718198832,5762.47998046875,16.729999542236328,261.6300048828125,71.7699966430664,4.495999813079834,3336.4970703125,466.23,3.35,15.7
2024-10-08,343.53,343.53,312.8,332.87,443439,0.0641624040920716,7.0595,3489.77490234375,0.045939747226241,0.453978330154399,0.3665214710035758,5751.1298828125,21.420000076293945,244.5,77.18000030517578,4.4120001792907715,3489.77490234375,551.03,3.35,14.2
2024-10-09,320.49,326.2,305.99,311.18,325919,-0.0651605731967435,7.0818,3258.85791015625,-0.0661695950740017,0.5094050268145137,0.3936975276060404,5792.0400390625,20.860000610351562,241.0500030517578,76.58000183105469,4.355000019073486,3258.85791015625,471.83,3.35,15.0
2024-10-10,315.49,327.49,315.47,321.38,250167,0.0327784561989845,7.0794,3301.926025390625,0.0132157082087418,0.5129710884280317,0.3943016115679007,5780.0498046875,20.93000030517578,238.77000427246094,79.4000015258789,4.385000228881836,3301.926025390625,477.23,3.35,14.3
2024-10-11,319.51,319.51,301.5,305.54,186418,-0.049287447881013,7.0667,3217.738037109375,-0.0254966306434106,0.5580286152369328,0.4091671321168993,5815.02978515625,20.459999084472656,217.8000030517578,79.04000091552734,4.451499938964844,3217.738037109375,448.05,3.35,13.8
2024-10-14,306.48,315.47,305.69,312.49,172365,0.022746612554821,7.0667,3284.322998046875,0.0206930956372433,0.5600089362468793,0.4110829432835942,5859.85009765625,19.700000762939453,219.16000366210938,77.45999908447266,4.363500118255615,3284.322998046875,462.32,3.35,17.2
2024-10-15,310.99,313.87,303.49,303.49,122149,-0.0288009216294921,7.1192,3201.2919921875,-0.0252810110055411,0.5747786823636308,0.4102759890873683,5815.259765625,20.639999389648438,219.57000732421875,74.25,4.30049991607666,3201.2919921875,447.02,3.35,15.4
2024-10-16,298.49,301.47,292.49,295.28,150322,-0.0270519621733831,7.1192,3202.947998046875,0.0005172929752788,0.5866775703126991,0.4145889914251867,5842.47021484375,19.579999923706055,221.3300018310547,74.22000122070312,4.331500053405762,3202.947998046875,433.76,3.35,14.2
2024-10-17,298.0,303.34,294.61,294.91,102457,-0.0012530479544836,7.1216,3169.384033203125,-0.0104790851628615,0.5866695363751159,0.4138385907431023,5841.47021484375,19.110000610351562,220.88999938964844,74.44999694824219,4.286499977111816,3169.384033203125,429.53,3.35,15.4
2024-10-18,294.94,311.69,293.57,305.79,191092,0.0368926113051439,7.1015,3261.56298828125,0.0290841861107518,0.5889682151382725,0.4198488810988819,5864.669921875,18.030000686645508,220.6999969482422,73.05999755859375,4.3460001945495605,3261.56298828125,462.63,3.35,14.9
2024-10-21,308.49,314.09,306.39,311.94,157816,0.0201118414598253,7.1189,3268.110107421875,0.0020073563393221,0.5885747316393171,0.4212363560947795,5853.97998046875,18.3700008392334,218.85000610351562,74.29000091552734,4.322999954223633,3268.110107421875,468.87,3.1,6.6
2024-10-22,310.49,315.61,308.49,310.24,103733,-0.0054497659806372,7.123,3285.866943359375,0.0054333652642775,0.5877674312523298,0.4213538074899126,5851.2001953125,18.200000762939453,217.97000122070312,76.04000091552734,4.3480000495910645,3285.866943359375,463.82,3.1,10.2
2024-10-23,310.24,317.29,308.17,314.37,126695,0.013312274368231,7.1252,3302.802978515625,0.0051542060126559,0.5877765812841474,0.421856475344003,5797.419921875,19.239999771118164,213.64999389648438,74.95999908447266,4.304500102996826,3302.802978515625,461.57,3.1,9.0
2024-10-24,314.37,315.46,308.07,309.17,96885,-0.0165410185450265,7.119,3280.262939453125,-0.00682451820745,0.5903623900436911,0.4113315714410019,5809.85986328125,19.079999923706055,260.4800109863281,74.37999725341797,4.319499969482422,3280.262939453125,455.91,3.1,11.6
2024-10-25,309.49,317.29,309.49,313.63,139820,0.0144257204774072,7.1199,3299.699951171875,0.0059254431969379,0.5901422345043813,0.4105283211814035,5808.1201171875,20.329999923706055,269.19000244140625,76.05000305175781,4.3394999504089355,3299.699951171875,478.81,3.1,12.6
2024-10-28,314.49,314.49,307.24,310.59,109324,-0.0096929502917451,7.1254,3322.197998046875,0.0068182099002698,0.5819352597066906,0.411455765415051,5823.52001953125,19.799999237060547,262.510009765625,71.41999816894531,4.331999778747559,3322.197998046875,474.06,3.1,9.7
2024-10-29,314.49,315.77,309.29,310.89,118546,0.0009659036028204,7.1301,3286.406982421875,-0.010773293959614,0.5823583811853785,0.4104124420108067,5832.919921875,19.34000015258789,259.5199890136719,71.12000274658203,4.332499980926514,3286.406982421875,466.03,3.1,11.0
2024-10-30,308.49,313.0,306.99,311.04,108448,0.00048248576667,7.1229,3266.238037109375,-0.0061370808364205,0.576617832037891,0.4093970494898468,5813.669921875,20.350000381469727,257.54998779296875,72.55000305175781,4.327499866485596,3266.238037109375,459.28,3.1,11.6
2024-10-31,307.5,308.48,298.49,298.68,240852,-0.0397376543209877,7.1178,3279.823974609375,0.004159506241016,0.596629786555754,0.4161190683800844,5705.4501953125,23.15999984741211,249.85000610351562,73.16000366210938,4.313499927520752,3279.823974609375,455.59,3.1,11.6
2024-11-01,298.69,301.09,295.59,295.8,143041,-0.0096424266773804,7.1214,3272.013916015625,-0.0023812432173834,0.5712091731600829,0.4165035591965714,5728.7998046875,21.8799991607666,248.97999572753906,73.0999984741211,4.347499847412109,3272.013916015625,455.99,3.1,12.8
2024-11-04,301.49,314.41,301.1,312.47,217319,0.0563556457065586,7.0995,3310.20703125,0.0116726628353962,0.5320031082762309,0.4294788493712883,5712.68994140625,21.979999542236328,242.83999633789062,75.08000183105469,4.4070000648498535,3310.20703125,464.99,3.1,6.8
2024-11-05,309.55,313.93,305.99,312.99,167820,0.0016641597593367,7.1047,3386.987060546875,0.0231949326951557,0.4760975499328726,0.4205877699549188,5782.759765625,20.489999771118164,251.44000244140625,75.52999877929688,4.450500011444092,3386.987060546875,483.33,3.1,6.3
2024-11-06,313.49,315.24,303.49,305.85,184861,-0.0228122304226972,7.1782,3383.805908203125,-0.0009392277817666,0.4231286985045387,0.4224592116857801,5929.0400390625,16.270000457763672,288.5299987792969,74.91999816894531,4.222499847412109,3383.805908203125,474.53,3.1,6.7
2024-11-07,300.52,307.37,299.49,307.27,150676,0.0046427987575607,7.1412,3470.660888671875,0.0256678375843584,0.4051610087726425,0.4214372928884556,5973.10009765625,15.199999809265137,296.9100036621094,75.62999725341797,4.409999847412109,3470.660888671875,485.87,3.1,7.5
2024-11-08,312.61,313.01,302.49,303.39,166716,-0.0126273310118136,7.1785,3452.297119140625,-0.0052911448626942,0.3674774051563564,0.4228537582907382,5995.5400390625,14.9399995803833,321.2200012207031,73.87000274658203,4.286499977111816,3452.297119140625,476.33,3.1,8.6
2024-11-11,300.49,304.96,298.09,304.78,180859,0.0045815616862783,7.1785,3470.06591796875,0.0051469494701394,0.3580340033093755,0.4216478777989609,6001.35009765625,14.970000267028809,350.0,71.83000183105469,4.210999965667725,3470.06591796875,494.33,3.1,9.0
2024-11-12,305.64,315.49,304.8,306.3,246557,0.0049872038847693,7.232,3421.969970703125,-0.0138602402382541,0.3430211853750043,0.4200890357787715,5983.990234375,14.710000038146973,328.489990234375,71.88999938964844,4.119500160217285,3421.969970703125,504.26,3.1,10.2
2024-11-13,303.49,306.82,300.79,306.06,145116,-0.0007835455435847,7.2245,3439.278076171875,0.0050579361060827,0.327160015311925,0.4197510587074681,5985.3798828125,14.020000457763672,330.239990234375,72.27999877929688,4.065999984741211,3439.278076171875,520.43,3.1,9.9
2024-11-14,305.49,305.79,299.49,300.24,124583,-0.0190158792393647,7.2272,3379.839111328125,-0.0172823957607722,0.3354686414372541,0.4218879298781013,5949.169921875,14.3100004196167,311.17999267578125,72.55999755859375,4.072999954223633,3379.839111328125,507.83,3.1,12.0
2024-11-15,300.28,301.28,293.51,295.49,153236,-0.0158206767918998,7.2288,3330.72607421875,-0.014531176038754,0.3122669282922587,0.4230367453683539,5870.6201171875,16.139999389648438,320.7200012207031,71.04000091552734,4.051000118255615,3330.72607421875,490.83,3.1,10.5
2024-11-18,295.5,298.44,292.15,294.17,116206,-0.0044671562489424,7.2364,3323.84912109375,-0.0020647009005725,0.301682889786326,0.4219692771405487,5893.6201171875,15.579999923706055,338.739990234375,73.30000305175781,4.107999801635742,3323.84912109375,486.08,3.1,3.0
2024-11-19,294.17,296.97,287.51,293.48,131947,-0.0023455824863174,7.2392,3346.010009765625,0.0066672366477882,0.3015168074563187,0.4214948384182189,5916.97998046875,16.350000381469727,346.0,73.30999755859375,4.130000114440918,3346.010009765625,496.52,3.1,3.5
2024-11-20,293.5,295.89,290.99,293.95,106017,0.0016014719912769,7.2459,3367.989013671875,0.0065687203092945,0.2961355416085827,0.4214878050012475,5917.10986328125,17.15999984741211,342.0299987792969,72.80999755859375,4.143499851226807,3367.989013671875,494.42,3.1,6.2
2024-11-21,293.96,293.98,289.49,291.49,95533,-0.0083687701990133,7.2368,3370.404052734375,0.0007170566924941,0.2926487773901562,0.4222044051015747,5948.7099609375,16.8700008392334,339.6400146484375,74.2300033569336,4.11299991607666,3370.404052734375,495.69,3.1,8.9
2024-11-22,290.99,291.35,283.49,283.98,125142,-0.0257641771587361,7.2455,3267.19189453125,-0.0306230815618056,0.2960607141273593,0.4251721245541621,5969.33984375,15.239999771118164,352.55999755859375,75.16999816894531,4.073999881744385,3267.19189453125,479.21,3.1,6.5
2024-11-25,288.49,294.85,286.38,288.49,174533,0.0158814000985985,7.2395,3263.760009765625,-0.0010504080802139,0.3042477910594729,0.4259070918468208,5987.3701171875,14.600000381469727,338.5899963378906,73.01000213623047,4.0914998054504395,3263.760009765625,488.21,3.1,4.9
2024-11-26,285.49,291.49,283.37,286.5,95206,-0.0068979860653749,7.252,3259.757080078125,-0.0012264779504383,0.3039934219246993,0.4260933088924116,6021.6298828125,14.100000381469727,338.2300109863281,72.80999755859375,4.039000034332275,3259.757080078125,474.92,3.1,-0.6
2024-11-27,284.77,286.49,282.49,286.49,110003,-3.49040139615564e-05,7.2458,3309.779052734375,0.0153453068518378,0.3038999289632177,0.4261024588527292,5998.740234375,14.100000381469727,332.8900146484375,72.83000183105469,4.066999912261963,3309.779052734375,480.65,3.1,-0.6
2024-11-28,286.69,287.05,278.49,280.07,158589,-0.022409159132954,7.2458,3295.697998046875,-0.0042543790576796,0.2822753274789283,0.429216155206798,5998.740234375,14.100000381469727,332.8900146484375,72.83000183105469,4.066999912261963,3295.697998046875,471.29,3.1,3.1
2024-11-29,278.49,283.37,277.54,280.32,128005,0.0008926339843611,7.2423,3326.4560546875,0.0093327897941053,0.2814948636210449,0.4274918826573889,6032.3798828125,13.510000228881836,345.1600036621094,72.94000244140625,4.08050012588501,3326.4560546875,483.06,3.1,7.6
2024-12-02,282.1,289.49,279.57,287.89,151357,0.0270048515981735,7.2714,3363.98193359375,0.0112810385254811,0.2103375712021181,0.4297054431763138,6047.14990234375,13.34000015258789,357.0899963378906,71.83000183105469,4.075500011444092,3363.98193359375,484.77,3.1,1.1
2024-12-03,290.29,291.37,286.07,288.14,91450,0.000868387231234,7.2858,3378.805908203125,0.0044066748579527,0.2100719215439762,0.4128183042138835,6049.8798828125,13.300000190734863,351.4200134277344,73.62000274658203,4.145999908447266,3378.805908203125,484.14,3.1,1.3
2024-12-04,286.83,288.82,284.29,285.47,85013,-0.0092663288679113,7.2632,3364.64990234375,-0.0041896475393886,0.1992447679751905,0.4070905701196581,6086.490234375,13.449999809265137,357.92999267578125,72.30999755859375,4.142000198364258,3364.64990234375,478.97,3.1,1.3
2024-12-05,282.68,283.97,279.8,280.75,90268,-0.0165341366868673,7.2558,3368.85498046875,0.0012497817743446,0.2021128394627645,0.4064761639972586,6075.10986328125,13.539999961853027,369.489990234375,72.08999633789062,4.135000228881836,3368.85498046875,473.63,3.1,4.1
2024-12-06,281.16,287.47,279.5,285.77,124698,0.0178806767586821,7.27,3404.075927734375,0.0104548718985595,0.2143356689135235,0.4071778819825465,6090.27001953125,12.770000457763672,389.2200012207031,71.12000274658203,4.138500213623047,3404.075927734375,492.62,3.1,2.1
2024-12-09,284.72,289.48,283.17,285.98,92153,0.000734856702943,7.2604,3402.533935546875,-0.0004529840756302,0.2129853537396684,0.406868442683962,6052.85009765625,14.1899995803833,389.7900085449219,72.13999938964844,4.223499774932861,3402.533935546875,495.32,3.1,-1.5
2024-12-10,298.49,299.49,287.49,288.04,175929,0.0072033009301348,7.25,3422.660888671875,0.0059152835816653,0.2142419780139067,0.4067504414988394,6034.91015625,14.180000305175781,400.989990234375,72.19000244140625,4.223499774932861,3422.660888671875,499.85,3.1,0.5
2024-12-11,287.52,289.36,284.89,286.26,93360,-0.0061796972642689,7.2605,3432.489990234375,0.0028717719581954,0.2143637694564899,0.406739642163945,6084.18994140625,13.579999923706055,424.7699890136719,73.5199966430664,4.214000225067139,3432.489990234375,493.61,3.1,1.3
2024-12-12,285.59,289.17,283.89,289.17,100134,0.010165583735066,7.2685,3461.5,0.008451593405417,0.2109001685446848,0.4069950341627867,6051.25,13.920000076293945,418.1000061035156,73.41000366210938,4.195000171661377,3461.5,505.5,3.1,-0.6
2024-12-13,286.82,287.11,281.91,282.0,112359,-0.0247951032264758,7.2756,3391.8779296875,-0.0201132660154557,0.2209822416611517,0.4056340211289563,6051.08984375,13.8100004196167,436.2300109863281,74.48999786376953,4.14900016784668,3391.8779296875,493.48,3.1,0.0
2024-12-16,282.01,283.67,279.07,280.44,71490,-0.005531914893617,7.2836,3386.3310546875,-0.0016353403969673,0.2211567268417043,0.4057261592567272,6074.080078125,14.6899995803833,463.0199890136719,73.91000366210938,4.143499851226807,3386.3310546875,493.79,3.1,1.9
2024-12-17,280.41,291.15,279.47,288.29,175682,0.0279917272856939,7.2846,3361.485107421875,-0.0073371288466412,0.2458979760264064,0.4088810587599026,6050.60986328125,15.869999885559082,479.8599853515625,73.19000244140625,4.0914998054504395,3361.485107421875,505.67,3.1,0.6
2024-12-18,288.74,292.37,288.12,290.14,84106,0.0064171493981752,7.2864,3382.2080078125,0.0061648050574047,0.2471071825370866,0.4083237348872089,5872.16015625,27.6200008392334,440.1300048828125,73.38999938964844,4.099999904632568,3382.2080078125,501.36,3.1,-1.1
2024-12-19,287.3,292.43,285.49,290.89,86729,0.0025849589853175,7.2965,3370.032958984375,-0.0035997339016411,0.2455568535398151,0.4073493267309862,5867.080078125,24.09000015258789,436.1700134277344,72.87999725341797,4.020500183105469,3370.032958984375,498.45,3.1,-2.7
2024-12-20,290.5,292.24,285.69,285.69,96707,-0.0178761731238612,7.2953,3368.069091796875,-0.0005827442079652,0.2359852547275675,0.4094043669195859,5930.85009765625,18.360000610351562,421.05999755859375,72.94000244140625,4.040999889373779,3368.069091796875,485.7,3.1,-2.6
2024-12-23,285.99,288.78,284.37,286.19,81516,0.0017501487626447,7.2977,3351.257080078125,-0.0049915875418639,0.2289188418791673,0.4060462660294996,5974.06982421875,16.780000686645508,430.6000061035156,72.62999725341797,4.0229997634887695,3351.257080078125,487.13,3.1,-1.5
2024-12-24,285.38,294.0,284.62,293.91,142287,0.0269750864810092,7.2946,3393.528076171875,0.0126134746107764,0.2468477509573957,0.4081390560726678,6040.0400390625,14.270000457763672,462.2799987792969,73.58000183105469,4.049499988555908,3393.528076171875,495.64,3.1,-2.1
2024-12-25,294.22,296.85,291.19,291.41,83391,-0.0085060052396992,7.2946,3393.35009765625,-5.244645443625018e-05,0.2493163449888354,0.403758909979558,6040.0400390625,14.270000457763672,462.2799987792969,73.58000183105469,4.049499988555908,3393.35009765625,495.17,3.1,-1.3
2024-12-26,291.41,292.29,289.49,290.35,67605,-0.003637486702584,7.2981,3398.076904296875,0.0013929616763945,0.2344308075623195,0.4008563078397382,6037.58984375,14.729999542236328,454.1300048828125,73.26000213623047,4.072000026702881,3398.076904296875,483.08,3.1,-1.7
2024-12-27,292.29,293.04,288.49,291.77,78683,0.0048906492164626,7.298,3400.14208984375,0.0006077512678608,0.2346308036269774,0.3865843889765927,5970.83984375,15.949999809265137,431.6600036621094,74.16999816894531,4.0625,3400.14208984375,484.43,3.1,-2.1
2024-12-30,292.69,294.99,288.82,290.48,82947,-0.0044212907427081,7.2993,3407.325927734375,0.0021128052007246,0.2161945540538624,0.3487170815828447,5906.93994140625,17.399999618530273,417.4100036621094,74.38999938964844,4.045499801635742,3407.325927734375,492.67,3.1,2.7
2024-12-31,290.49,291.99,287.49,288.15,77620,-0.008021206279262,7.2993,3351.762939453125,-0.0163069191089081,0.2183056408285857,0.3214181917300343,5881.6298828125,17.350000381469727,403.8399963378906,74.63999938964844,3.9860000610351562,3351.762939453125,491.63,3.1,0.2
2025-01-02,288.49,288.57,274.91,276.59,168784,-0.040117994100295,7.2994,3262.56103515625,-0.0266134287860552,0.2594386390775716,0.3040965094076606,5881.6298828125,17.350000381469727,403.8399963378906,74.63999938964844,3.9860000610351562,3351.762939453125,491.63,3.1,0.2
2025-01-03,276.99,280.08,273.73,276.22,99365,-0.0013377200911094,7.3199,3211.429931640625,-0.0156720756990148,0.2532551884872949,0.2954507595988356,5881.6298828125,17.350000381469727,403.8399963378906,74.63999938964844,3.9860000610351562,3351.762939453125,491.63,3.1,0.2
2025-01-06,277.43,279.38,274.52,276.77,82447,0.0019911664615159,7.3223,3206.923095703125,-0.0014033735854226,0.2439085800309626,0.2788810465032085,5881.6298828125,17.350000381469727,403.8399963378906,74.63999938964844,3.9860000610351562,3351.762939453125,491.63,3.1,0.2
2025-01-07,276.77,283.22,272.99,279.52,95722,0.0099360479820789,7.3264,3229.64404296875,0.0070849679233244,0.2471845219642933,0.2753379878790933,5881.6298828125,17.350000381469727,403.8399963378906,74.63999938964844,3.9860000610351562,3351.762939453125,491.63,3.1,0.2
2025-01-08,278.48,279.48,271.3,274.67,109082,-0.017351173440183,7.3316,3230.16796875,0.000162224001865,0.2516683869803294,0.2714992132891206,5881.6298828125,17.350000381469727,403.8399963378906,74.63999938964844,3.9860000610351562,3351.762939453125,491.63,3.1,0.2
2025-01-09,274.49,277.19,272.15,274.88,65613,0.0007645538282301,7.3321,3211.39306640625,-0.005812361005801,0.2514386311499869,0.2662598969004658,5881.6298828125,17.350000381469727,403.8399963378906,74.63999938964844,3.9860000610351562,3351.762939453125,491.63,3.1,0.2
2025-01-10,274.49,275.88,270.27,271.51,80548,-0.0122598952270082,7.3326,3168.52392578125,-0.0133490792744885,0.2497533132799562,0.2672485970154412,5881.6298828125,17.350000381469727,403.8399963378906,74.63999938964844,3.9860000610351562,3351.762939453125,491.63,3.1,0.2
2025-01-13,268.49,273.96,267.7,271.49,67214,-7.366211189263616e-05,7.3319,3160.7548828125,-0.0024519439179663,0.2362262385319211,0.2551866127355094,5881.6298828125,17.350000381469727,403.8399963378906,74.63999938964844,3.9860000610351562,3351.762939453125,491.63,3.1,0.2
2025-01-14,271.83,282.64,271.5,281.79,125790,0.0379387822755903,7.3311,3240.93994140625,0.0253689582288645,0.2744086589006313,0.2641970165233038,5881.6298828125,17.350000381469727,403.8399963378906,74.63999938964844,3.9860000610351562,3351.762939453125,491.63,3.1,0.2
2025-01-15,281.69,282.8,279.99,280.18,62336,-0.0057134745732638,7.3304,3227.116943359375,-0.004265120087624,0.2548116116291696,0.2642141640249784,5881.6298828125,17.350000381469727,403.8399963378906,74.63999938964844,3.9860000610351562,3351.762939453125,491.63,3.1,0.2
2025-01-16,280.19,282.82,276.02,278.25,72572,-0.0068884288671569,7.3316,3236.031982421875,0.0027625398208284,0.2538399049196653,0.2625954194450106,5881.6298828125,17.350000381469727,403.8399963378906,74.63999938964844,3.9860000610351562,3351.762939453125,491.63,3.1,0.2
2025-01-17,279.01,284.69,277.97,282.09,86142,0.0138005390835578,7.3249,3241.821044921875,0.0017889385925251,0.2595657501264526,0.2627311751843258,5881.6298828125,17.350000381469727,403.8399963378906,74.63999938964844,3.9860000610351562,3351.762939453125,491.63,3.1,0.2
2025-01-20,284.49,291.92,284.41,289.92,135797,0.027757098798256,7.3249,3244.3779296875,0.0007887186646622,0.2714368733163841,0.2675360303410647,5881.6298828125,17.350000381469727,403.8399963378906,74.63999938964844,3.9860000610351562,3351.762939453125,491.63,3.1,0.2
2025-01-21,290.49,292.92,288.49,291.54,76441,0.0055877483443709,7.2712,3242.623046875,-0.0005408996271495,0.2719425488912705,0.2672896236373028,5881.6298828125,17.350000381469727,403.8399963378906,74.63999938964844,3.9860000610351562,3351.762939453125,491.63,3.1,0.2
2025-01-22,290.49,291.79,285.29,287.99,81057,-0.012176716745558,7.2728,3213.6240234375,-0.0089430757193461,0.257601483672958,0.2682498071742003,5881.6298828125,17.350000381469727,403.8399963378906,74.63999938964844,3.9860000610351562,3351.762939453125,491.63,3.1,0.2
2025-01-23,290.47,290.49,282.49,282.6,96174,-0.0187159276363761,7.288,3230.1640625,0.0051468494577682,0.2640721762034199,0.2706303186727927,5881.6298828125,17.350000381469727,403.8399963378906,74.63999938964844,3.9860000610351562,3351.762939453125,491.63,3.1,0.2
2025-01-24,282.0,285.99,281.49,284.57,68144,0.0069709837225759,7.244,3252.6259765625,0.0069537997537856,0.2655619659090957,0.2590924455022808,5881.6298828125,17.350000381469727,403.8399963378906,74.63999938964844,3.9860000610351562,3351.762939453125,491.63,3.1,0.2
2025-01-27,284.58,285.61,279.99,279.99,63408,-0.0160944583055134,7.2507,3250.60107421875,-0.0006225438640473,0.2699334348266448,0.2603803266405446,5881.6298828125,17.350000381469727,403.8399963378906,74.63999938964844,3.9860000610351562,3351.762939453125,491.63,3.1,0.2
2025-02-05,288.22,292.24,287.09,288.29,145351,0.0296439158541377,7.272,3229.488037109375,-0.0064951178650702,0.2919357552379701,0.2403258777511583,5881.6298828125,17.350000381469727,403.8399963378906,74.63999938964844,3.9860000610351562,3351.762939453125,491.63,3.1,0.2
2025-02-06,288.3,316.57,287.94,316.57,381459,0.0980956675569737,7.2883,3270.658935546875,0.0127484288420993,0.452931849695788,0.3149534639140134,5881.6298828125,17.350000381469727,403.8399963378906,74.63999938964844,3.9860000610351562,3351.762939453125,491.63,3.1,0.2
2025-02-07,325.49,335.49,319.49,332.39,487075,0.0499731496983288,7.2943,3303.6669921875,0.0100921732565508,0.446521862542132,0.3271500659944455,5881.6298828125,17.350000381469727,403.8399963378906,74.63999938964844,3.9860000610351562,3351.762939453125,491.63,3.1,0.2
2025-02-10,332.4,337.49,327.07,335.62,272711,0.00971750052649,7.3045,3322.169921875,0.0056007248101141,0.4446531367237892,0.3275173392381801,5881.6298828125,17.350000381469727,403.8399963378906,74.63999938964844,3.9860000610351562,3351.762939453125,491.63,3.1,0.2
2025-02-11,344.79,345.79,331.5,335.39,280364,-0.0006852988498897,7.3072,3318.056884765625,-0.001238057416116,0.4454049613592455,0.3262015593920383,5881.6298828125,17.350000381469727,403.8399963378906,74.63999938964844,3.9860000610351562,3351.762939453125,491.63,3.1,0.2
2025-02-12,332.99,352.43,328.14,350.54,279357,0.0451712931214407,7.3088,3346.385009765625,0.0085375645999514,0.4625563570783916,0.3380318610713993,5881.6298828125,17.350000381469727,403.8399963378906,74.63999938964844,3.9860000610351562,3351.762939453125,491.63,3.1,0.2
2025-02-13,346.69,351.84,344.99,346.79,199840,-0.010697780567125,7.2888,3332.48291015625,-0.0041543634605119,0.4575762350971661,0.3390758876583655,5881.6298828125,17.350000381469727,403.8399963378906,74.63999938964844,3.9860000610351562,3351.762939453125,491.63,3.1,0.2
2025-02-14,347.01,365.09,347.01,361.54,243645,0.0425329450099483,7.253,3346.72412109375,0.0042734535544346,0.4677524027254,0.3488777638505345,5881.6298828125,17.350000381469727,403.8399963378906,74.63999938964844,3.9860000610351562,3351.762939453125,491.63,3.1,0.2
2025-02-17,361.54,364.29,349.99,353.99,232015,-0.0208828898600431,7.253,3355.830078125,0.0027208567846559,0.4751633481201311,0.3494018456230854,5881.6298828125,17.350000381469727,403.8399963378906,74.63999938964844,3.9860000610351562,3351.762939453125,491.63,3.1,0.2
2025-02-18,356.89,368.97,354.33,361.71,251797,0.0218085256645668,7.2786,3324.490966796875,-0.009338706251073,0.4730559112115724,0.3492635894865996,5881.6298828125,17.350000381469727,403.8399963378906,74.63999938964844,3.9860000610351562,3351.762939453125,491.63,3.1,0.2
2025-02-19,359.01,365.49,358.49,363.99,161918,0.006303392220287,7.2833,3351.5390625,0.0081360111888604,0.4658567748498648,0.3488972787502668,5881.6298828125,17.350000381469727,403.8399963378906,74.63999938964844,3.9860000610351562,3351.762939453125,491.63,3.1,0.2
2025-02-20,368.97,373.15,363.69,368.27,156937,0.0117585647957361,7.2555,3350.782958984375,-0.0002255988969619,0.460508650660753,0.3490356302924557,5881.6298828125,17.350000381469727,403.8399963378906,74.63999938964844,3.9860000610351562,3351.762939453125,491.63,3.1,0.2
2025-02-21,371.49,391.99,370.72,388.49,239292,0.0549053683438782,7.2501,3379.113037109375,0.008454763699045,0.4750760433687381,0.3642209778007694,5881.6298828125,17.350000381469727,403.8399963378906,74.63999938964844,3.9860000610351562,3351.762939453125,491.63,3.1,0.2
2025-02-24,390.49,394.15,378.97,381.77,199407,-0.0172977425416356,7.2476,3373.028076171875,-0.0018007568467449,0.4906311732020887,0.3660664967888989,5881.6298828125,17.350000381469727,403.8399963378906,74.63999938964844,3.9860000610351562,3351.762939453125,491.63,3.1,0.2
2025-02-25,375.49,385.49,374.3,377.98,161103,-0.0099274432249782,7.2512,3346.0400390625,-0.0080011302900283,0.4965316000295853,0.3618402204355788,5881.6298828125,17.350000381469727,403.8399963378906,74.63999938964844,3.9860000610351562,3351.762939453125,491.63,3.1,0.2
2025-02-26,377.98,381.29,370.49,377.59,138529,-0.0010318006243718,7.2595,3380.214111328125,0.0102132885042225,0.4985355242564385,0.3613328409512779,5881.6298828125,17.350000381469727,403.8399963378906,74.63999938964844,3.9860000610351562,3351.762939453125,491.63,3.1,0.2
2025-02-27,387.49,389.48,376.5,380.99,168446,0.0090044757541249,7.2853,3388.06201171875,0.0023217169481437,0.4896749317219374,0.3606133934359653,5881.6298828125,17.350000381469727,403.8399963378906,74.63999938964844,3.9860000610351562,3351.762939453125,491.63,3.1,0.2
2025-02-28,376.59,380.26,364.5,367.31,239304,-0.035906454237644,7.2828,3320.89697265625,-0.019824028848996,0.5085903271205849,0.3701244670604562,5881.6298828125,17.350000381469727,403.8399963378906,74.63999938964844,3.9860000610351562,3351.762939453125,491.63,3.1,0.2
2025-03-03,374.49,375.49,363.28,365.7,152078,-0.0043832185347526,7.2843,3316.925048828125,-0.001196039461877,0.5121577464024417,0.3663698950947162,5881.6298828125,17.350000381469727,403.8399963378906,74.63999938964844,3.9860000610351562,3351.762939453125,491.63,3.1,0.2
2025-03-04,345.52,353.49,343.52,350.33,263453,-0.0420289855072464,7.2651,3324.2099609375,0.0021962848126304,0.5393188593877264,0.3786353596547208,5881.6298828125,17.350000381469727,403.8399963378906,74.63999938964844,3.9860000610351562,3351.762939453125,491.63,3.1,0.2
2025-03-05,352.49,360.68,352.49,359.45,139069,0.0260325978363258,7.2506,3341.965087890625,0.0053411568949506,0.5378848852381887,0.3783881777426116,5881.6298828125,17.350000381469727,403.8399963378906,74.63999938964844,3.9860000610351562,3351.762939453125,491.63,3.1,0.2
2025-03-06,365.67,367.66,362.49,364.42,114601,0.0138266796494646,7.2468,3381.097900390625,0.0117095216349789,0.4306970521865119,0.3788646155943591,5881.6298828125,17.350000381469727,403.8399963378906,74.63999938964844,3.9860000610351562,3351.762939453125,491.63,3.1,0.2
2025-03-07,364.39,366.49,360.73,361.89,87584,-0.006942538828824,7.234,3372.5458984375,-0.0025293565004838,0.4025611838384725,0.3785417225112524,5881.6298828125,17.350000381469727,403.8399963378906,74.63999938964844,3.9860000610351562,3351.762939453125,491.63,3.1,0.2
2025-03-10,361.39,362.88,354.49,356.49,99177,-0.0149216612782888,7.2591,3366.1630859375,-0.0018925798765132,0.4078436841014154,0.3781780991160585,5881.6298828125,17.350000381469727,403.8399963378906,74.63999938964844,3.9860000610351562,3351.762939453125,491.63,3.1,0.2
2025-03-11,350.49,357.26,350.37,355.87,95370,-0.0017391792196134,7.2278,3379.827880859375,0.0040594571840446,0.4079984903438254,0.3772968331398968,5881.6298828125,17.350000381469727,403.8399963378906,74.63999938964844,3.9860000610351562,3351.762939453125,491.63,3.1,0.2
2025-03-12,359.94,365.37,356.49,356.49,129511,0.0017422092337089,7.2372,3371.924072265625,-0.002338523993636,0.3767853381275799,0.3772659880572896,5881.6298828125,17.350000381469727,403.8399963378906,74.63999938964844,3.9860000610351562,3351.762939453125,491.63,3.1,0.2
2025-03-13,357.36,362.85,356.62,359.99,102211,0.0098179472074952,7.2439,3358.72900390625,-0.0039132163348236,0.3752943096415113,0.3774002719342489,5881.6298828125,17.350000381469727,403.8399963378906,74.63999938964844,3.9860000610351562,3351.762939453125,491.63,3.1,0.2
2025-03-14,362.49,382.67,361.11,381.43,224697,0.0595572099224979,7.2377,3419.56201171875,0.0181119130902642,0.4034124816428325,0.3935312967808534,5881.6298828125,17.350000381469727,403.8399963378906,74.63999938964844,3.9860000610351562,3351.762939453125,491.63,3.1,0.2
2025-03-17,387.81,388.49,381.45,385.74,133069,0.0112995831476285,7.2327,3426.12890625,0.0019203905379534,0.3942286248006497,0.393600612154668,5881.6298828125,17.350000381469727,403.8399963378906,74.63999938964844,3.9860000610351562,3351.762939453125,491.63,3.1,0.2
2025-03-18,394.04,395.49,385.5,390.06,173339,0.0111992533831077,7.2273,3429.759033203125,0.0010595418480907,0.3898586814050406,0.3888031370295712,5881.6298828125,17.350000381469727,403.8399963378906,74.63999938964844,3.9860000610351562,3351.762939453125,491.63,3.1,0.2
2025-03-19,390.02,404.49,388.03,402.56,188352,0.032046351843306,7.23,3426.428955078125,-0.000970936468936,0.402329984651221,0.3917782343894713,5881.6298828125,17.350000381469727,403.8399963378906,74.63999938964844,3.9860000610351562,3351.762939453125,491.63,3.1,0.2
2025-03-20,405.49,408.89,401.48,405.48,159413,0.0072535771065183,7.2477,3408.947998046875,-0.0051018005218939,0.4016956202691154,0.3891787448604467,5881.6298828125,17.350000381469727,403.8399963378906,74.63999938964844,3.9860000610351562,3351.762939453125,491.63,3.1,0.2
2025-03-21,398.5,398.8,375.49,377.49,282107,-0.0690292986090559,7.2486,3364.8310546875,-0.0129415125677045,0.4373093143671826,0.4184400786980071,5881.6298828125,17.350000381469727,403.8399963378906,74.63999938964844,3.9860000610351562,3351.762939453125,491.63,3.1,0.2
2025-03-24,382.49,383.99,373.35,380.85,147894,0.0089008980370342,7.2531,3370.028076171875,0.0015445118640162,0.434293847504581,0.4185017988857191,5881.6298828125,17.350000381469727,403.8399963378906,74.63999938964844,3.9860000610351562,3351.762939453125,491.63,3.1,0.2
2025-03-25,383.47,385.09,374.47,375.08,123085,-0.0151503216489432,7.2569,3369.97607421875,-1.5430718068087934e-05,0.4363064102060347,0.4179067536134773,5881.6298828125,17.350000381469727,403.8399963378906,74.63999938964844,3.9860000610351562,3351.762939453125,491.63,3.1,0.2
2025-03-26,375.08,384.49,373.49,381.5,120205,0.0171163485123173,7.2675,3368.697021484375,-0.0003795435653565,0.4404853505967072,0.4186005913274645,5881.6298828125,17.350000381469727,403.8399963378906,74.63999938964844,3.9860000610351562,3351.762939453125,491.63,3.1,0.2
2025-03-27,381.59,396.77,381.58,391.99,144394,0.0274967234600262,7.2645,3373.7490234375,0.0014996902128345,0.4497988972248065,0.4187181592810158,5881.6298828125,17.350000381469727,403.8399963378906,74.63999938964844,3.9860000610351562,3351.762939453125,491.63,3.1,0.2
2025-03-28,391.99,396.29,386.99,387.99,114940,-0.0102043419474986,7.2628,3351.306884765625,-0.0066519881935405,0.4300332497324252,0.4189690995068219,5881.6298828125,17.350000381469727,403.8399963378906,74.63999938964844,3.9860000610351562,3351.762939453125,491.63,3.1,0.2
2025-03-31,385.49,388.77,379.49,380.39,115784,-0.0195881337147865,7.2567,3335.74609375,-0.0046432008618373,0.4368724878133991,0.4216597615872902,5881.6298828125,17.350000381469727,403.8399963378906,74.63999938964844,3.9860000610351562,3351.762939453125,491.63,3.1,0.2
2025-04-01,383.26,383.36,369.85,370.99,154072,-0.0247114803228265,7.2697,3348.43505859375,0.003803936057221,0.4174411810693781,0.4259907769437909,5881.6298828125,17.350000381469727,403.8399963378906,74.63999938964844,3.9860000610351562,3351.762939453125,491.63,3.1,0.2
2025-04-02,370.49,371.16,364.37,365.99,117100,-0.0134774522224319,7.2675,3350.126953125,0.0005052791831539,0.4123064141272334,0.427190820004669,5881.6298828125,17.350000381469727,403.8399963378906,74.63999938964844,3.9860000610351562,3351.762939453125,491.63,3.1,0.2
2025-04-03,360.99,367.02,359.75,363.0,101023,-0.0081696221208229,7.2813,3342.008056640625,-0.002423459348847,0.4107795854221249,0.4272090777395831,5881.6298828125,17.350000381469727,403.8399963378906,74.63999938964844,3.9860000610351562,3351.762939453125,491.63,3.1,0.2
2025-04-07,338.83,343.19,327.25,327.25,273498,-0.0984848484848485,7.3081,3096.575927734375,-0.0734385210168995,0.539897477062337,0.4678845704469711,5881.6298828125,17.350000381469727,403.8399963378906,74.63999938964844,3.9860000610351562,3351.762939453125,491.63,3.1,0.2
2025-04-08,327.25,341.37,323.49,333.0,274644,0.0175706646294881,7.3388,3145.549072265625,0.0158152571337339,0.5438457514616495,0.468699310636005,5881.6298828125,17.350000381469727,403.8399963378906,74.63999938964844,3.9860000610351562,3351.762939453125,491.63,3.1,0.2
2025-04-09,325.29,333.49,319.15,330.09,211939,-0.0087387387387387,7.3499,3186.81005859375,0.0131172604146996,0.5442273569935112,0.4693670794522592,5881.6298828125,17.350000381469727,403.8399963378906,74.63999938964844,3.9860000610351562,3351.762939453125,491.63,3.1,0.2
2025-04-10,339.99,352.55,339.49,341.89,210896,0.0357478263503894,7.314,3223.637939453125,0.0115563463721544,0.5614194320790771,0.4738683971200789,5881.6298828125,17.350000381469727,403.8399963378906,74.63999938964844,3.9860000610351562,3351.762939453125,491.63,3.1,0.2
2025-04-11,342.49,363.04,341.89,360.47,189945,0.0543449647547458,7.2915,3238.22705078125,0.0045256668404267,0.5945709272455088,0.4828931729236849,5881.6298828125,17.350000381469727,403.8399963378906,74.63999938964844,3.9860000610351562,3351.762939453125,491.63,3.1,0.2
2025-04-14,368.69,369.19,361.09,364.49,142069,0.0111521069714539,7.3119,3262.80810546875,0.0075908990636002,0.5545509359347268,0.482973621343474,5881.6298828125,17.350000381469727,403.8399963378906,74.63999938964844,3.9860000610351562,3351.762939453125,491.63,3.1,0.2
2025-04-15,370.09,370.49,362.82,365.46,116516,0.0026612527092648,7.315,3267.662109375,0.0014876767953697,0.5527158172096035,0.4816399690986885,5881.6298828125,17.350000381469727,403.8399963378906,74.63999938964844,3.9860000610351562,3351.762939453125,491.63,3.1,0.2
2025-04-16,362.11,362.49,353.59,357.64,131828,-0.0213976905817325,7.3053,3276.00390625,0.0025528333700926,0.5544192504122042,0.4846516182437904,5881.6298828125,17.350000381469727,403.8399963378906,74.63999938964844,3.9860000610351562,3351.762939453125,491.63,3.1,0.2
2025-04-17,355.43,358.94,352.16,355.17,85289,-0.006906386310256,7.299,3280.341064453125,0.0013239172868049,0.5380789873412032,0.4803533950660724,5881.6298828125,17.350000381469727,403.8399963378906,74.63999938964844,3.9860000610351562,3351.762939453125,491.63,3.1,0.2
2025-04-18,353.39,353.39,349.49,351.49,73860,-0.010361235464707,7.2996,3276.72998046875,-0.0011008257719009,0.5360922742798089,0.4808620115411264,5881.6298828125,17.350000381469727,403.8399963378906,74.63999938964844,3.9860000610351562,3351.762939453125,491.63,3.1,0.2
2025-04-21,351.49,355.36,350.73,354.25,74953,0.0078522859825314,7.2914,3291.43408203125,0.0044874315705429,0.4842258776550998,0.4803539181895984,5881.6298828125,17.350000381469727,403.8399963378906,74.63999938964844,3.9860000610351562,3351.762939453125,491.63,3.1,0.2
2025-04-22,354.25,362.42,352.27,360.33,112122,0.0171630204657726,7.3118,3299.757080078125,0.0025286844091187,0.4877305711480855,0.4806818048001387,5881.6298828125,17.350000381469727,403.8399963378906,74.63999938964844,3.9860000610351562,3351.762939453125,491.63,3.1,0.2
2025-04-23,382.49,383.49,372.72,377.48,247927,0.0475952599006468,7.286,3296.35498046875,-0.0010310151707575,0.515854918556334,0.4864591607554091,5881.6298828125,17.350000381469727,403.8399963378906,74.63999938964844,3.9860000610351562,3351.762939453125,491.63,3.1,0.2
2025-04-24,377.97,380.09,368.84,371.49,150892,-0.0158683903782982,7.2879,3297.2880859375,0.0002830719004107,0.5153326056792251,0.4883077863534721,5881.6298828125,17.350000381469727,403.8399963378906,74.63999938964844,3.9860000610351562,3351.762939453125,491.63,3.1,0.2
2025-04-25,375.49,380.79,373.59,376.32,133869,0.0130016958733747,7.2864,3295.06005859375,-0.0006757150984932,0.5072757768190261,0.4873577208937603,5881.6298828125,17.350000381469727,403.8399963378906,74.63999938964844,3.9860000610351562,3351.762939453125,491.63,3.1,0.2
2025-04-28,372.62,372.62,362.05,365.49,179783,-0.0287786989795918,7.2942,3288.4150390625,-0.0020166611269859,0.5156979019933823,0.4898730583872718,5881.6298828125,17.350000381469727,403.8399963378906,74.63999938964844,3.9860000610351562,3351.762939453125,491.63,3.1,0.2
2025-04-29,364.59,366.12,358.49,360.49,118983,-0.0136802648499274,7.269,3286.655029296875,-0.0005352152160594,0.5135186477319171,0.4913018647517501,5881.6298828125,17.350000381469727,403.8399963378906,74.63999938964844,3.9860000610351562,3351.762939453125,491.63,3.1,0.2
2025-04-30,360.39,360.42,354.79,358.58,130479,-0.0052983439207745,7.2706,3279.031005859375,-0.0023196908009938,0.5067980183413516,0.4898725476514126,5881.6298828125,17.350000381469727,403.8399963378906,74.63999938964844,3.9860000610351562,3351.762939453125,491.63,3.1,0.2
2025-05-06,365.49,367.79,361.41,365.45,148294,0.0191589045680182,7.2164,3316.114013671875,0.011309136066794,0.5095480055451733,0.4880509615532237,5881.6298828125,17.350000381469727,403.8399963378906,74.63999938964844,3.9860000610351562,3351.762939453125,491.63,3.1,0.2
2025-05-07,370.49,371.17,363.63,364.69,108840,-0.0020796278560678,7.225,3342.6650390625,0.0080066684321342,0.5086428461358455,0.4474194138791394,5881.6298828125,17.350000381469727,403.8399963378906,74.63999938964844,3.9860000610351562,3351.762939453125,491.63,3.1,0.2
2025-05-08,362.01,367.47,361.19,364.77,83382,0.000219364391675,7.234,3351.99609375,0.002791501564906,0.348849678525267,0.4364777643131,5881.6298828125,17.350000381469727,403.8399963378906,74.63999938964844,3.9860000610351562,3351.762939453125,491.63,3.1,0.2
2025-05-09,366.24,371.49,364.79,368.71,143726,0.0108013268635029,7.2364,3341.9990234375,-0.0029824230198657,0.3466066250533274,0.4365660375463304,5881.6298828125,17.350000381469727,403.8399963378906,74.63999938964844,3.9860000610351562,3351.762939453125,491.63,3.1,0.2
2025-05-12,370.49,375.77,366.07,375.77,161370,0.0191478397656694,7.2018,3369.2451171875,0.0081526336659354,0.3457283070212573,0.4379456994337511,5881.6298828125,17.350000381469727,403.8399963378906,74.63999938964844,3.9860000610351562,3351.762939453125,491.63,3.1,0.2
2025-05-13,381.49,382.07,371.52,371.99,131771,-0.010059344811986,7.2057,3374.87109375,0.0016698032843618,0.3327154822956689,0.4293829978023815,5881.6298828125,17.350000381469727,403.8399963378906,74.63999938964844,3.9860000610351562,3351.762939453125,491.63,3.1,0.2
2025-05-14,371.99,378.59,368.85,378.59,135693,0.0177424124304415,7.208,3403.947998046875,0.008615708123111,0.2812822881466801,0.4299288575808434,5881.6298828125,17.350000381469727,403.8399963378906,74.63999938964844,3.9860000610351562,3351.762939453125,491.63,3.1,0.2
2025-05-15,378.49,390.49,374.77,382.29,208801,0.0097731054702978,7.2067,3380.821044921875,-0.0067941558267839,0.2807685372605371,0.4218474967027508,5881.6298828125,17.350000381469727,403.8399963378906,74.63999938964844,3.9860000610351562,3351.762939453125,491.63,3.1,0.2
2025-05-16,380.52,396.48,379.07,394.66,229328,0.032357634256716,7.209,3367.4619140625,-0.003951445723352,0.3000709641744229,0.4240042027380908,5881.6298828125,17.350000381469727,403.8399963378906,74.63999938964844,3.9860000610351562,3351.762939453125,491.63,3.1,0.2
2025-05-19,393.49,393.49,382.49,388.3,161373,-0.0161151370800183,7.2144,3367.5830078125,3.595994641969469e-05,0.2946737426506844,0.4236247653433809,5881.6298828125,17.350000381469727,403.8399963378906,74.63999938964844,3.9860000610351562,3351.762939453125,491.63,3.1,0.2
2025-05-20,388.99,400.29,386.99,400.29,172100,0.0308781869688385,7.2194,3380.47802734375,0.0038291615978982,0.3059510993383695,0.4277789373198828,5881.6298828125,17.350000381469727,403.8399963378906,74.63999938964844,3.9860000610351562,3351.762939453125,491.63,3.0,0.2
2025-05-21,399.43,409.49,396.5,405.49,199479,0.0129905818281745,7.2019,3387.573974609375,0.0020990958107782,0.3003919598185229,0.4279070574334196,5881.6298828125,17.350000381469727,403.8399963378906,74.63999938964844,3.9860000610351562,3351.762939453125,491.63,3.0,0.2
2025-05-22,405.47,411.05,403.49,404.29,146363,-0.0029593824755234,7.2037,3380.18896484375,-0.002180029077144,0.3025909391994774,0.4135219044824084,5881.6298828125,17.350000381469727,403.8399963378906,74.63999938964844,3.9860000610351562,3351.762939453125,491.63,3.0,0.2
2025-05-23,404.49,422.47,403.62,410.49,235574,0.0153355264785177,7.1798,3348.3720703125,-0.0094127561690092,0.3018293696616719,0.4127605789273365,5881.6298828125,17.350000381469727,403.8399963378906,74.63999938964844,3.9860000610351562,3351.762939453125,491.63,3.0,0.2
2025-05-26,407.3,408.49,385.49,386.49,309551,-0.0584667105166996,7.1798,3346.839111328125,-0.00045782217513,0.3432301637795229,0.4301449879671385,5881.6298828125,17.350000381469727,403.8399963378906,74.63999938964844,3.9860000610351562,3351.762939453125,491.63,3.0,0.2
2025-05-27,381.37,386.49,374.37,377.9,230275,-0.0222256720743099,7.195,3340.68701171875,-0.0018381820591709,0.3481796707726007,0.4327028643026589,5881.6298828125,17.350000381469727,403.8399963378906,74.63999938964844,3.9860000610351562,3351.762939453125,491.63,3.0,0.2
2025-05-28,377.9,378.44,367.56,368.37,177754,-0.0252183117226778,7.1941,3339.931884765625,-0.0002260394195793,0.3571489842679511,0.4354664468723409,5881.6298828125,17.350000381469727,403.8399963378906,74.63999938964844,3.9860000610351562,3351.762939453125,491.63,3.0,0.2
2025-05-29,365.08,371.49,360.57,366.62,192061,-0.004750658305508,7.1855,3363.446044921875,0.007040311290031,0.3420704906582288,0.4291862855289991,5881.6298828125,17.350000381469727,403.8399963378906,74.63999938964844,3.9860000610351562,3351.762939453125,491.63,3.0,0.2
2025-05-30,362.51,364.29,356.79,357.79,190560,-0.024084883530631,7.1991,3347.487060546875,-0.0047448313907383,0.3496514789437861,0.4320012103365055,5881.6298828125,17.350000381469727,403.8399963378906,74.63999938964844,3.9860000610351562,3351.762939453125,491.63,3.0,0.2
2025-06-03,356.74,363.48,354.49,361.49,181893,0.0103412616339193,7.1872,3361.97607421875,0.0043283255199522,0.350997420533486,0.4234846148080401,5881.6298828125,17.350000381469727,403.8399963378906,74.63999938964844,3.9860000610351562,3351.762939453125,491.63,3.0,0.2
2025-06-04,364.99,369.81,363.64,366.01,146904,0.0125038037013471,7.1844,3376.202880859375,0.0042316799187605,0.3471136520579705,0.4209524211397208,5881.6298828125,17.350000381469727,403.8399963378906,74.63999938964844,3.9860000610351562,3351.762939453125,491.63,3.0,0.2
2025-06-05,367.88,368.23,361.52,366.24,108613,0.0006283981311987,7.175,3384.09912109375,0.002338793168841,0.3469998251082924,0.4200563182895606,5881.6298828125,17.350000381469727,403.8399963378906,74.63999938964844,3.9860000610351562,3351.762939453125,491.63,3.0,0.2
2025-06-06,366.49,367.87,362.99,365.45,89698,-0.0021570554827435,7.1886,3385.35791015625,0.0003719716880199,0.347122554522075,0.4198118392602328,5881.6298828125,17.350000381469727,403.8399963378906,74.63999938964844,3.9860000610351562,3351.762939453125,491.63,3.0,0.2
2025-06-09,361.61,361.9,350.6,353.63,255091,-0.0323436858667396,7.1802,3399.77197265625,0.0042577662045,0.3632586114433285,0.4240446325327082,5881.6298828125,17.350000381469727,403.8399963378906,74.63999938964844,3.9860000610351562,3351.762939453125,491.63,3.0,0.2
2025-06-10,355.09,360.49,353.72,358.62,171786,0.0141107937674971,7.187,3384.81591796875,-0.0043991346501438,0.3598235910038947,0.424974553458629,5881.6298828125,17.350000381469727,403.8399963378906,74.63999938964844,3.9860000610351562,3351.762939453125,491.63,3.0,0.2
2025-06-11,359.5,371.47,359.5,367.48,203107,0.0247058167419553,7.1928,3402.31591796875,0.0051701482219752,0.3706057098721912,0.427860291435656,5881.6298828125,17.350000381469727,403.8399963378906,74.63999938964844,3.9860000610351562,3351.762939453125,491.63,3.0,0.2
2025-06-12,365.38,365.38,358.5,358.73,144047,-0.0238108196364428,7.1726,3402.657958984375,0.0001005318212274,0.3730479161245676,0.4303992911442143,5881.6298828125,17.350000381469727,403.8399963378906,74.63999938964844,3.9860000610351562,3351.762939453125,491.63,3.0,0.2
2025-06-13,354.99,355.4,346.98,351.49,210240,-0.0201823098151813,7.181,3376.99609375,-0.0075417116688492,0.3752040548042521,0.4142354079834992,5881.6298828125,17.350000381469727,403.8399963378906,74.63999938964844,3.9860000610351562,3351.762939453125,491.63,3.0,0.2
2025-06-16,351.48,352.53,346.29,349.92,102284,-0.004466698910353,7.179,3388.72900390625,0.0034743629635713,0.3498921608252889,0.4134921605610718,5881.6298828125,17.350000381469727,403.8399963378906,74.63999938964844,3.9860000610351562,3351.762939453125,491.63,3.0,0.2
2025-06-17,349.49,351.89,347.89,349.23,70045,-0.001971879286694,7.1845,3387.405029296875,-0.0003906994651531,0.3479391237353487,0.4126741898919759,5881.6298828125,17.350000381469727,403.8399963378906,74.63999938964844,3.9860000610351562,3351.762939453125,491.63,3.0,0.2
2025-06-18,348.31,354.69,347.46,352.44,102897,0.0091916502018727,7.1888,3388.80908203125,0.0004144921325415,0.3260600633027494,0.407362225006422,5881.6298828125,17.350000381469727,403.8399963378906,74.63999938964844,3.9860000610351562,3351.762939453125,491.63,3.0,0.2
2025-06-19,349.52,350.78,345.84,345.99,100381,-0.0183009874021109,7.1888,3362.10791015625,-0.0078792198759675,0.3205807460594832,0.40827955747701,5881.6298828125,17.350000381469727,403.8399963378906,74.63999938964844,3.9860000610351562,3351.762939453125,491.63,3.0,0.2
2025-06-20,345.52,348.46,345.29,345.74,73538,-0.0007225642359606,7.1785,3359.89501953125,-0.0006581854848606,0.3211178923404968,0.3838714412193034,5881.6298828125,17.350000381469727,403.8399963378906,74.63999938964844,3.9860000610351562,3351.762939453125,491.63,3.0,0.2
2025-06-23,342.34,345.2,339.09,343.69,94593,-0.0059293110429803,7.179,3381.58203125,0.0064546694443374,0.3096452150061243,0.3834124262338345,5881.6298828125,17.350000381469727,403.8399963378906,74.63999938964844,3.9860000610351562,3351.762939453125,491.63,3.0,0.2
2025-06-24,346.72,351.69,346.72,348.87,144713,0.0150717216095901,7.1713,3420.56591796875,0.0115282983995332,0.258566596169159,0.3837915731761805,5881.6298828125,17.350000381469727,403.8399963378906,74.63999938964844,3.9860000610351562,3351.762939453125,491.63,3.0,0.2
2025-06-25,351.48,355.22,348.51,354.76,125738,0.0168830796571788,7.1764,3455.97412109375,0.0103515628624477,0.2612241454160061,0.3837450603156057,5881.6298828125,17.350000381469727,403.8399963378906,74.63999938964844,3.9860000610351562,3351.762939453125,491.63,3.0,0.2
2025-06-26,349.8,349.8,342.32,342.93,204932,-0.0333464877663772,7.1675,3448.452880859375,-0.0021763010864197,0.2717638413333629,0.3847593849342214,5881.6298828125,17.350000381469727,403.8399963378906,74.63999938964844,3.9860000610351562,3351.762939453125,491.63,3.0,0.2
2025-06-27,339.49,342.21,338.93,339.73,138617,-0.0093313504213687,7.1721,3424.22705078125,-0.0070251300844474,0.2725440376941014,0.3846833706861352,5881.6298828125,17.350000381469727,403.8399963378906,74.63999938964844,3.9860000610351562,3351.762939453125,491.63,3.0,0.2
2025-06-30,339.73,339.73,334.08,337.4,144003,-0.006858387543049,7.1636,3444.426025390625,0.0058988420772994,0.2620807707091102,0.3830670347616531,5881.6298828125,17.350000381469727,403.8399963378906,74.63999938964844,3.9860000610351562,3351.762939453125,491.63,3.0,0.2
2025-07-01,335.79,338.84,334.28,336.83,88518,-0.0016893894487255,7.1647,3457.7470703125,0.003867420819515,0.2575198915547474,0.3800552217497582,5881.6298828125,17.350000381469727,403.8399963378906,74.63999938964844,3.9860000610351562,3351.762939453125,491.63,3.0,0.2
2025-07-02,337.49,339.35,334.42,336.15,93270,-0.0020188225514354,7.1649,3454.7919921875,-0.0008546252993377,0.2506929725455192,0.3792144246378168,5881.6298828125,17.350000381469727,403.8399963378906,74.63999938964844,3.9860000610351562,3351.762939453125,491.63,3.0,0.2
2025-07-03,336.47,340.74,336.16,340.05,123498,0.0116019634091923,7.1684,3461.15087890625,0.0018405990094714,0.2564146314916362,0.3798112441295209,5881.6298828125,17.350000381469727,403.8399963378906,74.63999938964844,3.9860000610351562,3351.762939453125,491.63,3.0,0.2
2025-07-04,338.04,340.48,335.26,336.49,104104,-0.0104690486693133,7.1684,3472.319091796875,0.0032267339048086,0.2574988083623479,0.3214782409656097,5881.6298828125,17.350000381469727,403.8399963378906,74.63999938964844,3.9860000610351562,3351.762939453125,491.63,3.0,0.2
2025-07-07,334.69,335.98,333.93,334.08,88208,-0.0071621742102292,7.1744,3473.126953125,0.0002326575717173,0.2352838223640476,0.3199153490549083,5881.6298828125,17.350000381469727,403.8399963378906,74.63999938964844,3.9860000610351562,3351.762939453125,491.63,3.0,0.2
2025-07-08,332.49,335.27,331.21,332.37,116918,-0.0051185344827585,7.1738,3497.47509765625,0.0070104389674965,0.2267706052507538,0.3195665632855396,5881.6298828125,17.350000381469727,403.8399963378906,74.63999938964844,3.9860000610351562,3351.762939453125,491.63,3.0,0.2
2025-07-09,332.39,333.7,331.27,331.29,121633,-0.0032493907392363,7.18,3493.050048828125,-0.0012652123902441,0.2005248857144933,0.3109758877590372,5881.6298828125,17.350000381469727,403.8399963378906,74.63999938964844,3.9860000610351562,3351.762939453125,491.63,3.0,0.2
2025-07-10,331.3,331.58,324.34,326.72,210022,-0.0137945606568262,7.1748,3509.681884765625,0.0047614078541702,0.1910533220659407,0.2904792597916926,5881.6298828125,17.350000381469727,403.8399963378906,74.63999938964844,3.9860000610351562,3351.762939453125,491.63,3.0,0.2
2025-07-11,325.39,332.34,324.51,329.4,168270,0.0082027424094024,7.1681,3510.177001953125,0.0001410718132743,0.1868568429234529,0.2899942798880854,5881.6298828125,17.350000381469727,403.8399963378906,74.63999938964844,3.9860000610351562,3351.762939453125,491.63,3.0,0.2
2025-07-14,329.4,329.4,323.05,323.98,172309,-0.0164541590771097,7.167,3519.64990234375,0.0026986959305339,0.1927100701053809,0.2914591715704361,5881.6298828125,17.350000381469727,403.8399963378906,74.63999938964844,3.9860000610351562,3351.762939453125,491.63,3.0,0.2
2025-07-15,323.69,330.49,323.49,328.54,162791,0.0140749428977098,7.1729,3504.9990234375,-0.0041625955173819,0.2028508648936254,0.2903563484537557,5881.6298828125,17.350000381469727,403.8399963378906,74.63999938964844,3.9860000610351562,3351.762939453125,491.63,3.0,0.2
2025-07-16,328.55,331.4,328.55,329.21,110758,0.0020393255006998,7.1791,3503.777099609375,-0.0003486231579392,0.1987095568832382,0.2901905219601904,5881.6298828125,17.350000381469727,403.8399963378906,74.63999938964844,3.9860000610351562,3351.762939453125,491.63,3.0,0.2
2025-07-17,330.49,334.21,329.59,333.51,156891,0.0130615716412016,7.1832,3516.824951171875,0.0037239388213237,0.198552070698588,0.2909666098972906,5881.6298828125,17.350000381469727,403.8399963378906,74.63999938964844,3.9860000610351562,3351.762939453125,491.63,3.0,0.2
2025-07-18,334.62,334.99,330.74,334.6,136866,0.0032682678180564,7.1776,3534.48291015625,0.0050209945702559,0.1993325702574344,0.2905418811550944,5881.6298828125,17.350000381469727,403.8399963378906,74.63999938964844,3.9860000610351562,3351.762939453125,491.63,3.0,0.2
2025-07-21,333.48,339.61,332.75,339.61,153945,0.0149731022115959,7.176,3559.791015625,0.0071603417280723,0.2069212989833342,0.2899982197068014,5881.6298828125,17.350000381469727,403.8399963378906,74.63999938964844,3.9860000610351562,3351.762939453125,491.63,3.0,0.2
2025-07-22,340.49,347.5,338.7,347.18,214164,0.0222902741379817,7.1748,3581.861083984375,0.0061998213553837,0.2155404792116758,0.2762650329333193,5881.6298828125,17.350000381469727,403.8399963378906,74.63999938964844,3.9860000610351562,3351.762939453125,491.63,3.0,0.2
2025-07-23,347.58,348.49,342.49,343.56,158907,-0.0104268679071375,7.1599,3582.298095703125,0.0001220068865048,0.2085961869206452,0.2752579028513067,5881.6298828125,17.350000381469727,403.8399963378906,74.63999938964844,3.9860000610351562,3351.762939453125,491.63,3.0,0.2
2025-07-24,343.57,352.03,343.12,348.21,189063,0.0135347537548025,7.1541,3605.72705078125,0.0065402025326222,0.1778390545638102,0.2753771232298649,5881.6298828125,17.350000381469727,403.8399963378906,74.63999938964844,3.9860000610351562,3351.762939453125,491.63,3.0,0.2
2025-07-25,346.49,346.89,340.49,343.42,157041,-0.0137560667413341,7.1679,3593.655029296875,-0.0033480131231118,0.1818387411907732,0.2706179372372198,5881.6298828125,17.350000381469727,403.8399963378906,74.63999938964844,3.9860000610351562,3351.762939453125,491.63,3.0,0.2
2025-07-28,343.42,344.59,341.02,342.49,117057,-0.002708054277561,7.1778,3597.93701171875,0.0011915396405517,0.1801693003902415,0.26933476802537,5881.6298828125,17.350000381469727,403.8399963378906,74.63999938964844,3.9860000610351562,3351.762939453125,491.63,3.0,0.2
2025-07-29,345.5,346.97,338.78,343.73,387360,0.0036205436655085,7.1769,3609.7109375,0.0032724102014296,0.1801782261669751,0.2693061131786129,5881.6298828125,17.350000381469727,403.8399963378906,74.63999938964844,3.9860000610351562,3351.762939453125,491.63,3.0,0.2
2025-07-30,333.62,342.95,330.83,335.57,524834,-0.0237395630291217,7.1934,3615.717041015625,0.0016638738169392,0.2004784487248266,0.2702371875345965,5881.6298828125,17.350000381469727,403.8399963378906,74.63999938964844,3.9860000610351562,3351.762939453125,491.63,3.0,0.2
2025-07-31,334.07,334.07,324.47,325.19,599499,-0.0309324433054206,7.2002,3573.2080078125,-0.0117567366917585,0.2233496077292605,0.2769881005658079,5881.6298828125,17.350000381469727,403.8399963378906,74.63999938964844,3.9860000610351562,3351.762939453125,491.63,3.0,0.2
2025-08-01,324.32,328.19,322.55,326.87,362337,0.0051662105230787,7.2116,3559.951904296875,-0.0037098605753266,0.2225077265349306,0.2773242502949579,5881.6298828125,17.350000381469727,403.8399963378906,74.63999938964844,3.9860000610351562,3351.762939453125,491.63,3.0,0.2
2025-08-04,321.47,324.89,317.18,324.11,412937,-0.0084437238045705,7.178,3583.30908203125,0.0065610936221309,0.2229972617587939,0.2764292830333901,5881.6298828125,17.350000381469727,403.8399963378906,74.63999938964844,3.9860000610351562,3351.762939453125,491.63,3.0,0.2
2025-08-05,324.11,325.1,320.81,324.05,338350,-0.0001851223350097,7.1835,3617.597900390625,0.0095690373267878,0.2225991467755737,0.2729304645633846,5881.6298828125,17.350000381469727,403.8399963378906,74.63999938964844,3.9860000610351562,3351.762939453125,491.63,3.0,0.2
2025-08-06,324.05,324.47,321.17,322.52,305620,-0.0047214935966672,7.1822,3633.9951171875,0.0045326255842597,0.2228424799446684,0.2725027249190698,5881.6298828125,17.350000381469727,403.8399963378906,74.63999938964844,3.9860000610351562,3351.762939453125,491.63,3.0,0.2
2025-08-07,322.28,328.76,321.95,325.46,428763,0.0091157137541857,7.1806,3639.6669921875,0.0015607822292258,0.2205595265222914,0.270367391569744,5881.6298828125,17.350000381469727,403.8399963378906,74.63999938964844,3.9860000610351562,3351.762939453125,491.63,3.0,0.2
2025-08-08,324.47,324.56,321.2,321.26,326615,-0.0129048116512013,7.1839,3635.1279296875,-0.0012471092849272,0.222734942424477,0.2700102189414345,5881.6298828125,17.350000381469727,403.8399963378906,74.63999938964844,3.9860000610351562,3351.762939453125,491.63,3.0,0.2
2025-08-11,321.11,326.45,319.16,326.03,356698,0.0148477868393201,7.1884,3647.547119140625,0.0034164380713259,0.2219332116716074,0.2625677019352665,5881.6298828125,17.350000381469727,403.8399963378906,74.63999938964844,3.9860000610351562,3351.762939453125,491.63,3.0,0.2
2025-08-12,325.67,328.76,323.57,326.48,312195,0.0013802410821091,7.1785,3665.91796875,0.0050364941176423,0.2160622461587689,0.2612923792192455,5881.6298828125,17.350000381469727,403.8399963378906,74.63999938964844,3.9860000610351562,3351.762939453125,491.63,3.0,0.2
2025-08-13,328.34,332.42,326.99,329.96,459830,0.0106591521685859,7.1744,3683.465087890625,0.0047865553158048,0.2194016130982962,0.2533421724317622,5881.6298828125,17.350000381469727,403.8399963378906,74.63999938964844,3.9860000610351562,3351.762939453125,491.63,3.0,0.2
2025-08-14,331.58,331.97,326.84,328.58,419548,-0.0041823251303187,7.1795,3666.443115234375,-0.0046211847404797,0.2144828094218843,0.2511217495497545,5881.6298828125,17.350000381469727,403.8399963378906,74.63999938964844,3.9860000610351562,3351.762939453125,491.63,3.0,0.2
2025-08-15,327.02,329.39,325.43,327.68,361353,-0.0027390589810699,7.1817,3696.77099609375,0.0082717445508317,0.2140842089294665,0.2511237113868035,5881.6298828125,17.350000381469727,403.8399963378906,74.63999938964844,3.9860000610351562,3351.762939453125,491.63,3.0,0.2
2025-08-18,326.45,337.94,326.45,334.58,619252,0.02105712890625,7.1847,3728.027099609375,0.0084549742325539,0.2210643471477644,0.253209221312157,5881.6298828125,17.350000381469727,403.8399963378906,74.63999938964844,3.9860000610351562,3351.762939453125,491.63,3.0,0.2
2025-08-19,335.48,336.23,331.01,332.36,389735,-0.0066351844103054,7.1819,3727.2880859375,-0.0001982318400938,0.2044683221180466,0.2257466927473027,5881.6298828125,17.350000381469727,403.8399963378906,74.63999938964844,3.9860000610351562,3351.762939453125,491.63,3.0,0.2
2025-08-20,331.01,334.25,327.5,334.22,385053,0.0055963413166446,7.1757,3766.2099609375,0.0104424112391114,0.2037225813007165,0.2224938889334881,5881.6298828125,17.350000381469727,403.8399963378906,74.63999938964844,3.9860000610351562,3351.762939453125,491.63,3.0,0.2
2025-08-21,332.87,335.96,330.47,330.77,449464,-0.0103225420381786,7.1793,3771.09912109375,0.0012981645226792,0.1982101720222474,0.217886223655325,5881.6298828125,17.350000381469727,403.8399963378906,74.63999938964844,3.9860000610351562,3351.762939453125,491.63,3.0,0.2
2025-08-22,330.8,342.38,330.8,341.45,763120,0.0322882970039604,7.1651,3825.759033203125,0.0144944246635239,0.2285645592818412,0.2286285302570974,5881.6298828125,17.350000381469727,403.8399963378906,74.63999938964844,3.9860000610351562,3351.762939453125,491.63,3.0,0.2
2025-08-25,343.4,346.94,340.4,344.3,611628,0.0083467564797188,7.151,3883.56201171875,0.0151088915987553,0.2303105202505857,0.2243121384513275,5881.6298828125,17.350000381469727,403.8399963378906,74.63999938964844,3.9860000610351562,3351.762939453125,491.63,3.0,0.2
2025-08-26,344.72,353.54,341.6,350.72,692916,0.0186465291896602,7.152,3868.382080078125,-0.0039087650962748,0.2391358075509371,0.226666636805925,5881.6298828125,17.350000381469727,403.8399963378906,74.63999938964844,3.9860000610351562,3351.762939453125,491.63,3.0,0.2
2025-08-27,351.35,351.65,341.45,341.51,689747,-0.0262602645985402,7.1536,3800.35009765625,-0.0175866760349848,0.2427506653086942,0.2311164870362844,5881.6298828125,17.350000381469727,403.8399963378906,74.63999938964844,3.9860000610351562,3351.762939453125,491.63,3.0,0.2
2025-08-28,337.64,340.04,330.8,337.43,762522,-0.0119469415244062,7.1306,3843.596923828125,0.0113796953071629,0.2177004508339628,0.2321610781049207,5881.6298828125,17.350000381469727,403.8399963378906,74.63999938964844,3.9860000610351562,3351.762939453125,491.63,3.0,0.2
2025-08-29,336.11,359.24,333.83,351.65,1144902,0.042142073911626,7.1304,3857.927001953125,0.0037282988848705,0.2603585865130333,0.2485982800774935,5881.6298828125,17.350000381469727,403.8399963378906,74.63999938964844,3.9860000610351562,3351.762939453125,491.63,3.0,0.2
2025-09-01,334.97,343.91,334.97,338.57,1329867,-0.0371960756433953,7.1304,3875.531005859375,0.0045630733545081,0.2958567712241137,0.2514340560835131,5881.6298828125,17.350000381469727,403.8399963378906,74.63999938964844,3.9860000610351562,3351.762939453125,491.63,3.0,0.2
2025-09-02,335.84,342.77,335.27,339.53,773224,0.0028354550019198,7.139,3858.133056640625,-0.0044891781777636,0.2957078274305775,0.2496717170754014,5881.6298828125,17.350000381469727,403.8399963378906,74.63999938964844,3.9860000610351562,3351.762939453125,491.63,3.0,0.2
2025-09-03,340.97,341.66,330.5,331.1,735223,-0.024828439313168,7.1415,3813.556884765625,-0.0115538192230761,0.3104658171005654,0.2487028996024441,5881.6298828125,17.350000381469727,403.8399963378906,74.63999938964844,3.9860000610351562,3351.762939453125,491.63,3.0,0.2
2025-09-04,329.24,330.74,320.6,321.47,815741,-0.0290848686197523,7.1414,3765.8759765625,-0.0125030016973394,0.3271907282189514,0.2509381118252574,5881.6298828125,17.350000381469727,403.8399963378906,74.63999938964844,3.9860000610351562,3351.762939453125,491.63,3.0,0.2
2025-09-05,321.05,331.97,318.8,331.25,787524,0.0304227455128005,7.1323,3812.513916015625,0.0123843535324539,0.3411051340237054,0.2563927798295191,5881.6298828125,17.350000381469727,403.8399963378906,74.63999938964844,3.9860000610351562,3351.762939453125,491.63,3.0,0.2
2025-09-08,327.92,330.86,326.0,328.22,555923,-0.0091471698113206,7.1293,3826.841064453125,0.0037579268569525,0.3395164255523965,0.2568530400926115,5881.6298828125,17.350000381469727,403.8399963378906,74.63999938964844,3.9860000610351562,3351.762939453125,491.63,3.0,0.2
2025-09-09,327.47,331.07,325.28,325.94,381636,-0.0069465602339895,7.1209,3807.2919921875,-0.0051084097657498,0.3405319378118875,0.2571407652993674,5881.6298828125,17.350000381469727,403.8399963378906,74.63999938964844,3.9860000610351562,3351.762939453125,491.63,3.0,0.2
2025-09-10,326.03,328.82,324.53,325.07,322369,-0.0026692029207829,7.1207,3812.220947265625,0.0012946091574377,0.3383483129260462,0.2562762723761656,5881.6298828125,17.350000381469727,403.8399963378906,74.63999938964844,3.9860000610351562,3351.762939453125,491.63,3.0,0.2
2025-09-11,325.22,329.27,324.14,329.24,537781,0.0128280062755714,7.1184,3875.30908203125,0.0165489187637133,0.3412886265967124,0.255352353546837,5881.6298828125,17.350000381469727,403.8399963378906,74.63999938964844,3.9860000610351562,3351.762939453125,491.63,3.0,0.2
2025-09-12,329.27,332.21,327.17,327.2,455910,-0.0061960879601506,7.1242,3870.597900390625,-0.0012156918431279,0.3419195416247608,0.2556007346401953,5881.6298828125,17.350000381469727,403.8399963378906,74.63999938964844,3.9860000610351562,3351.762939453125,491.63,3.0,0.2
2025-09-15,327.47,342.02,327.47,335.57,974804,0.0255806845965771,7.1186,3860.50390625,-0.0026078643146079,0.3459420989765375,0.2609955174738382,5881.6298828125,17.350000381469727,403.8399963378906,74.63999938964844,3.9860000610351562,3351.762939453125,491.63,3.0,0.2
2025-09-16,336.47,336.47,331.13,332.87,533160,-0.0080460112644157,7.1142,3861.864990234375,0.0003525664051708,0.3463571535162236,0.2594888554321604,5881.6298828125,17.350000381469727,403.8399963378906,74.63999938964844,3.9860000610351562,3351.762939453125,491.63,3.0,0.2
2025-09-17,334.07,345.47,334.07,342.44,981240,0.0287499624478024,7.1033,3876.341064453125,0.003748467192757,0.3605129820360318,0.264013928206347,5881.6298828125,17.350000381469727,403.8399963378906,74.63999938964844,3.9860000610351562,3351.762939453125,491.63,3.0,0.2
2025-09-18,342.44,347.87,335.15,338.6,934014,-0.0112136432659735,7.1125,3831.656005859375,-0.011527638525805,0.3609129015033135,0.2560111454569476,5881.6298828125,17.350000381469727,403.8399963378906,74.63999938964844,3.9860000610351562,3351.762939453125,491.63,3.0,0.2
2025-09-19,338.87,341.87,336.47,336.74,472977,-0.0054932073242764,7.1142,3820.089111328125,-0.0030187716521425,0.3424949781979816,0.2555394118222028,5881.6298828125,17.350000381469727,403.8399963378906,74.63999938964844,3.9860000610351562,3351.762939453125,491.63,3.0,0.2
2025-09-22,336.08,336.2,330.92,333.44,491559,-0.0097998455781909,7.114,3828.575927734375,0.0022216278623143,0.3423537472572158,0.255946389852553,5881.6298828125,17.350000381469727,403.8399963378906,74.63999938964844,3.9860000610351562,3351.762939453125,491.63,3.0,0.2
2025-09-23,331.82,332.54,323.39,326.27,650963,-0.0215031190019194,7.1116,3821.8330078125,-0.0017612083576634,0.3408625812804877,0.259676022331038,5881.6298828125,17.350000381469727,403.8399963378906,74.63999938964844,3.9860000610351562,3351.762939453125,491.63,3.0,0.2
2025-09-24,324.47,326.96,321.47,326.6,548162,0.0010114322493641,7.1315,3853.64208984375,0.0083229910794706,0.3301707811238387,0.2596695660247779,5881.6298828125,17.350000381469727,403.8399963378906,74.63999938964844,3.9860000610351562,3351.762939453125,491.63,3.0,0.2
2025-09-25,325.49,335.87,324.08,331.97,693482,0.0164421310471525,7.1338,3853.302001953125,-8.825103180221117e-05,0.33420924544802,0.2608079845664166,5881.6298828125,17.350000381469727,403.8399963378906,74.63999938964844,3.9860000610351562,3351.762939453125,491.63,3.0,0.2
2025-09-26,331.82,343.16,330.47,331.34,756612,-0.0018977618459501,7.1328,3828.10595703125,-0.0065388191501999,0.293590136823354,0.2599662895589114,5881.6298828125,17.350000381469727,403.8399963378906,74.63999938964844,3.9860000610351562,3351.762939453125,491.63,3.0,0.2
2025-09-29,330.47,336.89,328.64,335.3,613984,0.0119514697893403,7.1194,3862.531982421875,0.0089929656537832,0.2679511795830576,0.2607065891583045,5881.6298828125,17.350000381469727,403.8399963378906,74.63999938964844,3.9860000610351562,3351.762939453125,491.63,3.0,0.2
2025-09-30,334.04,339.41,332.75,337.1,567756,0.0053683268714583,7.119,3882.777099609375,0.0052414108878926,0.2685008497287119,0.2606798425169028,5881.6298828125,17.350000381469727,403.8399963378906,74.63999938964844,3.9860000610351562,3351.762939453125,491.63,3.0,0.2
2025-10-09,335.48,346.91,333.68,341.27,1008722,0.0123702165529515,7.1275,3933.971923828125,0.0131851051207396,0.2554390898125446,0.2617174162525021,5881.6298828125,17.350000381469727,403.8399963378906,74.63999938964844,3.9860000610351562,3351.762939453125,491.63,3.0,0.2
2025-10-10,341.12,341.12,332.21,332.84,590103,-0.0247018489758842,7.134,3897.028076171875,-0.0093909789829664,0.2488360281849569,0.2652159712011111,5881.6298828125,17.350000381469727,403.8399963378906,74.63999938964844,3.9860000610351562,3351.762939453125,491.63,3.0,0.2
2025-10-13,324.47,327.41,321.77,326.54,744430,-0.0189280134599205,7.134,3889.501953125,-0.0019312468116134,0.2349669459433265,0.2676442466941358,5881.6298828125,17.350000381469727,403.8399963378906,74.63999938964844,3.9860000610351562,3351.762939453125,491.63,3.0,0.2
2025-10-14,329.51,337.55,326.33,327.44,767786,0.0027561707600904,7.1384,3865.22900390625,-0.00624063170845,0.2330230942020075,0.2654885550069736,5881.6298828125,17.350000381469727,403.8399963378906,74.63999938964844,3.9860000610351562,3351.762939453125,491.63,3.0,0.2
2025-10-15,328.82,332.0,325.97,330.77,475791,0.0101698021011482,7.1262,3912.208984375,0.0121545141106182,0.2341897865811179,0.2647436232159245,5881.6298828125,17.350000381469727,403.8399963378906,74.63999938964844,3.9860000610351562,3351.762939453125,491.63,3.0,0.2
2025-10-16,330.47,337.37,329.0,330.35,523096,-0.0012697644889196,7.123,3916.22802734375,0.0010273078418872,0.2339643178188511,0.2647349235433723,5881.6298828125,17.350000381469727,403.8399963378906,74.63999938964844,3.9860000610351562,3351.762939453125,491.63,3.0,0.2
2025-10-17,329.27,329.36,322.25,322.76,625725,-0.0229756319055548,7.1264,3839.7548828125,-0.0195272450933147,0.2440722345052655,0.2675404985815835,5881.6298828125,17.350000381469727,403.8399963378906,74.63999938964844,3.9860000610351562,3351.762939453125,491.63,3.0,0.2
2025-10-20,325.13,326.36,321.71,323.03,355615,0.000836534886603,7.1195,3863.89306640625,0.0062863865872786,0.2433165439065504,0.2674442408492261,5881.6298828125,17.350000381469727,403.8399963378906,74.63999938964844,3.9860000610351562,3351.762939453125,491.63,3.0,0.2
2025-10-21,323.54,324.68,322.19,323.75,299074,0.0022288951490574,7.1218,3916.33203125,0.0135715362569603,0.2233833445363229,0.2655745733639249,5881.6298828125,17.350000381469727,403.8399963378906,74.63999938964844,3.9860000610351562,3351.762939453125,491.63,3.0,0.2
2025-10-22,321.77,322.43,319.58,320.81,357874,-0.009081081081081,7.1257,3913.758056640625,-0.0006572411605645,0.2238033393466456,0.2617502119492252,5881.6298828125,17.350000381469727,403.8399963378906,74.63999938964844,3.9860000610351562,3351.762939453125,491.63,3.0,0.2
2025-10-23,319.37,320.66,315.47,320.54,378603,-0.0008416196502601,7.1221,3922.409912109375,0.0022106260385896,0.1928237013536174,0.261040404552782,5881.6298828125,17.350000381469727,403.8399963378906,74.63999938964844,3.9860000610351562,3351.762939453125,491.63,3.0,0.2
2025-10-24,321.41,322.58,320.3,320.75,305543,0.000655144443751,7.1211,3950.31201171875,0.0071135093563869,0.1908976758484434,0.2593013561819012,5881.6298828125,17.350000381469727,403.8399963378906,74.63999938964844,3.9860000610351562,3351.762939453125,491.63,3.0,0.2
2025-10-27,321.47,324.38,321.11,321.5,345988,0.0023382696804363,7.1102,3996.945068359375,0.0118049046511481,0.1913660366284793,0.2580774090281448,5881.6298828125,17.350000381469727,403.8399963378906,74.63999938964844,3.9860000610351562,3351.762939453125,491.63,3.0,0.2
2025-10-28,321.53,322.43,319.97,320.63,265416,-0.002706065318818,7.0988,3988.22412109375,-0.0021819032076927,0.1892963940786763,0.2580773518095596,5881.6298828125,17.350000381469727,403.8399963378906,74.63999938964844,3.9860000610351562,3351.762939453125,491.63,3.0,0.2
2025-10-29,320.66,325.01,318.47,323.03,397340,0.0074852633877053,7.098,4016.3310546875,0.0070474809690588,0.1770274771649167,0.2584920940729462,5881.6298828125,17.350000381469727,403.8399963378906,74.63999938964844,3.9860000610351562,3351.762939453125,491.63,3.0,0.2
2025-10-30,321.47,324.05,319.97,320.3,358989,-0.0084512274401756,7.1097,3986.90087890625,-0.0073276269760934,0.1791724913702799,0.2545930039698412,5881.6298828125,17.350000381469727,403.8399963378906,74.63999938964844,3.9860000610351562,3351.762939453125,491.63,3.0,0.2
2025-10-31,312.47,313.43,309.47,311.84,637053,-0.0264127380580706,7.1169,3954.7900390625,-0.0080540853206662,0.1884534684783463,0.2524563380348416,5881.6298828125,17.350000381469727,403.8399963378906,74.63999938964844,3.9860000610351562,3351.762939453125,491.63,3.0,0.2
2025-11-03,311.84,312.44,304.97,308.27,551670,-0.011448178553104,7.1222,3976.52099609375,0.0054948446862179,0.1907110857340388,0.2531379865276081,5881.6298828125,17.350000381469727,403.8399963378906,74.63999938964844,3.9860000610351562,3351.762939453125,491.63,3.0,0.2
2025-11-04,306.47,308.09,302.6,302.87,435017,-0.0175171116229279,7.1295,3960.18603515625,-0.0041078523044506,0.18763948794881,0.2549766617466953,5881.6298828125,17.350000381469727,403.8399963378906,74.63999938964844,3.9860000610351562,3351.762939453125,491.63,3.0,0.2
2025-11-05,299.45,299.45,293.66,296.87,587215,-0.0198104797437844,7.126,3969.248046875,0.002288279297564,0.1904401478187539,0.2578637965323557,5881.6298828125,17.350000381469727,403.8399963378906,74.63999938964844,3.9860000610351562,3351.762939453125,491.63,3.0,0.2
2025-11-06,296.21,302.72,295.67,302.03,402004,0.0173813453700271,7.1195,4007.760009765625,0.009702584075325,0.1976385492357407,0.2605861377298913,5881.6298828125,17.350000381469727,403.8399963378906,74.63999938964844,3.9860000610351562,3351.762939453125,491.63,3.0,0.2
2025-11-07,300.47,303.92,299.96,301.07,322561,-0.0031784922027612,7.1219,3997.555908203125,-0.0025460859776124,0.1850102863934539,0.2597723472459052,5881.6298828125,17.350000381469727,403.8399963378906,74.63999938964844,3.9860000610351562,3351.762939453125,491.63,3.0,0.2
2025-11-10,301.52,310.52,301.52,307.64,554877,0.0218221676022187,7.1193,4018.596923828125,0.0052634700072169,0.2000750591747284,0.2628010379066512,5881.6298828125,17.350000381469727,403.8399963378906,74.63999938964844,3.9860000610351562,3351.762939453125,491.63,3.0,0.2
2025-11-11,307.97,308.81,303.89,305.6,319858,-0.0066311272916395,7.1193,4002.758056640625,-0.0039413923535311,0.1993280686285359,0.2610938593665347,5881.6298828125,17.350000381469727,403.8399963378906,74.63999938964844,3.9860000610351562,3351.762939453125,491.63,3.0,0.2
2025-11-12,305.87,306.44,302.09,302.78,260643,-0.0092277486910996,7.112,4000.139892578125,-0.0006540900113002,0.1936636667619734,0.2615949214579958,5881.6298828125,17.350000381469727,403.8399963378906,74.63999938964844,3.9860000610351562,3351.762939453125,491.63,3.0,0.2
2025-11-13,300.5,310.97,300.5,308.96,579990,0.0204108593698395,7.095,4029.5009765625,0.0073400142927131,0.2125889411466714,0.2642209417784947,5881.6298828125,17.350000381469727,403.8399963378906,74.63999938964844,3.9860000610351562,3351.762939453125,491.63,3.0,0.2
2025-11-14,306.47,310.97,304.46,304.58,342985,-0.0141765924391507,7.0992,3990.491943359375,-0.0096808595977566,0.2038797238523819,0.2655322508502818,5881.6298828125,17.350000381469727,403.8399963378906,74.63999938964844,3.9860000610351562,3351.762939453125,491.63,3.0,0.2
2025-11-17,302.87,305.24,301.22,303.71,207248,-0.0028563924092193,7.1075,3972.034912109375,-0.0046252521022412,0.2034230961315583,0.2655354040684242,5881.6298828125,17.350000381469727,403.8399963378906,74.63999938964844,3.9860000610351562,3351.762939453125,491.63,3.0,0.2
2025-11-18,302.09,303.02,297.53,298.94,304756,-0.0157057719535081,7.1074,3939.81298828125,-0.0081121955222224,0.2072336233607475,0.2630937671299462,5881.6298828125,17.350000381469727,403.8399963378906,74.63999938964844,3.9860000610351562,3351.762939453125,491.63,3.0,0.2
2025-11-19,298.67,299.45,294.5,294.98,348292,-0.0132468053790058,7.1106,3946.741943359375,0.0017587015167306,0.2091344293640351,0.2639665934414814,5881.6298828125,17.350000381469727,403.8399963378906,74.63999938964844,3.9860000610351562,3351.762939453125,491.63,3.0,0.2
2025-11-20,294.98,295.97,289.97,290.3,391811,-0.0158654824055868,7.1098,3931.051025390625,-0.0039756635204262,0.2127917868282145,0.2650426117863763,5881.6298828125,17.350000381469727,403.8399963378906,74.63999938964844,3.9860000610351562,3351.762939453125,491.63,3.0,0.2
2025-11-21,286.94,292.64,284.57,287.57,451713,-0.0094040647605925,7.1066,3834.89111328125,-0.024461629088068,0.2123310332495444,0.2649291741453453,5881.6298828125,17.350000381469727,403.8399963378906,74.63999938964844,3.9860000610351562,3351.762939453125,491.63,3.0,0.2
2025-11-24,288.77,292.7,286.07,291.26,327302,0.0128316583788294,7.102,3836.764892578125,0.0004886134290451,0.2204874025657328,0.2569949067857009,5881.6298828125,17.350000381469727,403.8399963378906,74.63999938964844,3.9860000610351562,3351.762939453125,491.63,3.0,0.2
2025-11-25,291.47,295.61,290.57,291.2,277489,-0.0002060015106777,7.0845,3870.02294921875,0.008668255046057,0.2209856498877022,0.2560465868330812,5881.6298828125,17.350000381469727,403.8399963378906,74.63999938964844,3.9860000610351562,3351.762939453125,491.63,3.0,0.2
2025-11-26,293.72,295.79,292.82,294.74,306577,0.0121565934065934,7.0758,3864.18408203125,-0.0015087422643523,0.2249906727531125,0.2540777980117179,5881.6298828125,17.350000381469727,403.8399963378906,74.63999938964844,3.9860000610351562,3351.762939453125,491.63,3.0,0.2
2025-11-27,293.27,294.95,292.13,292.34,202280,-0.008142769898894,7.0758,3875.260009765625,0.0028663043735102,0.224921056752975,0.249596433013946,5881.6298828125,17.350000381469727,403.8399963378906,74.63999938964844,3.9860000610351562,3351.762939453125,491.63,3.0,0.2
2025-11-28,293.27,295.16,292.07,294.98,219351,0.0090305808305399,7.0751,3888.595947265625,0.0034413013491723,0.2139619144884249,0.2498953948314527,5881.6298828125,17.350000381469727,403.8399963378906,74.63999938964844,3.9860000610351562,3351.762939453125,491.63,3.0,0.2
2025-12-01,295.64,298.37,294.89,296.78,233713,0.0061021086175332,7.0717,3914.006103515625,0.0065345324108223,0.2135016653026058,0.2329746692991542,5881.6298828125,17.350000381469727,403.8399963378906,74.63999938964844,3.9860000610351562,3351.762939453125,491.63,3.0,0.2
2025-12-02,298.73,302.87,298.22,299.33,359217,0.0085922231956332,7.07,3897.7119140625,-0.0041630465109621,0.2080745238079986,0.222703280052608,5881.6298828125,17.350000381469727,403.8399963378906,74.63999938964844,3.9860000610351562,3351.762939453125,491.63,3.0,0.2
2025-12-03,299.39,299.42,294.14,294.62,231573,-0.0157351418167239,7.0636,3878.0,-0.0050573040022228,0.2035126777176495,0.2242440054470071,5881.6298828125,17.350000381469727,403.8399963378906,74.63999938964844,3.9860000610351562,3351.762939453125,491.63,3.0,0.2
2025-12-04,294.23,295.34,292.07,295.19,166142,0.0019346955400176,7.0714,3875.79296875,-0.0005691158457967,0.1928158551799526,0.2193967370790968,5881.6298828125,17.350000381469727,403.8399963378906,74.63999938964844,3.9860000610351562,3351.762939453125,491.63,3.0,0.2
2025-12-05,295.34,298.13,293.6,297.41,211618,0.007520579965446,7.0696,3902.80810546875,0.0069702218195268,0.1949954571125083,0.2126884442935564,5881.6298828125,17.350000381469727,403.8399963378906,74.63999938964844,3.9860000610351562,3351.762939453125,491.63,3.0,0.2
2025-12-08,298.1,300.92,298.1,299.06,247805,0.0055478968427422,7.071,3924.077880859375,0.0054498645118681,0.1780639515721501,0.2027659310270177,5881.6298828125,17.350000381469727,403.8399963378906,74.63999938964844,3.9860000610351562,3351.762939453125,491.63,3.0,0.2
2025-12-09,298.1,299.45,296.57,297.56,163227,-0.0050157159098508,7.0633,3909.52099609375,-0.0037096319715339,0.1775204258360105,0.2022872623047232,5881.6298828125,17.350000381469727,403.8399963378906,74.63999938964844,3.9860000610351562,3351.762939453125,491.63,3.0,0.2
2025-12-10,296.27,299.42,294.17,298.88,198402,0.0044360801182954,7.064,3900.49609375,-0.0023084419684067,0.1760188401125533,0.202336095412026,5881.6298828125,17.350000381469727,403.8399963378906,74.63999938964844,3.9860000610351562,3351.762939453125,491.63,3.0,0.2
2025-12-11,300.41,300.83,297.02,298.16,250908,-0.0024089935760169,7.0579,3873.318115234375,-0.0069678261078568,0.1575814291769952,0.2023296265252821,5881.6298828125,17.350000381469727,403.8399963378906,74.63999938964844,3.9860000610351562,3351.762939453125,491.63,3.0,0.2
2025-12-12,298.07,302.57,296.42,300.47,554621,0.0077475181110813,7.0548,3889.345947265625,0.0041380107583237,0.1537859610597678,0.2010720428365308,5881.6298828125,17.350000381469727,403.8399963378906,74.63999938964844,3.9860000610351562,3351.762939453125,491.63,3.0,0.2
2025-12-15,299.12,300.95,296.06,296.06,293301,-0.0146770060238959,7.047,3867.9208984375,-0.005508650842229,0.1615778924038307,0.2026729772499764,5881.6298828125,17.350000381469727,403.8399963378906,74.63999938964844,3.9860000610351562,3351.762939453125,491.63,3.0,0.2
2025-12-16,295.97,296.57,291.89,292.22,258768,-0.0129703438492196,7.0417,3824.81201171875,-0.0111452348304652,0.158590627698456,0.1958879219847547,5881.6298828125,17.350000381469727,403.8399963378906,74.63999938964844,3.9860000610351562,3351.762939453125,491.63,3.0,0.2
2025-12-17,292.97,296.57,290.51,295.1,272825,0.0098555882554238,7.0431,3870.278076171875,0.0118871370184527,0.1562852209701028,0.1970489960905785,5881.6298828125,17.350000381469727,403.8399963378906,74.63999938964844,3.9860000610351562,3351.762939453125,491.63,3.0,0.2
2025-12-18,292.64,293.27,289.97,290.06,252797,-0.0170789562860048,7.0404,3876.37109375,0.0015743100258449,0.1579761326303759,0.1887827209591898,5881.6298828125,17.350000381469727,403.8399963378906,74.63999938964844,3.9860000610351562,3351.762939453125,491.63,3.0,0.2
2025-12-19,291.47,295.28,290.66,292.16,272068,0.0072398814038474,7.0409,3890.447998046875,0.003631464572515,0.1558602938186254,0.1890132925367837,5881.6298828125,17.350000381469727,403.8399963378906,74.63999938964844,3.9860000610351562,3351.762939453125,491.63,3.0,0.2
2025-12-22,293.57,295.55,292.22,292.58,206235,0.0014375684556406,7.0367,3917.364013671875,0.0069184874437373,0.1493426762702794,0.1890602902655223,5881.6298828125,17.350000381469727,403.8399963378906,74.63999938964844,3.9860000610351562,3351.762939453125,491.63,3.0,0.2
2025-12-23,292.97,295.97,292.97,293.9,236617,0.0045115865746121,7.028,3919.97900390625,0.0006675382285763,0.1500809760460092,0.1889007587901553,5881.6298828125,17.350000381469727,403.8399963378906,74.63999938964844,3.9860000610351562,3351.762939453125,491.63,3.0,0.2
2025-12-24,293.87,293.87,291.62,292.73,192810,-0.0039809458999657,7.0142,3940.947021484375,0.0053490127261472,0.1442829138199361,0.1845494557416587,5881.6298828125,17.350000381469727,403.8399963378906,74.63999938964844,3.9860000610351562,3351.762939453125,491.63,3.0,0.2
2025-12-25,292.76,295.16,291.83,293.99,182202,0.0043043077238411,7.0142,3959.62109375,0.004738473307005,0.1420600958446111,0.1848821966620325,5881.6298828125,17.350000381469727,403.8399963378906,74.63999938964844,3.9860000610351562,3351.762939453125,491.63,3.0,0.2
2025-12-26,295.31,313.82,295.22,309.5,1020959,0.052756896493078,7.0063,3963.678955078125,0.0010248105139478,0.2331864392670817,0.2129399960422281,5881.6298828125,17.350000381469727,403.8399963378906,74.63999938964844,3.9860000610351562,3351.762939453125,491.63,3.0,0.2
2025-12-29,310.97,313.37,308.27,310.1,519167,0.0019386106623586,7.0056,3965.280029296875,0.0004039364027448,0.2328028555478123,0.2130221594939328,5881.6298828125,17.350000381469727,403.8399963378906,74.63999938964844,3.9860000610351562,3351.762939453125,491.63,3.0,0.2
2025-12-30,307.25,309.92,305.69,308.72,318756,-0.0044501773621412,6.9961,3965.115966796875,-4.137475759291576e-05,0.2327290842545116,0.2114036488122449,5881.6298828125,17.350000381469727,403.8399963378906,74.63999938964844,3.9860000610351562,3351.762939453125,491.63,3.0,0.2
2025-12-31,309.41,310.07,301.61,302.63,402859,-0.0197266131122053,6.9931,3965.115966796875,0.0,0.237073478368256,0.2142647025235556,5881.6298828125,17.350000381469727,403.8399963378906,74.63999938964844,3.9860000610351562,3351.762939453125,491.63,3.0,0.2
