Date,Open,High,Low,Close,Volume,DailyReturn,CNYUSD,SSE_Close,SSE_Return,Vol_20d,Vol_60d
2015-01-06,12.464902694489806,13.120116865665238,12.36044852389549,12.765604972839355,41667201,0.0017388999384919668,6.2125,3351.446044921875,0.0002766741335407108,,
2015-01-07,12.74028173261375,12.74028173261375,12.312968096240658,12.325629234313965,33502194,-0.03446571779884322,6.2127,3373.9541015625,0.0067159239143144145,,
2015-01-08,12.32246322821682,12.407925224439952,12.148372366702814,12.189520835876465,20675355,-0.011042713994558695,6.2143,3293.4560546875,-0.0238586668495937,,
2015-01-09,12.19901837348802,12.502885700197819,12.138877738677689,12.167365074157715,25545282,-0.0018176072724319647,6.2085,3285.412109375,-0.002442402503306851,,
2015-01-12,12.180025963917457,12.76560429199742,12.180025963917457,12.49655532836914,34046562,0.027055180164733628,6.2027,3229.31591796875,-0.017074324175703315,,
2015-01-13,12.661148724818004,12.942859701198538,12.502884060119147,12.76243782043457,39981255,0.021276462599403967,6.197,3235.301025390625,0.0018533669587952328,,
2015-01-14,12.756109117428787,12.882719595374994,12.344621668118435,12.49655532836914,20968251,-0.02083320567797098,6.1957,3222.43701171875,-0.003976141190856208,,
2015-01-15,12.534538364322856,12.623166330121867,12.211678893257014,12.369942665100098,17872650,-0.010131805120856985,6.187,3336.455078125,0.03538255860133521,,
2015-01-16,12.379438048919225,12.55985993406251,12.278149856440075,12.525041580200195,21819690,0.012538369764452106,6.2065,3376.4951171875,0.012000772713835373,,
2015-01-19,12.477562712144938,12.797256194306721,11.961620248512318,12.126215934753418,32401341,-0.03184226119274913,6.2065,3116.35107421875,-0.07704558541919071,,
2015-01-20,12.167364740088757,12.455405862022939,12.11672109262367,12.328794479370117,26251371,0.016705833518609436,6.2137,3173.052001953125,0.018194653421258034,,
2015-01-21,12.373109003016431,12.591514318823856,12.328794565978617,12.49655532836914,27763101,0.013607238670393818,6.2112,3323.611083984375,0.047449295485411325,,
2015-01-22,12.550364863864987,12.645322948147788,12.40792637904672,12.6010103225708,28588395,0.008358702975093557,6.2085,3343.343994140625,0.005937189899064332,,
2015-01-23,12.645323168341978,12.965017594611316,12.623166855167675,12.695968627929688,42444438,0.007535769190570196,6.2279,3351.763916015625,0.002518413268199904,,
2015-01-26,12.75610902611321,12.914373707206101,12.521876609842737,12.692802429199219,28588251,-0.00024938614951386384,6.2535,3383.181884765625,0.009373562559068294,,
2015-01-27,12.692801415295932,12.787760397485537,12.534537652441221,12.661149024963379,31912017,-0.0024938073693656637,6.243,3352.9599609375,-0.008932988192037028,,
2015-01-28,12.727619155436638,12.946024441703246,12.623165004541434,12.787759780883789,32680065,0.009999942001375883,6.2475,3305.738037109375,-0.014083652765994104,,
2015-01-29,12.832074818931826,12.84790101408363,12.47756297619397,12.585182189941406,27734511,-0.015841523019943904,6.2463,3262.304931640625,-0.013138701548997878,,
2015-01-30,12.566191662995433,12.65481963518819,12.107225604824825,12.110390663146973,30568038,-0.03772623388590324,6.2495,3210.363037109375,-0.01592183919641388,,
2015-02-02,12.028091266419809,12.316133271134088,11.86982750343795,12.176859855651855,15751845,0.005488608448210863,6.2594,3128.300048828125,-0.025561902916481305,0.2940987985925254,
2015-02-03,12.4047617303334,12.439580993740737,12.221175672048679,12.259159088134766,17622876,0.006758658098927839,6.2573,3204.906982421875,0.02448835866062371,0.29550583120454227,
2015-02-04,12.455407643946694,12.455407643946694,12.028093939961085,12.113556861877441,27475449,-0.011877015805941138,6.2472,3174.1259765625,-0.009604336733702756,0.2724210768422595,
2015-02-05,12.132546896152625,12.192688437449206,11.933133733648695,11.94262981414795,20888997,-0.014110392981884323,6.2516,3136.531005859375,-0.011844196160052722,0.2741738280824726,
2015-02-06,12.024926379388358,12.066074849676882,11.366547232388038,11.467835426330566,32893599,-0.03975626769029661,6.2417,3075.906982421875,-0.01932836733456411,0.3070026970588866,
2015-02-09,11.508984802215075,11.581785663311392,11.404530644714981,11.467835426330566,14402439,0.0,6.2467,3095.1240234375,0.006247601479968612,0.2864680683842239,
2015-02-10,11.550134268116743,11.812853119089924,11.429852999248611,11.755878448486328,17870982,0.02511747086066518,6.2405,3141.593017578125,0.015013612956619404,0.2912703481614759,
2015-02-11,11.648256316236733,11.819181204267757,11.540636204398313,11.588115692138672,21411204,-0.01427054193208821,6.2422,3157.7041015625,0.00512831671519165,0.28712337214437905,
2015-02-12,11.600779194849764,12.018596779881316,11.537473500148014,11.99010944366455,30854604,0.034690174158218845,6.244,3173.416015625,0.004975739827783654,0.3162253960443023,
2015-02-13,12.183190813254837,13.189752578735352,12.047082456402261,13.189752578735352,110816205,0.100052726016165,6.2399,3203.826904296875,0.009583013548220665,0.47831202628019853,
2015-02-16,13.882952008950467,14.509678840637207,13.794323130582237,14.509678840637207,113258253,0.10007210173372427,6.2399,3222.363037109375,0.005785622434108406,0.57104647048895,
2015-02-17,15.446602614106183,15.959378242492676,14.509677510790352,15.959378242492676,105116379,0.09991257682391286,6.2546,3246.906005859375,0.00761645055735749,0.6549850049075658,
2015-02-25,15.959378242492676,15.959378242492676,15.959378242492676,15.959378242492676,0,0.0,6.2591,3228.843017578125,-0.0055631386460383014,0.6568064517112567,
2015-02-26,15.791619584799088,16.079660718047403,15.278843917711566,15.59853744506836,99222840,-0.02260995334163829,6.2584,3298.35888671875,0.021529652808196076,0.6688496407586041,
2015-02-27,15.494083453549724,16.07966184142785,15.22503446244667,16.010026931762695,110521242,0.026380004416659775,6.2695,3310.302978515625,0.0036212226161833616,0.6706975896477231,
2015-03-02,16.49114542612136,17.611655505123903,16.237922707070403,16.389856338500977,150779838,0.023724470193409175,6.272,3336.284912109375,0.00784880833034829,0.6700626470635024,
2015-03-03,16.14296680266552,17.307791531679644,15.994197294953981,16.25691795349121,98588103,-0.008111015878612848,6.2741,3263.052001953125,-0.021950436514112992,0.6721538630472201,
2015-03-04,16.142962219198495,17.0545639222048,15.94038406297487,16.45632553100586,89692995,0.012266013649396834,6.2701,3279.532958984375,0.0050507797673420285,0.6720501897574682,
2015-03-05,16.301230274799288,18.102279663085938,16.266411918563946,18.102279663085938,111754863,0.10001954135987923,6.2658,3248.47607421875,-0.009469910854392749,0.7284156264533272,
2015-03-06,18.72267220870756,18.865111579750835,16.396187234622587,16.55445098876953,154362204,-0.08550462721403695,6.262,3241.18701171875,-0.0022438405989346766,0.7947501452050054,
2015-03-09,15.98469986256135,16.45949296365113,15.535230847239076,16.206270217895508,77771103,-0.021032456534513133,6.2635,3302.407958984375,0.01888843409660601,0.8053115740300641,
2015-03-10,16.17461782747404,16.738037983982316,16.048006454596226,16.206270217895508,64690800,0.0,6.2615,3286.068115234375,-0.004947857427955449,0.8066504148298704,
2015-03-11,16.01635497213907,16.301230124465683,15.693495500199816,15.826436996459961,56492835,-0.023437423684082637,6.2613,3290.89990234375,0.0014703855610826988,0.8128264633459317,
2015-03-12,16.010025484227636,16.010025484227636,15.288339683994243,15.547892570495605,58144446,-0.017599945333662936,6.2614,3349.322998046875,0.017752923952963906,0.8145577675407945,
2015-03-13,15.668173798387523,15.93722276446618,15.44660342237259,15.820107460021973,52528851,0.01750815348717638,6.2585,3372.910888671875,0.007042584617474867,0.7889315780211466,
2015-03-16,15.997362585761326,16.29806574112903,15.829602735962933,16.187278747558594,60334482,0.02320915255882272,6.262,3449.304931640625,0.02264929181062092,0.7864560821003721,
2015-03-17,16.237926594953276,16.66840532041038,15.97837188738647,16.301231384277344,67036350,0.007039641344036118,6.249,3502.846923828125,0.015522545338441107,0.7870621855315475,
2015-03-18,16.301231926063572,17.089388533211764,16.14613228915723,16.886810302734375,80968677,0.03592237326450243,6.2289,3577.301025390625,0.021255311231565877,0.7802284200489915,
2015-03-19,16.886807494221884,17.659137775063723,16.8076765180974,17.054567337036133,78891828,0.009934204938311764,6.1955,3582.27099609375,0.0013893073766646502,0.7790466747802796,
2015-03-20,16.77602183535857,16.972269910664867,16.459492506362107,16.712717056274414,65542653,-0.02004450033858951,6.2037,3617.318115234375,0.009783491862799254,0.7280632408009468,
2015-03-23,16.709551508680587,16.880477314368534,16.611428374181475,16.810840606689453,58979691,0.005871190787508862,6.2135,3687.72802734375,0.019464672408225026,0.6511653015885713,
2015-03-24,16.82350277819991,17.37109861224452,16.43100838375446,16.90263557434082,83565345,0.005460462673998467,6.2046,3691.409912109375,0.0009984154846356397,0.5536888737141615,
2015-03-25,16.839329560804853,16.99126321427923,16.443667420088982,16.519634246826172,63997551,-0.022659266706079095,6.2116,3660.72705078125,-0.008311962653476224,0.561350409038646,
2015-03-26,16.579775318643552,17.409080318710178,16.46266001737486,17.162189483642578,88757439,0.03889645661736463,6.2103,3682.094970703125,0.005837069966009745,0.5675487716453386,
2015-03-27,17.24448582212552,17.24448582212552,16.427841083312913,16.728544235229492,58624812,-0.02526747818664965,6.2145,3691.095947265625,0.002444525910960227,0.571811043678167,
2015-03-30,16.791848108756852,16.96593987443725,16.554451563695878,16.684228897094727,55481889,-0.0026490851512016578,6.2065,3786.568115234375,0.025865534067050167,0.5666570235144974,
2015-03-31,16.69056041486253,16.991263575756157,16.544956874387307,16.586105346679688,56221470,-0.005881215788889449,6.199,3747.89892578125,-0.010212199616203566,0.5662109869935876,
2015-04-01,17.092553994115146,18.244718551635742,17.092553994115146,18.244718551635742,100959078,0.1000001609954857,6.1976,3810.2939453125,0.016647999523691448,0.6651295264981752,
2015-04-02,18.991724644136365,19.764054948709163,18.216228375944528,18.94108009338379,140534802,0.03816784236913384,6.1968,3825.783935546875,0.004065300592735355,0.5799353444415741,
2015-04-03,18.694188906247323,19.545650255445384,18.36816345348458,19.41904067993164,92434236,0.025234072407243957,6.193,3863.928955078125,0.009970510664972343,0.4807926974061663,
2015-04-07,19.422202784731795,19.491839492875588,18.896765132506356,19.115169525146484,57932682,-0.015648103312291273,6.1955,3961.3779296875,0.02522017763326212,0.47677914727843385,0.5687671068944236
2015-04-08,19.108838986536743,19.27026871039338,17.99465892565255,18.320682525634766,66370032,-0.04156316785297409,6.202,3994.81103515625,0.00843976668274804,0.5086057863134165,0.5774626744532124
2015-04-09,18.263710493835543,18.263710493835543,16.88997556693796,17.725610733032227,67457952,-0.03248087464917859,6.205,3957.533935546875,-0.009331379952973617,0.5166448533974217,0.5768727596566903
2015-04-10,17.94084789469012,18.342838305370144,17.90919550576549,18.010482788085938,47905437,0.01607121240245024,6.2082,4034.31005859375,0.019399991079612988,0.5098766858733897,0.5759853410513304
2015-04-13,18.010486630848796,18.73850440979004,17.56734765777913,18.73850440979004,64697313,0.04042210474145058,6.2152,4121.71484375,0.021665361334849198,0.5219737683661663,0.5796674452199906
2015-04-14,18.637208717388155,18.706847230217313,18.035806108532366,18.05796241760254,48133557,-0.03631783931656507,6.2113,4135.56494140625,0.0033602755603658885,0.542835444588913,0.5852276374922034
2015-04-15,17.741436930233476,18.032644030074533,17.55152075262632,17.725610733032227,38443026,-0.018404716816020295,6.2037,4084.1630859375,-0.012429222173276133,0.5496755431293728,0.5866850019275655
2015-04-16,17.68129764852997,18.4472960781946,17.54835433532831,18.263710021972656,45245607,0.030357164954416316,6.1947,4194.8232421875,0.02709494060876816,0.5458315767266522,0.586010706755625
2015-04-17,18.554913660983647,18.672028944404175,18.042136286623347,18.089614868164062,48967770,-0.009532299494415142,6.1976,4287.2958984375,0.02204447026992673,0.5476201092491347,0.5859371456229725
2015-04-20,17.909199580854786,17.909199580854786,17.31412511546981,17.34577751159668,50720760,-0.04111957949289802,6.2014,4217.0771484375,-0.016378330692218168,0.5644887078356415,0.5940365426579981
2015-04-21,17.348942814773775,17.880710656454905,17.348942814773775,17.76042938232422,38295981,0.023905061070356837,6.201,4293.623046875,0.018151410501432652,0.5695462309203989,0.589794365878879
2015-04-22,17.883874552537904,18.605560375771205,17.820569763604414,18.12127113342285,46748361,0.0203171749584925,6.1927,4398.494140625,0.024424848806028132,0.5727092670143146,0.5900934699947694
2015-04-23,18.358669122840777,19.93498420715332,18.358669122840777,19.93498420715332,132277833,0.10008751926818515,6.1975,4414.5078125,0.0036407168824201808,0.6563027879337474,0.6200219779883843
2015-04-24,19.93498420715332,19.93498420715332,19.93498420715332,19.93498420715332,0,0.0,6.193,4393.68603515625,-0.004716670176637017,0.648242675195008,0.6202691932481116
2015-04-27,19.93498420715332,19.93498420715332,19.93498420715332,19.93498420715332,0,0.0,6.2185,4527.39599609375,0.030432297589680912,0.6370042343309287,0.6205064581855836
2015-04-28,20.257841566110002,21.0491641531834,18.640379842694568,18.836627960205078,115625697,-0.05509692084702611,6.2035,4476.21484375,-0.011304766004102462,0.6763162808922127,0.6337652405133117
2015-04-29,18.839791121418326,20.25783855224077,18.200402305376695,19.368392944335938,66728661,0.028230370385521564,6.1989,4476.6201171875,9.053931762581513e-05,0.6785841989134839,0.6348509884231424
2015-04-30,19.6880874696315,19.802036799449706,18.95373969688153,18.991724014282227,48585126,-0.019447608850989506,6.2018,4441.65478515625,-0.007810654269502226,0.5922396771037843,0.6372939822071194
2015-05-04,18.99172311971277,20.44775474257292,18.99172311971277,19.431697845458984,55848579,0.023166608299798774,6.2085,4480.4638671875,0.008737527770268816,0.5826262831717068,0.6362348210684344
2015-05-05,19.30825586459133,19.30825586459133,18.295364656288957,18.48211669921875,47585247,-0.04886763646657588,6.2058,4298.7060546875,-0.04056673993759796,0.6023221569238659,0.6400558042841225
2015-05-06,18.833457784559272,19.18164131130774,18.263707532913834,18.406145095825195,39014565,-0.0041105466776305555,6.2001,4229.26611328125,-0.01615368450944199,0.600191498822511,0.640509219638281
2015-05-07,18.285866174859358,18.77015539946488,18.06113164670998,18.5960636138916,33650886,0.010318212590287645,6.2063,4112.2138671875,-0.027676727583106797,0.5819129835151864,0.6405286565292101
2015-05-08,18.74166493038569,18.944244932563826,18.352334743185015,18.833457946777344,40089963,0.012765837857663831,6.2084,4205.9169921875,0.02278653981196932,0.5690198823009645,0.639293363457123
2015-05-11,18.92841798034676,20.19453355568744,18.79547648790915,19.969799041748047,74649741,0.06033629608444513,6.2086,4333.583984375,0.03035413975707124,0.6025544934491787,0.6463829000903217
2015-05-12,19.97612674929456,20.62817571201307,19.624779090109495,20.416101455688477,72366168,0.022348868559338486,6.2086,4401.21923828125,0.015607232754715872,0.5921261628277228,0.6386951008948375
2015-05-13,20.32114375328586,20.409772617230963,19.548813496361547,19.982458114624023,53052114,-0.021240261859280074,6.2043,4375.759765625,-0.0057846408637876046,0.5804945258097456,0.6416539197316633
2015-05-14,19.982458148761776,20.257837197763006,19.333575107567317,19.8621768951416,46133718,-0.0060193405031784275,6.2013,4378.31103515625,0.0005830460692317629,0.5753148320076965,0.6417105547519412
2015-05-15,19.8146959947482,20.004612120883053,19.112000713355037,19.25127410888672,44432916,-0.03075709120304493,6.2051,4308.69091796875,-0.015901135535706712,0.5823057208920339,0.6452058441219495
2015-05-18,19.415872736645174,19.814699016906953,19.143657830181425,19.783044815063477,62408034,0.027622623997197282,6.2041,4283.4912109375,-0.005848576171049613,0.5863975252390348,0.6441791329175386
2015-05-19,20.115401420090294,21.17260690031733,19.878004855196746,20.435096740722656,75886227,0.03296013994583302,6.2064,4417.5517578125,0.03129702858562866,0.5675745474545416,0.6178877381017501
2015-05-20,20.438262771283696,21.739196863365816,20.38761821441787,20.951040267944336,82719630,0.0252479121468272,6.2036,4446.2880859375,0.006505034847453572,0.568067530045746,0.5886277460890186
2015-05-21,21.207427235530645,23.04646110534668,20.894063813074418,23.04646110534668,77653887,0.1000151214738676,6.1958,4529.421875,0.0186973465181961,0.6533639625060543,0.5886970591904502
2015-05-22,23.790301767050813,25.34445854804672,23.790301767050813,24.056184768676758,105679272,0.04381252543349601,6.1972,4657.59619140625,0.02829816253453976,0.5801754021798866,0.593362269367798
2015-05-25,24.056184768676758,24.056184768676758,24.056184768676758,24.056184768676758,0,0.0,6.1972,4813.7978515625,0.03353696922984839,0.5801754021798866,0.590256907201579
2015-05-26,24.056184768676758,24.056184768676758,24.056184768676758,24.056184768676758,0,0.0,6.2038,4910.89697265625,0.02017100096179414,0.5801754021798866,0.5892068290240792
2015-05-27,24.056184768676758,24.056184768676758,24.056184768676758,24.056184768676758,0,0.0,6.2011,4941.7138671875,0.006275206892516261,0.5287898399606359,0.588417627631326
2015-05-28,24.056184768676758,24.056184768676758,24.056184768676758,24.056184768676758,0,0.0,6.2002,4620.26611328125,-0.06504782805023013,0.5273704763834742,0.5877577417051879
2015-05-29,24.056184768676758,24.056184768676758,24.056184768676758,24.056184768676758,0,0.0,6.198,4611.744140625,-0.0018444765836653776,0.5166891577750871,0.5878449677068692
2015-06-01,24.056184768676758,24.056184768676758,24.056184768676758,24.056184768676758,0,0.0,6.1985,4828.73779296875,0.04705240484445916,0.5168184800197176,0.5550764759119056
2015-06-02,24.056184768676758,24.056184768676758,24.056184768676758,24.056184768676758,0,0.0,6.198,4910.52685546875,0.01693797965569699,0.4682929638350836,0.5219774337162092
2015-06-03,24.056184768676758,24.056184768676758,24.056184768676758,24.056184768676758,0,0.0,6.1976,4909.97802734375,-0.00011176562946368929,0.46644720112407084,0.5189639973658248
2015-06-04,26.461803436279297,26.461803436279297,25.325465183402326,26.461803436279297,79855635,0.10000000792872465,6.2006,4947.10205078125,0.007560934739576419,0.5571910300495803,0.5524881220391653
2015-06-05,27.18981943624604,27.727919155123082,25.005769979993612,25.160869598388672,125100618,-0.049162705067449686,6.2024,5023.09619140625,0.015361344852993009,0.606601663016607,0.561340912663367
2015-06-08,24.929806399132808,24.929806399132808,23.185733295154982,23.723833084106445,83667273,-0.05711394467758202,6.2053,5131.880859375,0.02165689523423109,0.6335102436153545,0.5748239402478651
2015-06-09,23.72382835531739,24.35688520625854,23.274357538351197,23.467439651489258,55322451,-0.010807420188306605,6.2047,5113.5341796875,-0.003575040066252533,0.6354412713171664,0.5756882473344321
2015-06-10,23.467437172613625,24.663915852901763,23.42312274493072,24.002370834350586,81269736,0.022794612058473218,6.2055,5106.0361328125,-0.0014663140230458671,0.627997373803246,0.5756397129487844
2015-06-11,23.94539791866303,23.94539791866303,23.074944484999193,23.423126220703125,58396026,-0.02413280828152542,6.2065,5121.5927734375,0.0030467157341542705,0.6373209137689966,0.5792149481174752
2015-06-12,23.42312693940628,24.21444941959429,23.2616972041613,23.7080020904541,61833534,0.012162162602325166,6.2081,5166.35009765625,0.008738946300236528,0.6197561047234359,0.5761333486066262
2015-06-15,23.730162304773508,24.530979124191653,22.96099788021807,23.98338508605957,90941481,0.01161561377271636,6.208,5062.9931640625,-0.020005793575746722,0.6167172118564401,0.5761889141449033
2015-06-16,23.58139044922492,23.73965603022107,22.78690382536318,23.06545066833496,42907902,-0.03827376387573256,6.2085,4887.43212890625,-0.03467534509080428,0.6337107862035246,0.5809445597125751
2015-06-17,23.074943759975366,23.350324625252473,22.185498195119937,22.44188690185547,55261812,-0.02703453643485676,6.2086,4967.89794921875,0.016463823576514214,0.6406692671205693,0.5848830201425005
2015-06-18,22.460880846964418,23.065451326552186,21.33403683309249,21.410003662109375,60374622,-0.04598023527427986,6.2075,4785.35595703125,-0.03674431199139394,0.5549165348009046,0.5943147443573009
2015-06-19,21.15994711053153,21.16944319066898,19.491841005151006,19.593130111694336,61484097,-0.08486096401891208,6.2085,4478.36376953125,-0.06415242465901172,0.5969965755704402,0.6196415444544257
2015-06-23,19.561475402624488,20.05209468075357,18.387152925086095,19.979293823242188,59094975,0.019709138322792308,6.2066,4576.4921875,0.021911667523833334,0.6052163587399562,0.6162094734341422
2015-06-24,20.052094239914318,20.416102141852384,19.466515995719714,20.124895095825195,54909039,0.007287608554694236,6.2061,4690.14990234375,0.024835116107963406,0.6071323306963956,0.6133764003829618
2015-06-25,20.213524746299168,20.454087255555464,19.37155777509404,19.62161636352539,47527959,-0.025007769228283183,6.2084,4527.77880859375,-0.03461959577642926,0.6091442382953419,0.6160871915362259
2015-06-26,18.960067758224675,19.27976302439889,17.659135818481445,17.659135818481445,60700800,-0.10001625292664462,6.208,4192.873046875,-0.07396689985895444,0.6870604689590768,0.6513622397741939
2015-06-29,18.073789487339344,18.127599997792835,15.892906188964844,15.892906188964844,71892891,-0.10001789711975184,6.2085,4053.030029296875,-0.03335255229879941,0.748186820020514,0.6516350492387236
2015-06-30,15.614360350232607,17.48188018798828,14.427377709488201,17.48188018798828,88800477,0.09998007791216512,6.2,4277.22216796875,0.0553146996324545,0.8586590683356137,0.6794143442764418
2015-07-01,17.44073286510865,18.349170571336707,16.643080333356792,16.772857666015625,73709004,-0.04055756671183586,6.2008,4053.699951171875,-0.052258734295072995,0.861674527766648,0.6821699940362796
2015-07-02,16.776021951220134,17.466055277392815,15.114246132097652,15.595369338989258,76644975,-0.07020201032362772,6.2044,3912.76708984375,-0.034766475818562514,0.8797203289413479,0.6960122915027419
2015-07-03,15.351644450808688,16.76019769215046,14.436876516010372,15.684000015258789,82600890,0.005683140574808343,6.2044,3686.9150390625,-0.0577218233529635,0.7653858641803057,0.6913897305921168
2015-07-06,17.15585704685921,17.15585704685921,14.528669605267138,16.063833236694336,89782320,0.024217879435476375,6.2089,3775.912109375,0.024138627923232514,0.7784854098772834,0.6903562910418641
2015-07-07,15.47825342435674,15.778956548544663,14.459031482230838,14.87368392944336,130846695,-0.07408874891282735,6.2097,3727.125,-0.012920615724574036,0.7911504314973343,0.7055548828933286
2015-07-08,13.386000566607942,14.747074256358072,13.386000566607942,14.142504692077637,152802717,-0.04915925609514327,6.2087,3507.19189453125,-0.05900878169332935,0.7957329684637503,0.7063183568263246
2015-07-09,14.14250584435229,15.557389259338379,13.772166849473019,15.557389259338379,69105879,0.1000448363332227,6.2086,3709.330078125,0.05763533609579308,0.8965771255369378,0.7341634591494132
2015-07-10,16.427842400659856,17.114709854125977,15.85809206492675,17.114709854125977,61917681,0.10010166672745613,6.2092,3877.802978515625,0.04541868662057302,0.9922078438166632,0.7621021251372044
2015-07-13,17.693957063123403,18.827129364013672,17.155857341110142,18.827129364013672,104394732,0.1000554215924887,6.2081,3970.387939453125,0.023875622730306967,1.0687177984947085,0.7867366773870016
2015-07-14,18.358665923756718,19.314584081911317,17.674964489519784,17.788915634155273,99134874,-0.055144558141872024,6.2088,3924.487060546875,-0.011560804537546598,1.0776042173149383,0.7950284840908614
2015-07-15,17.39325621181558,17.719281689725054,16.010026931762695,16.010026931762695,72123186,-0.09999983916822097,6.2082,3805.702880859375,-0.030267440777584698,1.1185580370096606,0.8171827300152652
2015-07-16,16.010024582792546,16.918460539994413,15.19337983697376,16.519634246826172,55204317,0.031830509544768626,6.2094,3823.176025390625,0.0045913054902761985,1.1301375907508246,0.8183351768122287
2015-07-17,16.712718384550985,17.883873191414793,16.57028080909923,17.583171844482422,55013610,0.06438021458378129,6.2085,3957.35205078125,0.0350954349210002,1.1547971097013612,0.8279125642981794
2015-07-20,17.58317214824353,17.852221107766187,17.038742301723655,17.405916213989258,57597774,-0.01008098152375092,6.2095,3992.110107421875,0.00878316010165503,1.1180965699548429,0.8018739170593226
2015-07-21,17.092551330104342,17.87754182774981,16.617758237601443,17.35210418701172,46217172,-0.003091594048596491,6.2095,4017.675048828125,0.006403866806860226,1.1147301189043717,0.8018823452382675
2015-07-22,17.51036931543427,17.97883046915658,17.3774260212879,17.586336135864258,46958166,0.01349876339653755,6.2093,4026.044921875,0.002083262818708187,1.1158327039780986,0.8024355465868548
2015-07-23,17.586337390970378,18.099113012670706,17.152692747537138,17.909196853637695,50110866,0.01835861178128062,6.2091,4123.9228515625,0.024311186682417052,1.1158172192134417,0.7953088381919985
2015-07-24,17.947182593044246,18.37449719740886,17.564182431204912,17.595836639404297,56072916,-0.01749716733778317,6.2095,4070.907958984375,-0.012855452074725049,1.0567670276714392,0.7939918950108034
2015-07-27,17.086222120048703,17.56417939015606,15.835932731628418,15.835932731628418,54362454,-0.10001819997775674,6.2091,3725.55810546875,-0.08483361869025996,1.0567674151289588,0.8190339141289062
2015-07-28,15.130074294150349,16.13347015285838,14.402057505827194,15.763132095336914,61297905,-0.004597180192998818,6.2084,3663.001953125,-0.016791082187638917,0.9912215856770943,0.8174061288338625
2015-07-29,16.041675355907348,17.33944320678711,15.54156001088312,17.33944320678711,59964717,0.09999986689932672,6.2089,3789.16796875,0.03444333834366775,1.0452686833003446,0.8377691372825703
2015-07-30,17.098882331938338,17.655972391395107,16.19994064858255,16.396188735961914,48705399,-0.0543993517886423,6.2096,3705.76611328125,-0.022010598674057524,1.031866427800496,0.8452069195841138
2015-07-31,16.136635307769847,17.60849319544579,16.06699859994705,17.598997116088867,67417782,0.07335902260559024,6.2097,3663.72607421875,-0.011344493359100816,1.060458468675422,0.8584351552025352
2015-08-03,17.28246382257912,18.308016505403486,17.18750487188974,18.289024353027344,74995614,0.03920832717835143,6.2087,3622.905029296875,-0.011141947868081203,1.0648459007536186,0.8617509587022285
2015-08-04,18.320685446378867,19.143660391783843,17.469222258860356,18.884105682373047,78599679,0.0325376202611487,6.2086,3756.544921875,0.036887495393182146,1.0213538627658036,0.8554294424744255
2015-08-05,18.57390788622727,19.938146728351487,18.48844497265079,18.81763458251953,60163140,-0.003519949579373627,6.2096,3694.572998046875,-0.016497053839886755,0.9964851575024599,0.8542484333241974
2015-08-06,18.659369186397154,20.700979232788086,18.09911316192444,20.700979232788086,108119838,0.10008402714005671,6.2096,3661.5390625,-0.008941205266302266,0.996528875248721,0.8772031339618892
2015-08-07,21.2074224342549,21.432158736785397,20.21985379753503,20.574365615844727,101518776,-0.0061163105145681795,6.2087,3744.205078125,0.022576849301331192,0.9481441730223226,0.8772069824001304
2015-08-10,20.875070553024724,21.4859693039529,19.941310532623884,21.14728546142578,69669330,0.027846294572496433,6.2094,3928.4150390625,0.049198683590736314,0.891058280142906,0.8760574572328341
2015-08-11,20.748461806839934,21.70754422368174,20.593362173987785,20.795940399169922,61366047,-0.01661419206246295,6.3232,3927.907958984375,-0.00012908006742740064,0.8653527865792286,0.8754503423472547
2015-08-12,20.416102938855246,20.549044424922194,19.561475736211314,19.62161636352539,52257696,-0.05646890754175293,6.3845,3886.320068359375,-0.01058779662335907,0.8040830382524817,0.8812474896458723
2015-08-13,19.61528692041429,20.321146531476813,19.308253629246202,20.207197189331055,39478446,0.029843658899284087,6.3982,3954.555908203125,0.01755795679292982,0.8034452992688224,0.8818414906316755
2015-08-14,20.13122663354152,21.001679980281487,20.13122663354152,20.1787052154541,40314006,-0.0014099913812885,6.3908,3965.3349609375,0.002725730267718607,0.7794162300155169,0.8573110724377706
2015-08-17,19.846349146213836,20.64716757903199,19.65643301275231,20.321142196655273,32856066,0.0070587770464125565,6.3937,3993.66796875,0.007145173886092371,0.7764982988246202,0.8524403126897293
2015-08-18,20.314807452571667,20.314807452571667,18.289024353027344,18.289024353027344,51581286,-0.10000017833458219,6.3928,3748.1640625,-0.061473289259658115,0.8672448130732398,0.8760495089352242
2015-08-19,17.725612364387047,18.86511677967156,16.522803154471365,18.510604858398438,49981485,0.012115490749752045,6.3956,3794.10888671875,0.012257954415182404,0.867058966971832,0.8765820755817227
2015-08-20,18.042140764644152,18.168752158035858,17.092554408610248,17.219165802001953,33519822,-0.06976752333463299,6.3875,3664.291015625,-0.034215641925348095,0.9033565970849219,0.8872063758406349
2015-08-21,16.77602312828179,17.105212713988873,15.687165267866048,15.763132095336914,49824918,-0.08455889927581484,6.3887,3507.743896484375,-0.04272234887269821,0.9503164355754006,0.9023636824188229
2015-08-24,14.971809576863834,14.971809576863834,14.18681812286377,14.18681812286377,48350361,-0.1000000484002449,6.4029,3209.905029296875,-0.08490895458075143,0.9502920547511361,0.922832559094396
2015-08-25,12.914373712708574,14.55715753510434,12.768769264221191,12.768769264221191,60091506,-0.09995538438300133,6.4122,2964.967041015625,-0.07630692685474971,1.0098126413424688,0.9420833921388829
2015-08-26,13.16759751007401,14.04438304901123,12.613672402898128,14.04438304901123,74258844,0.09990107569445872,6.4083,2927.2880859375,-0.012708051913190355,1.0096718591580311,0.9679451433668282
2015-08-27,14.557154725008793,15.449766159057617,14.557154725008793,15.449766159057617,62954727,0.1000672728123384,6.4053,3083.591064453125,0.053395147292299106,1.0640387877545259,0.9924934423261822
2015-08-28,15.984699881148384,16.538625770127883,15.142733797733907,16.146129608154297,69290907,0.04507275009391831,6.389,3232.35009765625,0.048242140443972126,1.0424018227133773,0.973778738975647
2015-08-31,16.101817790766177,16.70638644798038,15.509907554699232,15.778958320617676,53565096,-0.022740514070392903,6.376,3205.986083984375,-0.008156298938964301,1.0328868588720395,0.9703161408421757
2015-09-01,15.509907177883697,15.715651343530968,14.345081610538456,15.696660995483398,59008350,-0.005215637399000106,6.363,3166.6240234375,-0.012277676669748994,1.02317651951677,0.9644293745448919
2015-09-02,14.940156746299781,16.30123046906131,14.484355768465095,14.497016906738281,40764072,-0.07642670559619691,6.3544,3160.1669921875,-0.0020390899589621814,1.0520031241852699,0.9754181267140919
2015-09-07,15.130072247264602,15.842260932055861,14.880014580936614,15.095252990722656,38649789,0.04126615067313,6.3549,3080.419921875,-0.025235081092122358,0.9885327104377045,0.9784878561664292
2015-09-08,15.319991124597156,16.446833286821622,14.959148246923748,16.396188735961914,44513685,0.0861817782079437,6.3657,3170.451904296875,0.029227178341021176,1.0504095911519904,0.9956404466619434
2015-09-09,16.64308074185848,17.7256084281528,16.513303406014284,17.567344665527344,66374403,0.07142854650097563,6.3768,3243.089111328125,0.02291067936807556,1.0817162175222754,1.0070896071380695
2015-09-10,17.02924636078256,17.405916356144218,16.586105615931693,16.68106460571289,40430124,-0.05045042814886036,6.377,3197.89306640625,-0.013936109484011694,1.0923162731088463,1.0112659598262632
2015-09-11,16.627255133782224,17.089386206337387,16.358204373269913,16.728544235229492,27975288,0.002846318903431344,6.3735,3200.23388671875,0.0007319883010130646,1.078113956039387,1.0088280136603651
2015-09-14,16.728544801165686,17.133701220661433,15.069933897662906,15.14590072631836,40027977,-0.09460736610769538,6.3664,3114.798095703125,-0.026696733438824838,1.11356132005137,1.0249793563895822
2015-09-15,14.781891280480535,15.636518521355926,14.636288650865348,14.92432975769043,29296740,-0.014629104774397161,6.3685,3005.172119140625,-0.03519521111616497,1.1128887138695054,1.0215653019992215
2015-09-16,15.199711209048463,16.41834831237793,14.97497667391109,16.41834831237793,40571502,0.10010624121445999,6.3694,3152.262939453125,0.04894588878142625,1.1816018452287864,1.029297020200428
2015-09-17,16.7760228223359,17.792079800425814,16.65257740914404,16.728544235229492,72394329,0.0188932477828907,6.3645,3086.06103515625,-0.021001390292765376,1.1331555664872115,1.0292286976935827
2015-09-18,17.092552795672567,17.978832465780773,16.924792941658236,17.46605682373047,55322730,0.04408707524877209,6.3628,3097.9169921875,0.003841776587108159,1.1440770355196652,1.0332320534955686
2015-09-21,17.25081527508404,17.963004921457124,16.848824848363833,17.747766494750977,45159318,0.016128979417824763,6.3676,3156.5400390625,0.018923375617500016,1.1152935307345757,1.0324647589124696
2015-09-22,17.741435199383613,17.934517322070846,17.253981852849154,17.485048294067383,33400914,-0.01480288805700114,6.375,3185.618896484375,0.009212256794471463,1.0684401074410266,1.0116202277076742
2015-09-23,17.282467206485105,19.232282078298482,17.155854039980856,18.67835807800293,70461849,0.06824743997649874,6.3836,3115.887939453125,-0.021889296647569667,1.0095046617195862,0.9979431264164736
2015-09-24,18.83345648302472,18.91258926192541,18.004151625331104,18.295358657836914,48248901,-0.02050498328421413,6.3818,3142.68701171875,0.00860078179523005,0.9245221965295101,0.9791486974629982
2015-09-25,18.254216828223555,19.048703624463016,17.81424196753041,18.523265838623047,52822191,0.012457103741363884,6.3737,3092.346923828125,-0.0160181677981015,0.8747304227749715,0.9751809632311628
2015-09-28,18.73850276729403,19.814700426745965,18.627717580939265,19.561477661132812,52609521,0.056049069940192764,6.3685,3100.756103515625,0.002719351966204986,0.8310664359718262,0.9687216277913452
2015-09-29,19.13416215247891,19.783045230418438,18.849287008250244,19.333576202392578,39178059,-0.011650523681708269,6.3621,3038.136962890625,-0.02019479718317818,0.8265643040606181,0.969367778222964
2015-09-30,19.95713455231529,20.257835855245904,18.833456686774312,18.99488639831543,46060134,-0.017518218074689895,6.3556,3052.781005859375,0.004820073336923247,0.8239966854163443,0.9696677876210573
2015-10-08,19.98246081806325,20.511064487441477,19.181644026750075,19.20696449279785,73736388,0.01116500988925262,6.3529,3143.35693359375,0.029669972251703536,0.8218769568554659,0.9557462675285106
2015-10-09,19.213295941779517,19.681757153449528,18.75432899904479,19.289262771606445,44881248,0.0042848144400668975,6.345,3183.152099609375,0.012660085016221068,0.7546514592560003,0.9488097666207235
2015-10-12,19.3399083858082,20.2546763576885,18.51693344527218,18.82080078125,130189479,-0.024286153177715764,6.345,3287.662109375,0.03283223876686581,0.7607560396524963,0.9307443820697939
2015-10-13,18.672032042726173,19.14998933426407,18.40931138545958,19.1373291015625,59986368,0.01681800492930341,6.3417,3293.22998046875,0.0016935654907701547,0.7093629739214784,0.9097623971810173
2015-10-14,19.13416133117507,19.13732729464758,18.469452086109108,18.564409255981445,51053673,-0.029937293889891747,6.3462,3262.44091796875,-0.009349199018167997,0.6811763276347814,0.8896086160098362
2015-10-15,18.45362553966305,19.194303477123295,18.421973147201825,19.102510452270508,51045495,0.028985635301898238,6.3459,3338.072998046875,0.023182666592232115,0.6553951373665622,0.883488659683626
2015-10-16,19.276601622997095,19.786213142618397,18.931585814574735,19.181644439697266,60032541,0.004142596211345273,6.3523,3391.35205078125,0.015961020854112107,0.6552864054270173,0.857158864280717
2015-10-19,19.466521652656695,21.099809646606445,19.42537317334141,21.099809646606445,97019538,0.10000003977445493,6.3591,3386.699951171875,-0.0013717536663004903,0.6153069101843578,0.877598895721311
2015-10-20,21.80249831837733,21.830986556453144,20.419267485801104,20.960533142089844,98373912,-0.006600841753991893,6.348,3425.330078125,0.011406421445678383,0.6104042852477892,0.8693072146102828
2015-10-21,20.735797580183235,20.87507100093659,18.865113346870192,18.9125919342041,101513817,-0.09770463346532776,6.3487,3320.676025390625,-0.030552983317643334,0.6586050972586058,0.8937497397575829
2015-10-22,18.92525519278511,19.722907827319982,18.26054406027534,19.447526931762695,91832169,0.028284594698579912,6.3577,3368.739013671875,0.014473856502034366,0.6615190232159751,0.8951560010056941
2015-10-23,19.944474523745043,20.466748024949215,19.529822048558966,19.843185424804688,90510936,0.020344925831972116,6.3488,3412.43408203125,0.012970749049433739,0.6497871173596154,0.8955933811221459
2015-10-26,20.257837045661788,21.82781982421875,19.862176746011105,21.82781982421875,190037559,0.10001591765267692,6.3517,3429.5810546875,0.005024850955082316,0.7285392403578145,0.9167318070523599
2015-10-27,21.58725843237579,21.900621785279654,20.574365707228786,21.634737014770508,88582566,-0.008845721240286708,6.3517,3434.3359375,0.0013864325515797749,0.7260011082143012,0.9159982769743429
2015-10-28,21.609416295236507,22.695109953668275,21.311879115076827,21.78034210205078,92923875,0.006730152863927419,6.3581,3375.196044921875,-0.017220182781878757,0.6945966136941168,0.889418346071404
2015-10-29,21.998744253432836,22.109529420222223,21.01117383076079,21.805662155151367,56479116,0.0011625186134336385,6.3552,3387.31494140625,0.00359057557637521,0.6867641265490531,0.8891794529628878
2015-10-30,21.57143418614054,22.08104569522726,20.827592065182074,21.23908042907715,54945105,-0.02598323875894637,6.318,3382.56103515625,-0.0014034438285878137,0.6981739495650332,0.8701605492513906
2015-11-02,20.890898845712478,21.169443898013796,19.94131253454373,20.15022087097168,65262252,-0.05126679385868216,6.318,3325.0849609375,-0.016991880891838784,0.7036544022006226,0.8692724921297886
2015-11-03,20.197697750252285,20.94786986340655,19.751391102687247,20.72946548461914,60099741,0.028746315852146154,6.318,3316.695068359375,-0.0025232114898380287,0.7075505085171019,0.8590177558261978
2015-11-04,20.700979227078175,22.229813647118497,20.580697965723086,22.12535858154297,92639202,0.06733859577612145,6.3357,3459.639892578125,0.0430985729084401,0.7361787845880284,0.8658252686313164
2015-11-05,21.840483127743532,21.998746894503768,21.270731031737913,21.302383422851562,80157540,-0.03719601450337329,6.318,3522.819091796875,0.018261784804333825,0.7538082554504214,0.8680214603025178
2015-11-06,21.144117193758554,21.777173998269003,21.080812418903395,21.4448184967041,75408474,0.006686344481986239,6.318,3590.031982421875,0.019079291009155064,0.7537733468491686,0.8679218215674789
2015-11-09,21.25490652692589,23.12242673025692,21.112468944392127,22.66345977783203,105841104,0.05682684054030229,6.3619,3646.881103515625,0.015835268702926397,0.7649243343251068,0.8517710049925205
2015-11-10,22.47354026225262,22.55267305213112,21.80249905807754,22.093706130981445,78210219,-0.025139747083447683,6.3603,3640.485107421875,-0.0017538263278131794,0.774711750694306,0.8535244891355996
2015-11-11,22.15701001925419,22.479869470595972,21.334035195801487,21.777175903320312,79580943,-0.01432671484741399,6.3603,3650.2490234375,0.002682037071300991,0.7664221084017152,0.8525748868735756
2015-11-12,21.824657830530068,22.56216980322577,21.52395466899694,22.3469295501709,96706671,0.026162880319285042,6.369,3632.902099609375,-0.0047522576450932386,0.7655161745799433,0.8531118934351631
2015-11-13,22.15700974239299,23.685844077514346,21.580927554293684,22.37858009338379,120723585,0.0014163262627124862,6.3735,3580.839111328125,-0.014330963745719405,0.7658052571320946,0.8441875673945098
2015-11-16,21.682219270726712,22.093707632632263,21.584096126009488,21.99558448791504,58599132,-0.017114383659309174,6.37,3606.95703125,0.0072937987744967625,0.6899670444916551,0.8434347978038852
2015-11-17,22.251969727319167,22.34692871219999,21.112467342325235,21.48596954345703,90764508,-0.02316896578665617,6.3771,3604.794921875,-0.0005994275385783343,0.69550167228523,0.8450765996511707
2015-11-18,21.5081281941001,21.77717714853848,20.7864424269638,20.947872161865234,56357742,-0.025044128471999105,6.3834,3568.468017578125,-0.010077384451590343,0.5981525668658069,0.8468868517546365
2015-11-19,21.04916158777727,21.736029009754652,20.732632229287066,21.65056610107422,52604775,0.03354488388029275,6.3825,3617.06201171875,0.0136176067436371,0.6010616767793824,0.8221098596011256
2015-11-20,21.56193952821702,21.58726180502208,20.97636119790299,21.0808162689209,50827644,-0.026315701376743772,6.3835,3630.5,0.0037151666843733278,0.6091041832820902,0.824286168379734
2015-11-23,20.89089874650164,21.204262155251477,20.47941038098019,20.54271697998047,51489561,-0.025525543322235666,6.389,3610.31494140625,-0.0055598563816967594,0.49888245658702424,0.8123920173198861
2015-11-24,20.57120311421931,20.57120311421931,19.89699596372655,20.419267654418945,56178684,-0.0060093962099477816,6.3883,3616.113037109375,0.0016059805854129472,0.4985103514388559,0.7914017955461663
2015-11-25,20.321143414267937,20.792770529787376,20.200862162859906,20.612350463867188,47127786,0.009455912558473,6.3877,3647.929931640625,0.008798644899851826,0.4992675189050445,0.7602326093513749
2015-11-26,20.732632784674855,20.795939382545587,20.156550532177295,20.172378540039062,46904373,-0.02134506322310903,6.3877,3635.552001953125,-0.0033931380041428705,0.5035784889556734,0.7292739315859946
2015-11-27,19.95713869385989,20.393947526799884,18.99172618748819,19.086685180664062,60423540,-0.05382079050420685,6.3945,3436.302978515625,-0.05480571405125212,0.5291710325767643,0.7150485817477595
2015-11-30,19.244946775722443,19.887499719021438,18.447294221560952,19.84002113342285,60955233,0.03946918732237292,6.3883,3445.405029296875,0.00264879169216381,0.5214680628725837,0.691434547101925
2015-12-01,19.83052381731095,19.83685393275759,19.419037334210195,19.60895347595215,27271347,-0.011646542910251356,6.3883,3456.30908203125,0.003164810128752915,0.5112718011342774,0.687187989370865
2015-12-02,19.545647396808043,20.11539945925184,19.466516423685206,19.979293823242188,36208707,0.0188862882327816,6.3883,3536.905029296875,0.02331850113886791,0.4488775930762334,0.685521952508472
2015-12-03,19.976127374021267,20.223018177590383,19.817863620432693,20.03310203552246,34792719,0.002693198906643879,6.3883,3584.823974609375,0.013548270285907549,0.43262674645374033,0.6852174351938211
2015-12-04,19.988790780719274,19.988790780719274,19.469683195700657,19.567808151245117,32723478,-0.023226252402263503,6.3883,3524.991943359375,-0.016690367971699316,0.43701215939873195,0.6666429366130129
2015-12-07,19.57413732128796,19.9413112262835,19.371559114722707,19.643774032592773,28523436,0.0038821865361973185,6.4081,3536.927001953125,0.003385839963757631,0.3749339099805363,0.6625547536245294
2015-12-08,19.561478335351268,19.60262680978264,18.99172618748819,19.086685180664062,31311744,-0.028359563238937402,6.4162,3470.070068359375,-0.018902548329900792,0.37718357921454887,0.6441197821011915
2015-12-09,18.95057749099998,20.096411889860093,18.85878446277603,19.90332794189453,63223920,0.042785992093471226,6.427,3472.43896484375,0.0006826653173304109,0.41508639436450295,0.6337789799903525
2015-12-10,20.099576415253082,20.25151008089491,19.69125400964361,19.75772476196289,39298047,-0.007315519311982044,6.4363,3455.4951171875,-0.004879523535991748,0.3993579998505288,0.6243770980655011
2015-12-11,19.672264532213152,19.767223538991075,19.18797703891132,19.495010375976562,29960238,-0.013296793489708914,6.4538,3434.5810546875,-0.006052406902841256,0.3992282505709677,0.6253337883430194
2015-12-14,19.244946541171977,19.624780654907227,19.15315352341828,19.624780654907227,24526626,0.006656589374816502,6.4588,3520.66796875,0.025064749584235102,0.3998203994487546,0.5911080667569353
2015-12-15,19.66909669487652,20.007782367031382,19.66909669487652,19.802038192749023,30733116,0.009032332180358482,6.46,3510.35400390625,-0.0029295477265389724,0.3971534339354848,0.5897398333005128
2015-12-16,19.814697452850382,19.94130881665445,19.634275580232657,19.90965461730957,23111784,0.005434613523771059,6.4723,3516.18701171875,0.001661657999737054,0.3901791441094886,0.5557331633470495
2015-12-17,19.9381436927156,20.390780469365062,19.93497954048218,20.19453239440918,44035728,0.01430852431020746,6.4822,3579.9990234375,0.018148071051419468,0.372339470344635,0.5552810790313768
2015-12-18,20.16288167460814,20.223020495134033,19.78621168824719,20.191368103027344,41853912,-0.00015669050018274344,6.48,3578.964111328125,-0.0002890816736540458,0.3622535601088812,0.5489160326612813
2015-12-21,20.210360211117255,20.536383833605438,19.81469987721869,19.947641372680664,55421520,-0.012070837850266192,6.4793,3642.471923828125,0.017744746950377532,0.3536641061040647,0.5490776184795076
2015-12-22,19.97296161509652,20.023606161658495,19.640606099086593,19.884334564208984,31257792,-0.003173648818370123,6.4778,3651.76708984375,0.0025518840529197284,0.353299118719262,0.5480258263995633
2015-12-23,19.94130867057398,19.972961058495173,19.62477935778665,19.634275436401367,28860954,-0.012575684994644676,6.4763,3636.089111328125,-0.004293258066547678,0.35323191363585704,0.5315353168615257
2015-12-24,19.941312560030998,20.419269868916405,19.862179763601745,20.09008026123047,63476421,0.02321475148423624,6.4758,3612.485107421875,-0.00649159115289899,0.35658364718329155,0.5313994126859708
2015-12-25,20.09008026123047,20.09008026123047,20.09008026123047,20.09008026123047,0,0.0,6.4758,3628.0009765625,0.004295067987615475,0.29455111660564903,0.5309760789489205
2015-12-28,20.083748479355773,20.31164895808756,19.640607754003515,19.669095993041992,37853751,-0.02095483256982733,6.4778,3533.779052734375,-0.02597075481423916,0.27179506637418954,0.5207876918669615
2015-12-29,19.65643607156256,20.71680569211082,19.4032115022224,20.431930541992188,58495569,0.03878340668122471,6.4778,3563.736083984375,0.008477335680288078,0.30121457092897136,0.5259454000459077
2015-12-30,20.574364636424267,21.207421424698456,20.574364636424267,20.890893936157227,67095138,0.022463045928125425,6.4896,3572.8759765625,0.0025646940072807656,0.30409205369033415,0.5261673335192966
2015-12-31,20.894062411686487,21.191599616542298,20.261005492414608,20.384450912475586,43123512,-0.024242285908364414,6.4778,3539.181884765625,-0.009430523762342435,0.31844701625956934,0.5285662770658108
2016-01-04,20.38444917067332,20.38444917067332,18.4852767639453,18.599227905273438,34464042,-0.08757768432749713,6.5338,3296.258056640625,-0.06863841306677776,0.441635965131569,0.5591641684360906
2016-01-05,17.662305836775857,19.18480845705654,17.662305836775857,18.785982131958008,50011476,0.010040966626986725,6.5219,3287.7109375,-0.0025929763367300573,0.4432911591605503,0.5572179734872115
2016-01-06,18.833461018700472,19.238619277950157,18.792314354535844,19.12466812133789,29647458,0.01802865493008876,6.5554,3361.840087890625,0.022547344276864445,0.4370360785288892,0.5573742280704704
2016-01-07,18.67519267926265,18.82396215824533,17.409077276685068,17.538854598999023,12387930,-0.08291979302739028,6.5926,3125.001953125,-0.0704489590741445,0.4989983565502946,0.5798913337185517
2016-01-08,18.358669117283586,19.206966394403217,17.947182524193416,18.81130599975586,61070154,0.07255042759915797,6.5932,3186.412109375,0.0196512377179765,0.5711327546483362,0.5959361796238214
2016-01-11,18.355500878936386,19.305087063695,18.105442290095272,18.320682525634766,60148050,-0.0260813084496877,6.5675,3016.7041015625,-0.05325990549470627,0.576318630653487,0.59834739389437
2016-01-12,18.59606026598185,19.04869701579059,18.34283754272933,18.93474769592285,45952308,0.03351759244934627,6.57,3022.861083984375,0.0020409633210913825,0.5896875641096411,0.5654670859004188
2016-01-13,19.14365853468275,19.403211407722463,18.156089782714844,18.156089782714844,44696613,-0.04112322623531306,6.57,2949.596923828125,-0.024236694350400656,0.604914931459382,0.5712779179767361
2016-01-14,17.883870292764804,18.985391831995482,17.820565518909927,18.960067749023438,43871565,0.04428144914077281,6.5891,3007.64892578125,0.01968133390842519,0.6279122491325699,0.5428155811120164
2016-01-15,18.678363805894787,18.928420630122424,18.048470988057588,18.374496459960938,32875200,-0.03088445130121753,6.584,2900.969970703125,-0.03546921788766111,0.6331159276073636,0.5434773336228317
2016-01-18,18.045303332805243,18.54858470933592,17.89020552151573,18.25737762451172,31711491,-0.006373988843962453,6.584,2913.8369140625,0.004435393502627782,0.6330072798109923,0.541883549817572
2016-01-19,18.200403778810262,18.706851142010294,18.035809880003786,18.634048461914062,41219997,0.020631157724241733,6.5783,3007.739013671875,0.032226271537776574,0.6382733351080505,0.5017253182723879
2016-01-20,18.67519148881267,18.89676180597913,18.07378711844298,18.276365280151367,34107801,-0.01919514068527617,6.5781,2976.694091796875,-0.010321680748855977,0.6409855802941199,0.5027634392758511
2016-01-21,18.073788997466245,18.453623090158544,17.725607293033683,17.731937408447266,34598751,-0.029788629377820786,6.5794,2880.48193359375,-0.03232181582523541,0.6471288690651212,0.5055211456767782
2016-01-22,17.78891776366505,17.9946619546463,16.902636209402566,17.459726333618164,36905274,-0.015351457009961211,6.5788,2916.56201171875,0.012525708876773178,0.6398337442025472,0.5060840428638929
2016-01-25,17.630647014505954,17.725605983461392,17.17168017388108,17.409076690673828,26933136,-0.002900941399454293,6.579,2938.514892578125,0.007526972089456185,0.6395431201654482,0.5038507348621192
2016-01-26,17.14635961878213,17.374260080366703,15.668171676272117,15.816939353942871,45484845,-0.09145443868277503,6.5814,2749.784912109375,-0.06422631409676693,0.7063591161120298,0.5265772367028402
2016-01-27,15.978370655078479,16.041677250712308,14.246958900549469,15.250354766845703,39858114,-0.035821379498172545,6.5773,2735.55810546875,-0.005173788894532683,0.6875821012682642,0.5263251814729337
2016-01-28,14.876850655963588,15.256684793972694,14.265950071468595,14.338752746582031,28206606,-0.05977579106851316,6.5744,2655.660888671875,-0.02920691636458006,0.6923095632039391,0.5165403186025264
2016-01-29,14.307098334997045,15.319991166129089,14.307098334997045,15.063602447509766,31726047,0.050551795803893684,6.5752,2737.60009765625,0.030854545222207763,0.7326954242770577,0.5256187036941568
2016-02-01,15.145899514011159,15.693494372602348,14.971808652544643,15.383296966552734,34947825,0.021222979042162526,6.5778,2688.85400390625,-0.01780614114959056,0.6881816271969985,0.5278637626069284
2016-02-02,15.386462796344453,16.07649620169164,15.383298643720474,15.972041130065918,31552002,0.03827165040064329,6.5795,2749.570068359375,0.022580647504445883,0.7053736360432881,0.5198951508194511
2016-02-03,15.949882977164311,16.041677815745444,15.740974645479223,15.956214904785156,20033997,-0.0009908705563604903,6.5765,2739.2470703125,-0.0037544044305932722,0.6995831279972807,0.5183082097496242
2016-02-04,16.142967570826663,16.554454134271772,16.051174539756058,16.20943832397461,21492198,0.015869892747152337,6.5638,2781.02294921875,0.015250861946339178,0.6451897917975421,0.5196495361599075
2016-02-05,16.301228676138432,16.427840044944688,15.829601553734118,15.848593711853027,19767276,-0.022261389007407706,6.571,2763.491943359375,-0.006303797623928187,0.5823805792962885,0.5169645995827709
2016-02-15,15.253520728108334,15.975206500020073,15.16172679837116,15.826436996459961,15616485,-0.0013980240642105235,6.571,2746.196044921875,-0.0062587113666322525,0.5787298980898476,0.5168433534826462
2016-02-16,15.905573006622983,16.658911323185663,15.905573006622983,16.484821319580078,24006345,0.04160028711878638,6.5154,2836.571044921875,0.032909158167027774,0.5868247286217743,0.5250185232598167
2016-02-17,16.522798253113717,17.402747678041816,16.522798253113717,17.03240966796875,38996058,0.03321773028490549,6.527,2867.337890625,0.010846492196345592,0.5875522404100021,0.5290416953724895
2016-02-18,17.285634634474416,17.333113222518232,16.807677356780403,16.85515594482422,20222850,-0.010406849447607835,6.5163,2862.89306640625,-0.0015501571102878309,0.5612460334069256,0.5273209231395998
2016-02-19,17.06089991423909,17.488214491727163,16.934288522981923,17.18434715270996,27982485,0.01953059401902646,6.5202,2860.02099609375,-0.0010032055846589394,0.5592464028735914,0.5239364318894222
2016-02-22,17.47238695067058,17.567345939609584,17.095716958649614,17.253982543945312,32766225,0.004052257011368132,6.5197,2927.175048828125,0.023480265643537113,0.5595726100228274,0.5219309321630892
2016-02-23,17.333111593054937,17.633814722639844,17.108377095105684,17.31412124633789,29760654,0.003485496883945949,6.5263,2903.3310546875,-0.008145735647128727,0.5535636274363518,0.5199165171719461
2016-02-24,17.165350523491025,17.488209939962232,16.78235048542681,17.415409088134766,29927280,0.005850013428680301,6.529,2928.89599609375,0.008805382825694208,0.5510245532536197,0.5201241068252226
2016-02-25,17.7351051813104,17.93135326868976,16.190444568897355,16.396188735961914,64116036,-0.0585240545895217,6.532,2741.2451171875,-0.06406880925663416,0.5790919065449582,0.5321849599788109
2016-02-26,16.715881796565718,16.80451066383171,16.212602264850858,16.570280075073242,26523786,0.010617793068549597,6.539,2767.2099609375,0.00947191609652176,0.5792379441622104,0.531572798895362
2016-02-29,16.807676105585873,16.87098088493177,15.509906394692152,15.987865447998047,37253202,-0.0351481462254416,6.5525,2687.97900390625,-0.028632072791616947,0.5911186747342536,0.5252445109392428
2016-03-01,15.997364875297556,16.42151350597786,15.851761316659315,16.313894271850586,24068964,0.020392267179941914,6.55,2733.169921875,0.016812228779717886,0.4963033715529046,0.5201798022119732
2016-03-02,16.171450428545374,17.159018938726753,16.171450428545374,17.060894012451172,35486451,0.04578917382648018,6.5499,2849.680908203125,0.042628519140221144,0.49832062307969804,0.5292089173397256
2016-03-03,17.09255339508045,17.383758677017777,16.950115812359872,16.959611892700195,29329812,-0.005936507177001449,6.5312,2859.758056640625,0.0035362374813585618,0.43677160729636666,0.5275146125552663
2016-03-04,16.905798008585652,17.409077488075713,16.696887905076476,16.997591018676758,34737009,0.0022393865034675553,6.5064,2874.14697265625,0.005031515159896971,0.40823795366690185,0.527497542463641
2016-03-07,17.26031103927045,17.405914567144045,16.972269946961,17.076725006103516,20608560,0.0046556001576816275,6.5155,2897.340087890625,0.008069564797843487,0.4044636050909448,0.5258390606510033
2016-03-08,17.092551589723588,17.092551589723588,16.31705534830026,16.810840606689453,23354040,-0.015569987765161719,6.5044,2901.386962890625,0.001396755257318194,0.3916335132578897,0.5264649220570267
2016-03-09,16.49747795609839,16.681064001484582,16.396188853651935,16.45949363708496,17038278,-0.02090002384917522,6.5105,2862.555908203125,-0.013383617967598793,0.4005012615617451,0.5250924160811671
2016-03-10,16.459495168779704,16.601934567143232,16.22209858643007,16.301231384277344,15625269,-0.009615256477333856,6.507,2804.72607421875,-0.02020216751702708,0.3988888303414512,0.5169562747456258
2016-03-11,16.269578032215488,16.49114840419557,16.022685383757455,16.225263595581055,12044307,-0.004660248474821382,6.494,2810.306884765625,0.001989788093095468,0.39031992549191086,0.5168856630693363
2016-03-14,16.491149558131948,17.0925541193634,16.33921588863298,16.88047981262207,29339769,0.040382469793554865,6.4984,2859.4990234375,0.01750418751010452,0.41373042622646744,0.5238659153025432
2016-03-15,16.83932862349679,17.56417849520198,16.83932862349679,17.231822967529297,48427257,0.020813576320533045,6.511,2864.367919921875,0.001702709616078879,0.39450965399564814,0.525648479814852
2016-03-16,17.288799365430474,17.32994783437289,16.744369567625125,16.77602195739746,25902585,-0.0264511195937146,6.5189,2870.429931640625,0.0021163523291083397,0.389743097445473,0.527604561704001
2016-03-17,16.991259456669958,17.504034970947906,16.864648106774688,17.428068161010742,43005039,0.0388677485800355,6.4745,2904.83203125,0.01198499891258864,0.4117090546666045,0.5340823700028485
2016-03-18,17.42807154517612,18.16558348072226,17.42807154517612,18.02631187438965,45256209,0.034326450175198975,6.4682,2955.14990234375,0.01732212759720131,0.42325599225084787,0.5381970473397296
2016-03-21,18.25104606697511,18.314352658708607,17.731938535051402,18.051633834838867,42744576,0.0014047221986208669,6.4812,3018.802001953125,0.021539380983310652,0.42325090379370567,0.5382209410487565
2016-03-22,18.010485576509836,18.421973941005035,17.757264614716686,18.266874313354492,39607008,0.011923600959610647,6.4876,2999.363037109375,-0.006439297718490056,0.42454264037755735,0.5384146850660539
2016-03-23,18.10544410816666,18.352336758338836,17.940850215513272,18.13709831237793,24748026,-0.007104444840992152,6.5035,3009.9599609375,0.0035330580850052584,0.42588667319974666,0.5385461021711662
2016-03-24,18.010483987014172,18.482112944869293,17.757263047568763,17.87754249572754,27302394,-0.01431076857940683,6.5124,2960.969970703125,-0.01627596076697191,0.36686044590586936,0.538717699327794
2016-03-25,17.877542515223364,18.235220330085724,17.757263066933422,18.029476165771484,24405171,0.00849857692019218,6.5131,2979.1259765625,0.00613177642428564,0.36647521972686287,0.5367346300843046
2016-03-28,18.22256278699401,18.94741279204135,18.105445662622124,18.374496459960938,42170760,0.019136456934032653,6.5051,2957.820068359375,-0.007151731202622469,0.33818758649754416,0.5383524482700681
2016-03-29,18.453624906418142,18.795476529083157,17.997823950326122,18.00098991394043,43770600,-0.02032744390217167,6.5063,2919.83203125,-0.012843254907809798,0.3478604625281452,0.5382542103434115
2016-03-30,18.08961356292671,18.64986947840304,18.08961356292671,18.611886978149414,31272465,0.03393685942437474,6.4648,3000.64501953125,0.02767727301308276,0.3316663648894433,0.5368177042996836
2016-03-31,18.621388919606296,18.918924334056047,18.478949518026113,18.61505699157715,30580245,0.00017032197925215264,6.448,3003.9150390625,0.0010897722022982226,0.32980484994789117,0.5345986521036462
2016-04-01,18.608724339464857,18.611890303048096,18.12443514917218,18.453624725341797,17512932,-0.008672133870360699,6.4776,3009.530029296875,0.0018692240497346635,0.33321623724472965,0.5327003264736443
2016-04-05,18.732169750837375,19.064525290581464,18.52642739773178,18.665699005126953,42988623,0.011492283111941726,6.476,3053.06494140625,0.014465684570539539,0.33418841657546816,0.5017986942394086
2016-04-06,18.529594547265642,18.659371907286666,18.327016313784405,18.46945571899414,29008893,-0.01051357819918286,6.478,3050.592041015625,-0.0008099730723336585,0.3305899113202194,0.5019074564569644
2016-04-07,18.5105991670537,18.567573826942564,17.944011286633035,18.05796241760254,26641716,-0.022279665825150397,6.4599,3008.419921875,-0.013824240860008552,0.33205210377196964,0.5025943075510009
2016-04-08,17.915528258964322,18.342841005934464,17.90603217865048,18.263710021972656,21499863,0.011393733114072546,6.4628,2984.9580078125,-0.0077987497330084254,0.32826526842449494,0.47278290207533097
2016-04-11,18.263708782921363,18.621386601977864,18.17191394984583,18.30485725402832,25402770,0.002252950359273198,6.458,3033.95703125,0.016415314154924587,0.3262260906101188,0.4487549420901554
2016-04-12,18.279536332423405,18.485278703195494,17.97883315792245,18.327014923095703,26930619,0.0012104802982009222,6.4639,3023.64599609375,-0.003398543568694401,0.30047915207045894,0.44546852683804194
2016-04-13,18.548587660755683,18.779654149368053,18.49477713553034,18.54542350769043,35787285,0.01191730270920921,6.4768,3066.637939453125,0.01421857698120621,0.2956099434379141,0.4407840295378921
2016-04-14,18.61189162173726,18.70051868523557,18.463122113048083,18.5960636138916,19720602,0.0027305985317711556,6.481,3082.362060546875,0.0051274788234552116,0.27324787247840265,0.43237528483751875
2016-04-15,18.545424184610454,18.640381381496656,18.232060725785658,18.43463897705078,19547607,-0.008680581019320344,6.473,3078.116943359375,-0.001377228600700775,0.2466090856422314,0.42313476645619913
2016-04-18,18.444126754265117,19.048697142032037,18.25104465290443,18.9980525970459,37764306,0.03056276939822422,6.4717,3033.659912109375,-0.014442931203738074,0.24054009816395752,0.42278818004087393
2016-04-19,18.915761759318542,20.732635848931327,18.88410755010867,19.76405906677246,68592456,0.040320262606582835,6.4571,3042.822998046875,0.003020472367691651,0.2748923879141322,0.43011857114392293
2016-04-20,19.62477927980741,19.722904217641727,18.374491849970315,19.05819320678711,51449196,-0.03571462003835335,6.4675,2972.583984375,-0.02308350295661621,0.3082375844484862,0.4349925260029997
2016-04-21,18.994888598249794,20.19453341926773,18.91892177291405,19.665929794311523,46235340,0.03188846817378166,6.481,2952.89111328125,-0.006624832535350733,0.3231712628005869,0.43757908467392503
2016-04-22,19.393716051192097,19.938145904458544,19.2037998820194,19.593130111694336,26696880,-0.003701817477160141,6.5004,2959.239990234375,0.0021500545430102047,0.3172291222652533,0.4328265636157596
2016-04-25,19.59629232378139,19.624780561372727,18.991723708164546,19.2291202545166,26459880,-0.01857844331674563,6.49,2946.669921875,-0.004247735364774963,0.327417281598801,0.4334303289916547
2016-04-26,19.149986294201554,19.928646628690423,19.149986294201554,19.634275436401367,21855282,0.021069876131727838,6.4905,2964.699951171875,0.00611878146345024,0.3287169733565024,0.43505797917488237
2016-04-27,19.783045305987677,20.03310390743906,19.634277617280247,19.729236602783203,27442554,0.004836499655382243,6.494,2953.6708984375,-0.0037201244362066177,0.31640567647170575,0.3886298179338605
2016-04-28,19.805202239077797,19.874838945009085,19.153153234213313,19.589962005615234,22807515,-0.007059299858988011,6.4735,2945.589111328125,-0.002736184018893306,0.29930591068694107,0.3804302410870267
2016-04-29,19.688090718379474,20.45092504386394,19.688090718379474,20.166048049926758,48414993,0.029407205799908853,6.4738,2938.323974609375,-0.0024664460806193,0.31363599766439026,0.3594321193428987
2016-05-03,20.19453468534043,20.359130389483003,19.868509240839757,20.352798461914062,40701078,0.009260635079562984,6.49,2992.64306640625,0.0184864202403332,0.31032104428464846,0.3473048132714319
2016-05-04,20.235683490774754,20.476246028964887,20.0584275509686,20.115402221679688,28977921,-0.01166405890957023,6.4945,2991.27197265625,-0.00045815478811728205,0.3148385599324943,0.3473896194839547
2016-05-05,20.102742305583696,20.11540253874477,19.814701172459486,20.09008026123047,21415890,-0.0012588344080899372,6.5032,2997.842041015625,0.002196412903752387,0.3108954424812269,0.34045734722459153
2016-05-06,19.944475407948026,20.090078946927854,19.308252547826118,19.371559143066406,30843612,-0.03576497001610557,6.497,2913.248046875,-0.02821829602201653,0.32937745806056906,0.3499846776605321
2016-05-09,19.026545347524372,19.24494977320237,18.561246442464668,18.67519760131836,30361197,-0.03594762489715719,6.514,2832.113037109375,-0.02785036099231486,0.3565022289753277,0.358162989972977
2016-05-10,18.67519925522288,18.830298903978644,18.494777325722847,18.58024024963379,16986996,-0.005084677212618405,6.515,2832.591064453125,0.00016878822896071455,0.3572076809600187,0.35478171571078815
2016-05-11,18.675193393188003,18.795474641765768,18.30168941665273,18.456789016723633,20835357,-0.00664422156288258,6.491,2837.037109375,0.0015696035257857233,0.35822930261667124,0.35521577609300825
2016-05-12,18.368164887230858,18.98223151908012,18.171916769720347,18.836627960205078,24742323,0.020579903857451898,6.514,2835.862060546875,-0.0004141816912588414,0.3631467001966568,0.3479497838202516
2016-05-13,18.820798835452845,19.112004096729102,18.62771671207785,18.729005813598633,17448027,-0.00571345077440677,6.5285,2827.10888671875,-0.0030866007024463737,0.3638578481155242,0.3423540819302426
2016-05-16,18.779651321903184,19.175311668493833,18.684692331587645,19.168981552124023,19766226,0.023491676114806737,6.5184,2850.862060546875,0.00840193101147002,0.37082238181555327,0.3442297348737295
2016-05-17,19.16897905074866,19.30825064867131,18.884102116975853,19.099342346191406,16297929,-0.003632911103975678,6.517,2843.68408203125,-0.0025178273670133366,0.3557083979669071,0.3425690390902132
2016-05-18,18.925255147520318,18.925255147520318,18.393487329499642,18.535924911499023,17617758,-0.02949931073436851,6.537,2807.513916015625,-0.012719474094952443,0.33794902077754657,0.3485554848691785
2016-05-19,18.649870554703636,18.827126458897354,18.497936922537594,18.539085388183594,11262651,0.00017050547516017645,6.544,2806.906005859375,-0.00021652970365781954,0.3150891755324569,0.34853829424786914
2016-05-20,18.453625479440298,18.729006364292022,18.3555023386539,18.706850051879883,10976208,0.009049241652623108,6.5485,2825.48291015625,0.006618285136052338,0.292937014493537,0.348775239014193
2016-05-23,18.73850512468044,19.05819868008689,18.73850512468044,18.81130599975586,15485577,0.0055838341348910525,6.5533,2843.64501953125,0.006427966458305567,0.2942136057416914,0.3256874027752202
2016-05-24,18.84928829938731,19.04237043530989,18.684692593123664,18.74799919128418,18661902,-0.0033653595594320684,6.5552,2821.666015625,-0.007729165826004913,0.28763707782364495,0.3254592420941286
2016-05-25,18.915760683034115,18.991727520669098,18.67836408902575,18.71318244934082,12612045,-0.0018570910734594381,6.5538,2815.0859375,-0.0023319833348677266,0.2754443344836526,0.3161306163141732
2016-05-26,18.798638448826427,18.903093501388586,18.23205419021386,18.602392196655273,17226798,-0.005920438866316324,6.554,2822.443115234375,0.0026134824647339183,0.2744155083444912,0.3144787401704898
2016-05-27,18.548585006207315,18.577073246871752,18.232057451054526,18.29219627380371,17703126,-0.01667505552900539,6.5615,2821.0458984375,-0.0004950380715676994,0.27849055921593413,0.30351726151117125
2016-05-30,18.2985269623277,18.472616924754018,18.162417695831216,18.333343505859375,12820419,0.0022494418625165213,6.5615,2822.450927734375,0.0004980526185884848,0.25160778310244375,0.3031423097374817
2016-05-31,18.342838934656193,18.975897602018257,18.342838934656193,18.928417205810547,26217906,0.03245854744176824,6.5798,2916.615966796875,0.033362861383063214,0.2804212361844738,0.3097213915015494
2016-06-01,18.956904317669633,19.055027445351424,18.852449263408257,18.909425735473633,20849712,-0.0010033311359538555,6.5748,2913.508056640625,-0.0010655877193400665,0.2788395801341479,0.30972981651083503
2016-06-02,18.94107977887718,19.032872799193054,18.675194986245028,18.966402053833008,14764515,0.003013117328702908,6.5815,2925.22900390625,0.004022967171451564,0.2795923360054681,0.30759026959206576
2016-06-03,18.98539389844609,19.130995618636916,18.97273185558188,18.991724014282227,18823452,0.0013350956273807668,6.5638,2938.681884765625,0.004598915449494978,0.2509974886229751,0.3038112196299457
2016-06-06,19.134160714453788,19.282928391412327,18.922086448428903,19.039201736450195,17617434,0.0024999163915957467,6.5611,2934.097900390625,-0.0015598777121007545,0.2141288673260565,0.30274895101673344
2016-06-07,19.074023147052184,19.618453017786614,18.994890350829202,19.390552520751953,26985159,0.018454071192969268,6.571,2936.044921875,0.0006635843623745696,0.2213614956687856,0.3040294780887762
2016-06-08,19.39371572305948,19.42853407924365,18.99172526746416,19.102510452270508,20065221,-0.014854763327304843,6.56,2927.158935546875,-0.003026515794060214,0.2275583423962438,0.2961121988448951
2016-06-13,18.842954952483403,18.991724450799616,18.178245683420606,18.18140983581543,32048421,-0.04821882541336853,6.5823,2833.071044921875,-0.03214307548606743,0.27781690466133047,0.31103199582399393
2016-06-14,18.061132431030273,18.314355210867728,17.985165597079035,18.061132431030273,16995324,-0.00661540583878284,6.593,2842.18896484375,0.003218387317966531,0.2780114727256052,0.3061500974589016
2016-06-15,17.890204180243938,18.956905675118765,17.890204180243938,18.71950912475586,33819228,0.03645268070757557,6.5785,2887.2099609375,0.015840254342914584,0.29674352398990206,0.30492571106090316
2016-06-16,18.589729711730453,19.301919283257813,18.38082142277812,18.808134078979492,30774987,0.004734363151992493,6.5899,2872.81689453125,-0.004985112479168774,0.297251832451723,0.29719951097994535
2016-06-17,18.827129703041916,19.099344627043312,18.627717455659727,18.741666793823242,20151720,-0.0035339648727055195,6.5849,2885.10498046875,0.004277364826450247,0.27739688322733214,0.29733460783786225
2016-06-20,18.836627876082435,19.042372073817294,18.763827002566178,18.865116119384766,13349208,0.006586891492607716,6.5768,2888.80908203125,0.0012838706347171325,0.2781690508679603,0.29668214381892716
2016-06-21,18.975898948329714,19.18164312037922,18.741666536534385,18.798641204833984,29414187,-0.0035236949579374732,6.5893,2878.55810546875,-0.0035485129932131265,0.2769323024028123,0.29636994389740423
2016-06-22,19.124664710300078,19.561475286347527,19.03920181088192,19.282928466796875,39962535,0.025761822712928817,6.575,2905.550048828125,0.00937689717226653,0.2908635290207185,0.29902774519260644
2016-06-23,19.105675768135526,19.305088007309806,18.918921949847615,19.001220703125,19696974,-0.014609179521510196,6.574,2891.9599609375,-0.004677285767666017,0.29599916054564696,0.30044346574407316
2016-06-24,18.988559382701297,19.146824968049653,18.13709806808614,18.71001434326172,24707205,-0.015325665882897077,6.615,2854.285888671875,-0.013027176300674626,0.3014358860429365,0.2998839284585544
2016-06-27,18.67519568664713,18.972732881335027,18.630883062206493,18.887269973754883,14307183,0.0094738372318246,6.6481,2895.702880859375,0.014510456836813734,0.3022669028422409,0.29726107970136273
2016-06-28,18.770155807141876,19.118337574658636,18.63404833953463,19.086685180664062,21039216,0.010558180572749709,6.645,2912.556884765625,0.005820349876934916,0.2966311675914019,0.28995981446427066
2016-06-29,19.004384580858705,19.149988114807364,18.915757524015152,19.118335723876953,20276514,0.001658252489277423,6.635,2931.592041015625,0.0065355483182372165,0.29663978561747406,0.2899667767789307
2016-06-30,19.134162602120963,19.460188036152342,19.0012211065158,19.311418533325195,26357928,0.010099352382807014,6.6459,2929.60595703125,-0.0006774762506474019,0.2763808551347273,0.2899524413545906
2016-07-01,19.301920515375443,19.640606147746755,19.137326644237156,19.431697845458984,27335322,0.0062284037770827805,6.6547,2932.47607421875,0.0009796939348145628,0.276826307626829,0.2893328270230278
2016-07-04,19.387384630218918,19.602624872735635,19.187972394327584,19.45069122314453,24732795,0.0009774430333675532,6.6547,2988.60400390625,0.01914011513374514,0.2767738842169071,0.28836464412960344
2016-07-05,19.434865519719928,19.485511886777637,19.058197314667176,19.244949340820312,27560049,-0.010577612896317312,6.677,3006.39208984375,0.005951971527258237,0.2800260435488186,0.2853062033452612
2016-07-06,19.235447915974788,19.371555348447412,19.112000713355037,19.25127410888672,14878464,0.00032864560744738647,6.69,3017.2919921875,0.0036255757792114096,0.2799584429447554,0.2845211508729931
2016-07-07,19.244947080205904,19.792541049779526,19.181642298406214,19.602624893188477,37001385,0.018250780821803758,6.679,3016.846923828125,-0.00014750589619016985,0.2797883586920866,0.28669402262879273
2016-07-08,19.678593055625235,19.969800143034803,19.570973832535653,19.68492317199707,27359973,0.004198329522552502,6.6878,2988.093994140625,-0.009530788407061452,0.2738573100358717,0.28675529252975596
2016-07-11,19.81153648473018,19.912825601311916,19.35573546011238,19.381057739257812,20673111,-0.015436455102426971,6.6917,2994.9169921875,0.002283394719260645,0.21254948162459908,0.28792806413908456
2016-07-12,19.301921765108954,19.457021378578393,19.04869901527639,19.33041000366211,26630508,-0.002613259620661057,6.686,3049.381103515625,0.01818551614959585,0.2105424392091665,0.2879909686479427
2016-07-13,19.308250975902034,19.346235292192233,19.134161022750327,19.286094665527344,26976882,-0.0022925193064383675,6.6832,3060.68896484375,0.0037082479835295334,0.17134600648265289,0.28738896642385947
2016-07-14,19.222791451599388,19.42220369478182,19.140492696667813,19.371559143066406,21250824,0.004431404025607266,6.6801,3054.01806640625,-0.002179541441199806,0.17127462484177056,0.28078838439209663
2016-07-15,19.526658166494993,20.31481465773108,19.453855493628925,19.93814468383789,57346548,0.02924831897045732,6.6865,3054.2958984375,9.097262203727752e-05,0.19613915932067388,0.2749340723400947
2016-07-18,20.052098650267112,20.219858519927516,19.770387621083422,19.830528259277344,29529594,-0.005397514476248255,6.7013,3043.56396484375,-0.003513717711253861,0.19797573109816857,0.26480846148909887
2016-07-19,19.865340029869447,19.928644799902553,19.68175221215183,19.878000259399414,15482835,0.0023938847972877486,6.6931,3036.597900390625,-0.0022887852969709632,0.1966691935819716,0.25679609621386773
2016-07-20,19.88116976175192,20.03626937385149,19.783044815063477,19.783044815063477,16378041,-0.004776911313854937,6.676,3027.89990234375,-0.002864389139489276,0.1785601789449217,0.2568772350987778
2016-07-21,19.830525508413356,19.89383210185387,19.56464071387037,19.605789184570312,19833597,-0.008959977200182823,6.6735,3039.009033203125,0.003668922757577242,0.17290370119786735,0.2546058983468001
2016-07-22,19.83052246300603,19.87800104240106,19.308249033702165,19.466514587402344,22965078,-0.0071037485845036885,6.676,3012.81591796875,-0.008618965902436715,0.16447163084946578,0.25138697736329285
2016-07-25,19.466521774976467,19.618455458568697,19.08985171907549,19.156322479248047,23011218,-0.01593465058994359,6.6783,3015.827880859375,0.0009997168670881074,0.1736987691548398,0.2532703601239339
2016-07-26,19.27659954949294,19.419038931505415,19.178476412827617,19.362062454223633,16094217,0.010740055937065396,6.669,3050.166015625,0.011385972980606729,0.1738359311945377,0.2538872203772122
2016-07-27,19.352566982290487,19.352566982290487,18.52642795887809,18.79547691345215,30250236,-0.029262664662456417,6.668,2991.9990234375,-0.01907010696779443,0.20381320211078616,0.25326462548268613
2016-07-28,18.83345914412224,19.09301382621858,18.678361338782924,18.9125919342041,15625089,0.006231021500078704,6.6538,2994.322998046875,0.0007767297352607727,0.20152601386463745,0.2528136997668286
2016-07-29,18.912593519989912,19.070857302231747,18.73533757674525,18.785982131958008,11214750,-0.006694471211908026,6.6371,2979.339111328125,-0.005004098331583995,0.20062554151997009,0.25213073251822704
2016-08-01,18.789144860018688,18.91892037840655,18.5802347473501,18.64354133605957,10431147,-0.007582291673541075,6.6421,2953.385009765625,-0.008711362014420132,0.20145900650153642,0.2524897139635021
2016-08-02,18.54858167539333,18.70368127250569,18.532755481596848,18.662532806396484,11420967,0.0010186621733812018,6.6239,2971.279052734375,0.006058825012513314,0.1991331764610053,0.24196609453173681
2016-08-03,18.66253227135001,18.700514773134266,18.56124137381129,18.624547958374023,7955370,-0.002035353315464339,6.632,2978.4609375,0.002417102075624955,0.1990282199799876,0.2304578676597964
2016-08-04,18.63404690766121,18.729005893540265,18.58023639305161,18.700517654418945,9462486,0.0040790088551256876,6.6388,2982.426025390625,0.001331253950892286,0.18624807800773288,0.2303495304954834
2016-08-05,18.70368128597914,18.83345679968048,18.58656600284739,18.602392196655273,12872142,-0.005247205429122714,6.653,2976.696044921875,-0.0019212481449558672,0.18489847835425294,0.2301896843459057
2016-08-08,18.621385165198788,18.66886374869149,18.38082266197529,18.646705627441406,11457897,0.0023821361423665977,6.6597,3004.277099609375,0.009265660407132392,0.17943292789304152,0.2263082649038261
2016-08-09,18.659366733973574,18.735333550467224,18.532755373150824,18.722671508789062,14157462,0.004073957237564763,6.653,3025.680908203125,0.007124445543499558,0.18063105049668277,0.22615441915279516
2016-08-10,18.725839950945698,18.823964900568033,18.59922857336205,18.640377044677734,10140666,-0.00439544453219165,6.6345,3018.74609375,-0.002291984734518304,0.18090214200764773,0.22099405514378967
2016-08-11,18.637212959368345,18.798642708455986,18.545421738960155,18.548585891723633,14440359,-0.004924318469207711,6.6274,3002.637939453125,-0.005336041454504947,0.1797826508614088,0.22109131122638767
2016-08-12,18.675193459423777,18.91258999412489,18.580234483304967,18.760656356811523,15815541,0.011433241667361704,6.6324,3050.6669921875,0.015995619086569768,0.14663915669575128,0.21387060461214816
2016-08-15,18.83029752157814,19.18164527310634,18.675197884208803,19.013883590698242,28925316,0.013497781158108513,6.637,3125.195068359375,0.024430092292188954,0.15747705186047908,0.2155759426952056
2016-08-16,19.05502911058241,19.102509508119567,18.928417735803283,18.966402053833008,23430807,-0.002497203511252266,6.624,3110.037109375,-0.0048502441136681895,0.15659965193456724,0.21492070735504135
2016-08-17,18.991726875211622,19.37156105047741,18.991726875211622,19.219627380371094,26141385,0.01335125796760761,6.6328,3109.554931640625,-0.0001550392221756347,0.1657471376504244,0.21631823259346183
2016-08-18,19.21329367357581,19.21329367357581,18.97273116859383,19.01071548461914,17826132,-0.010869716234213511,6.6297,3104.114013671875,-0.0017497417117116054,0.16703734047430582,0.21742734221770343
2016-08-19,18.991721195458343,19.048695851911052,18.88093603440539,18.947406768798828,11330817,-0.0033301595550958574,6.6515,3108.10205078125,0.001284758579037426,0.16588750185431997,0.21751140901754137
2016-08-22,18.95690798061114,19.02337873300605,18.558081655049506,18.57390785217285,18915948,-0.019712402925820216,6.6475,3084.804931640625,-0.007495609461976693,0.1707781830426252,0.22100446664818432
2016-08-23,18.662533633130835,18.694186022125972,18.535922265958433,18.646705627441406,10290324,0.003919356973661303,6.6378,3089.7060546875,0.0015887951282120838,0.16594911885983735,0.21835396597341275
2016-08-24,18.675195378930663,18.729005893540265,18.605558668539892,18.700517654418945,9270357,0.0028858731431007367,6.6562,3085.8798828125,-0.001238361127976928,0.13101900030548713,0.21838071972935283
2016-08-25,18.662536725209705,18.662536725209705,18.241552274818307,18.421974182128906,19604478,-0.014894960526625756,6.656,3068.3291015625,-0.005687447961844838,0.1384697636660189,0.2101180707117519
2016-08-26,18.516934313269203,18.516934313269203,18.35866870996778,18.46945571899414,13249071,0.0025774402024347776,6.669,3070.30908203125,0.00064529599114449,0.13756699856897825,0.21019977114069605
2016-08-29,18.62771443258168,18.716341479970964,18.406144097320794,18.450458526611328,20211981,-0.0010285734821776638,6.6775,3070.027099609375,-9.18417052945264e-05,0.13523734731629497,0.2100903745499007
2016-08-30,18.48527862780892,18.529593065637624,18.4061476436778,18.507436752319336,11865579,0.0030881739673747077,6.6778,3074.677001953125,0.0015146128007605952,0.13574128272854422,0.21018195599847211
2016-08-31,18.558079079541457,18.5612432318117,18.42197162973922,18.532756805419922,8407935,0.0013681015604396496,6.6776,3085.490966796875,0.0035171059714176334,0.13572919181880472,0.21012934035575126
2016-09-01,18.56440927393269,18.58656739587786,18.501104493956582,18.504268646240234,9307518,-0.001537178708963416,6.6713,3063.304931640625,-0.007190439186176567,0.13483526747069294,0.20644482809466871
2016-09-02,18.50110595647044,18.50110595647044,18.295361782900162,18.314353942871094,13246899,-0.010263291513967987,6.679,3067.35205078125,0.0013211610436894006,0.13831184662568016,0.20531115951128912
2016-09-05,18.358665781004582,18.4409645336205,18.23205621647052,18.333343505859375,8013753,0.0010368677512466729,6.679,3072.094970703125,0.001546258741531581,0.13799065468408375,0.1797621927832973
2016-09-06,18.396653130660415,18.8397939243169,18.289033896358116,18.836627960205078,25419795,0.027451864095867418,6.6722,3090.712890625,0.006060333453042244,0.17016756285431267,0.18763010020238396
2016-09-07,18.833458851194585,18.865113053450198,18.64354269362081,18.665699005126953,15386184,-0.009074286302157453,6.66,3091.927978515625,0.0003931416257751952,0.17269271628364594,0.17329986709355058
2016-09-08,18.66886360930499,18.754326507907255,18.596060941729508,18.64354133605957,9817308,-0.001187079522781187,6.664,3095.9541015625,0.0013021399834829417,0.17175069868462822,0.17303514849506843
2016-09-09,18.684688192970636,19.080348451923413,18.672027963035227,18.67835807800293,20299287,0.0018674961647988653,6.6778,3078.85498046875,-0.005523053809202261,0.16682020984589113,0.1729297787835983
2016-09-12,18.358666590715803,18.507436095750396,18.23522117313533,18.254213333129883,17205942,-0.022707817416379505,6.6788,3021.97705078125,-0.018473728073688078,0.1766959301575595,0.17849699680370903
2016-09-13,18.358663101211427,18.3903172989164,17.978829029477236,18.048465728759766,20214390,-0.011271239171764424,6.6782,3023.510009765625,0.0005072702269459661,0.17975631020100025,0.17976177375354113
2016-09-14,18.04214034959749,18.04214034959749,17.725610967803643,17.728776931762695,18454617,-0.017712796300887512,6.6707,3002.84912109375,-0.006833411698701997,0.17742080758901327,0.17451803590410414
2016-09-19,17.754099184459324,18.016818045726634,17.754099184459324,17.94085121154785,12343272,0.011962149481682838,6.665,3026.051025390625,0.007726630064058604,0.18403123698904486,0.17438478228980522
2016-09-20,17.99466009762675,18.057964881431282,17.76359365211774,17.823734283447266,9279444,-0.006527947125786415,6.67,3023.0,-0.0010082531209899548,0.18449641553038645,0.1721940413463423
2016-09-21,17.890204205662577,18.019979730952272,17.77941902792302,17.96300506591797,9583944,0.00781378246869635,6.6695,3025.8740234375,0.0009507189670856508,0.17712767415922992,0.17180620178332312
2016-09-22,18.010483006747904,18.099111870243128,17.98199658084663,18.073789596557617,13967358,0.00616737178624116,6.663,3042.31298828125,0.00543279882652703,0.17823499555135666,0.1708014515572106
2016-09-23,18.089617267209654,18.105443463155428,17.98516401172913,18.035808563232422,8169135,-0.0021014427064277585,6.669,3033.89599609375,-0.0027666424263123046,0.17748515473224524,0.17073927452256069
2016-09-26,18.035809449629898,18.04530371871035,17.459725383977375,17.53569221496582,15161913,-0.027729078322894396,6.6683,2980.429931640625,-0.017622906164866725,0.19506904434929878,0.17777263230350993
2016-09-27,17.513538647160953,17.640150051988922,17.434407651138727,17.548357009887695,9461829,0.0007222295399931244,6.6691,2998.172119140625,0.005952895356353238,0.19455288027642903,0.1771011976500193
2016-09-28,17.63381772556415,17.63381772556415,17.504040372675494,17.51353645324707,6506934,-0.0019842630635452663,6.673,2987.85791015625,-0.0034401657324901747,0.19448767793941873,0.17701848939471584
2016-09-29,17.564178660054,17.64647559907957,17.405914897806703,17.47555160522461,11044083,-0.002168885086336614,6.665,2998.48291015625,0.0035560593306274146,0.19336518320909532,0.17605057925945664
2016-09-30,17.456563194665513,17.649645352077837,17.412248752140236,17.595836639404297,9104013,0.006883046492433875,6.6685,3004.702880859375,0.0020743725708947114,0.19591366372149852,0.17685920491174772
2016-10-10,17.69712124542447,18.000990368348535,17.69712124542447,17.978832244873047,13214361,0.021766262856240948,6.6685,3048.14306640625,0.014457398042115432,0.21408155677797094,0.17866812902382193
2016-10-11,18.00415333033708,18.46945215825019,17.91552627587167,18.3238468170166,27266244,0.019190043460244333,6.719,3065.25,0.005612247595031317,0.22315863555942392,0.18324944294820986
2016-10-12,18.3111892490757,18.342841643761055,18.09911494453787,18.21306610107422,14485872,-0.006045712837956296,6.718,3058.498046875,-0.002202741415871512,0.22418639230880155,0.1811157612528827
2016-10-13,18.23205744212507,18.428303729299156,18.092784013867735,18.140262603759766,13378659,-0.003997322411856796,6.7248,3061.345947265625,0.0009311434393541873,0.1990600785849728,0.18119154700445692
2016-10-14,18.18774225496741,18.279535278356,17.931353533260225,18.127601623535156,11011806,-0.0006979491146938965,6.7277,3063.80908203125,0.000804592100355439,0.19721606443143688,0.1811722232004005
2016-10-17,18.152921720048912,18.247878884518144,17.92501945398568,17.97249984741211,13438749,-0.008556111246491471,6.735,3041.166015625,-0.007390495229956717,0.1988444691405471,0.18147394317310442
2016-10-18,17.975667656439363,18.19407205505118,17.91552702605188,18.152923583984375,14509077,0.01003887818078053,6.7401,3083.875,0.014043621477935808,0.20289393587153684,0.17172297320136937
2016-10-19,18.162419259403237,18.247882171774673,18.01048559545227,18.054800033569336,11463933,-0.005405385527078921,6.737,3084.718994140625,0.000273679750516731,0.187441936442547,0.17172373610444083
2016-10-20,18.061127781475033,18.114936476343168,17.947176654287023,17.988325119018555,10883097,-0.0036818416391865005,6.7439,3084.4580078125,-8.46061922077368e-05,0.18354371359203756,0.17158596932841583
2016-10-21,17.985164135779765,18.03264272394457,17.776254000993728,17.887039184570312,9717522,-0.005630648422134343,6.7654,3090.94091796875,0.002101798805439925,0.17286946413351717,0.1716622618855199
2016-10-24,18.007319854263542,18.197237823044684,17.88387263119821,18.029476165771484,16449117,0.007963139104880002,6.7728,3128.2470703125,0.012069513243322172,0.1699104160999646,0.1720747000918391
2016-10-25,18.004154440372663,18.11177547119072,17.947179772475593,18.007320404052734,10313748,-0.0012288633077877087,6.778,3131.93896484375,0.0011801799692507942,0.16811740514564277,0.1716546217666444
2016-10-26,18.007320824328314,18.073791573624938,17.871213361981102,17.893369674682617,8778453,-0.006328022538237943,6.7706,3116.31201171875,-0.004989545869320433,0.16752442204018353,0.16925435198857489
2016-10-27,17.909197227594856,18.01998059948202,17.86171682845118,17.91552734375,7929246,0.0012383172912777685,6.7819,3112.35009765625,-0.0012713470434286833,0.16596900025905423,0.16753154207405382
2016-10-28,17.925020489038367,17.97566684868166,17.788914849868227,17.807905197143555,9060918,-0.006007199483524572,6.776,3104.27001953125,-0.002596134069584477,0.16707925112449495,0.15738817244467918
2016-10-31,17.84905552069581,17.909197965820912,17.687625779337164,17.776254653930664,9753561,-0.0017773310708082413,6.7735,3100.491943359375,-0.0012170578422960876,0.13309392539672116,0.15670331041989466
2016-11-01,17.779417399500115,17.88387064063077,17.709780697951825,17.845888137817383,8087931,0.0039172190791787465,6.763,3122.43603515625,0.007077616132457498,0.1335786594050573,0.15656071857303425
2016-11-02,17.915530263003422,17.931356461566107,17.801579097682815,17.8712158203125,9747966,0.0014192447189806945,6.7606,3102.73291015625,-0.0063101773032843145,0.133158291065109,0.1559827718648503
2016-11-03,17.871214282952756,17.89337059679607,17.542024672067136,17.725610733032227,16551135,-0.008147463985901715,6.7612,3128.93603515625,0.008445175836511387,0.13671544917498862,0.15669161927031056
2016-11-04,17.709781177604956,17.709781177604956,17.49454095186023,17.519865036010742,14572455,-0.011607255745387124,6.7534,3125.31689453125,-0.0011566681403313295,0.14138125477372931,0.1582316411917265
2016-11-07,17.532528353728377,17.706618331773242,17.52303227329798,17.570510864257812,11629284,0.0028907658902035394,6.774,3133.3330078125,0.0025648961534994186,0.11614627225941493,0.15808837980708668
2016-11-08,17.614824295043945,17.72244532630488,17.576841786686945,17.614824295043945,9968493,0.002522034283947594,6.784,3147.887939453125,0.004645191431722928,0.08949545983874749,0.15799645101427476
2016-11-09,17.624322607221394,17.66230693158152,17.250818536577434,17.437570571899414,20102382,-0.010062758513827652,6.7769,3128.3701171875,-0.006200291319460316,0.09299752908317827,0.15896126932591953
2016-11-10,17.564179331761242,17.608493766466623,17.472386309923525,17.516700744628906,10557732,0.004537912687046619,6.7987,3171.281982421875,0.01371700394355968,0.09565444426397014,0.15902819244261038
2016-11-11,17.409081638667928,17.52303279603989,17.32995065137426,17.456562042236328,16321416,-0.003433220859870967,6.7987,3196.0439453125,0.0078081870448223345,0.09575566846166014,0.15895419449289194
2016-11-14,17.472387346860135,17.678131525694592,17.46605723043855,17.564180374145508,15282531,0.006164921342976637,6.8447,3210.37109375,0.004482775794905081,0.09637213567702982,0.15942178940143817
2016-11-15,17.535690524106705,17.65280762871411,17.50720409722788,17.598997116088867,9158910,0.0019822582780242293,6.8556,3206.986083984375,-0.0010543982819354314,0.08785401315328195,0.15747402460394636
2016-11-16,17.659138414927984,17.687624842888205,17.60849386389647,17.640146255493164,12552927,0.002338152517036285,6.877,3205.056884765625,-0.0006015614562172589,0.08762751898466264,0.1547174723483842
2016-11-17,17.63064673819561,17.655969008774093,17.519863389207448,17.646472930908203,8774067,0.0003586520952494343,6.8674,3208.452880859375,0.0010595743588490691,0.08724993705636172,0.15472608768912546
2016-11-18,17.655974973423874,17.719281576852534,17.475554866596344,17.497711181640625,9125181,-0.008430112343131069,6.8873,3192.85595703125,-0.0048611977196770795,0.08977353741419151,0.1524260627476258
2016-11-21,17.5008764818361,17.598999630557127,17.409081638667928,17.456562042236328,11102511,-0.002351686970777811,6.8918,3218.14794921875,0.007921432262486539,0.08321246677874361,0.15118848243469185
2016-11-22,17.443899823120137,17.507204605749134,17.405915504589142,17.485048294067383,9901434,0.001631836312449897,6.888,3248.35205078125,0.009385554063737978,0.08399766735182976,0.15125649660256132
2016-11-23,17.535693574035328,18.03897500033469,17.535693574035328,17.890207290649414,36938385,0.02317174020728907,6.9195,3241.136962890625,-0.00222115330414685,0.11920174199852125,0.1544504929413961
2016-11-24,17.82057124796475,17.849057680880723,17.5673484487543,17.62748908996582,19705599,-0.014685028318308424,6.9195,3241.736083984375,0.00018484905161675336,0.12995495889243006,0.15682431898489468
2016-11-25,17.646479183313883,17.693959589466328,17.36793591945028,17.532529830932617,13616505,-0.00538699859909475,6.9176,3261.93798828125,0.006231816462999973,0.12964225780998423,0.15689036143612753
2016-11-28,17.59583547878944,17.703454708230318,17.472388240696723,17.608495712280273,19403733,0.0043328533919633205,6.9055,3277.0,0.0046175040030991266,0.13080744933651708,0.1545620397403659
2016-11-29,17.608494729901892,17.826899140567665,17.475553229703962,17.592668533325195,17762376,-0.0008988376527837572,6.8933,3282.924072265625,0.0018077730441332651,0.12979197912118087,0.15441074791976878
2016-11-30,17.504040372675494,17.662305967278883,17.472387978231684,17.51353645324707,11003451,-0.004498014609223611,6.8837,3250.033935546875,-0.010018549316022307,0.13021986750884065,0.1545997463440708
2016-12-01,17.510369783988164,17.640145307033755,17.45022734528091,17.504037857055664,12573861,-0.0005423574054710389,6.883,3273.30908203125,0.007161508755279655,0.1274352248162797,0.15438647818670015
2016-12-02,17.472387918342687,17.551520715373144,17.253983499521542,17.3299503326416,15503514,-0.009945563751388331,6.883,3243.843017578125,-0.009001919377207068,0.12565535016158355,0.15541976996751422
2016-12-05,17.291963526003677,17.371096311664463,16.956443847395068,16.988096237182617,21708483,-0.019726201685361433,6.8775,3204.708984375,-0.012064095885978676,0.14209551314670069,0.16005410215350716
2016-12-06,17.026083015147737,17.092553767787273,16.776024390579007,16.814008712768555,20283939,-0.010247618213571785,6.879,3199.64697265625,-0.001579554257010729,0.14433949065936336,0.16005038727109253
2016-12-07,16.826666365943908,16.880476877064083,16.538625274544177,16.772857666015625,21756663,-0.0024474262774515365,6.878,3222.241943359375,0.007061707399665718,0.14139782278901356,0.1599855324574747
2016-12-08,16.772858414348228,16.931122180150172,16.712717784881253,16.785518646240234,11848878,0.0007548493212496954,6.8771,3215.365966796875,-0.0021339107004892943,0.13973992193149018,0.14832997788334543
2016-12-09,16.78868279161035,16.804508985357383,16.62092115326987,16.696887969970703,11426712,-0.005280186935980313,6.9042,3232.883056640625,0.0054479303521397515,0.14012813797764734,0.14774627254864175
2016-12-12,16.690558598017915,16.79817961819746,15.680831815740005,15.769460678100586,27121767,-0.055544919121341185,6.9045,3152.969970703125,-0.024718829768169748,0.23226998116761766,0.18425036684080615
2016-12-13,15.816337624045202,16.163913849583107,15.78763796657327,16.042741775512695,16334286,0.01732976815063947,6.8984,3155.037109375,0.0006556163525446301,0.24468348890242594,0.18856879723963252
2016-12-14,16.10013545850709,16.132022742846406,15.625006528540004,15.656895637512207,16638687,-0.02405113436341888,6.9025,3140.531005859375,-0.004597760030308651,0.25269636419603647,0.1892038515854219
2016-12-15,15.625008406089822,15.873733268016393,15.596310576589174,15.778071403503418,11803974,0.007739450322507446,6.941,3117.677001953125,-0.007277114559165576,0.2564217115198941,0.18944390136004402
2016-12-16,15.864169092869828,16.294654846191406,15.864169092869828,16.294654846191406,18520884,0.03274059480889946,6.958,3122.98193359375,0.0017015655044771982,0.2895841180015011,0.19970039418150892
2016-12-19,16.35842890485799,16.41582638883767,16.033173454584613,16.07143783569336,11068815,-0.013698787277486857,6.9506,3118.0849609375,-0.0015680438633260962,0.2918341794966871,0.19933133960478625
2016-12-20,16.07462729438289,16.20217827246724,15.99171779015322,16.07143783569336,8542614,0.0,6.947,3102.8759765625,-0.004877668365530052,0.2914765455679368,0.19911239382130833
2016-12-21,16.19580426084274,16.326542897855475,16.109707106177368,16.183048248291016,8201775,0.00694464389177285,6.939,3137.429931640625,0.011136105773845717,0.27669735812112206,0.19894393682784314
2016-12-22,16.21493483666889,16.45409315682841,16.042740554212724,16.38393783569336,14036475,0.012413581441528487,6.9473,3139.55810546875,0.0006783175638960248,0.2806213715668937,0.20040005963358606
2016-12-23,16.403067710037202,16.406257168207826,15.97896100498535,16.00128173828125,12368400,-0.023355563311432403,6.9432,3110.154052734375,-0.009365666041713516,0.2893365393766673,0.2053207098986232
2016-12-26,15.832280020783372,16.017230313287303,15.69197485280206,15.991718292236328,11472168,-0.0005976674994755404,6.9432,3122.569091796875,0.003991776243876144,0.28788870646553466,0.19815201449237443
2016-12-27,15.991716974549794,15.998095891603514,15.76850414276123,15.76850414276123,12583653,-0.013958109153502485,6.9491,3114.6640625,-0.0025315786663109296,0.28936282968290244,0.19973985943278977
2016-12-28,15.78763472914271,15.92475224566893,15.685593956344864,15.720670700073242,8154201,-0.003033480046992776,6.9559,3102.236083984375,-0.003990150547937277,0.2894632473456211,0.19975775949512237
2016-12-29,15.73023721788225,15.892864927269656,15.634573537425021,15.736616134643555,9632118,0.0010142973461200189,6.9535,3096.096923828125,-0.001978946795166303,0.28984974273242187,0.1998336983244184
2016-12-30,15.800390722885622,15.876921302410512,15.752557970286977,15.84184455871582,6266019,0.006686852063488402,6.943,3103.636962890625,0.0024353368928700103,0.2922013025022163,0.19979824714062336
2017-01-03,15.816336001717296,16.007663382638526,15.80995890892209,15.889678955078125,11401473,0.0030194966365824083,6.9575,3135.9208984375,0.010401969023080104,0.2874064042494493,0.1940161587593162
2017-01-04,15.91200247850963,16.25639109462007,15.851415524763036,16.198991775512695,22860504,0.019466272497325576,6.9322,3158.7939453125,0.007293885150737367,0.29690966337966923,0.1941456926305081
2017-01-05,16.20217706539782,16.214933074572485,16.06505954609332,16.081003189086914,11975178,-0.007283699384559195,6.887,3165.410888671875,0.0020947689130512703,0.297568238976114,0.19427302005024039
2017-01-06,16.08419421766331,16.135214610076574,15.880112648010254,15.880112648010254,12646080,-0.012492413484066156,6.9176,3154.321044921875,-0.0035034452524591586,0.29968804534553395,0.19542302966918268
2017-01-09,15.896055604167435,15.98215274071545,15.851412306580857,15.915186882019043,9661419,0.0022086892446058215,6.935,3171.236083984375,0.0053624976093449295,0.29997760317316235,0.19560534458637743
2017-01-10,15.93432094555858,15.95983114219908,15.752560110257573,15.832280158996582,8883426,-0.005209283663274444,6.918,3161.6708984375,-0.0030162325647030697,0.22519751200508364,0.1952528526180435
2017-01-11,15.832279462767758,15.883299853805122,15.739805232091674,15.762125968933105,7193553,-0.004431085690686953,6.9365,3136.75390625,-0.007880956933188132,0.21644147529676558,0.19367639441359566
2017-01-12,15.768506699870056,15.864168575592634,15.602689497610942,15.612256050109863,10649469,-0.009508229988685168,6.889,3119.2890625,-0.005567808081852088,0.20134501320364576,0.19414141828922094
2017-01-13,15.609063846532354,15.73661664100156,15.561232917081153,15.596309661865234,9614925,-0.0010214019161257637,6.8985,3112.763916015625,-0.002091869766999155,0.19923050817264243,0.194139754002335
2017-01-16,15.596311161668837,15.672841750930047,14.827815810266735,15.229601860046387,13426122,-0.023512472486712066,6.8985,3103.427978515625,-0.0029992436792155575,0.17307816170502183,0.19885131732097236
2017-01-17,15.29975289490706,15.446436053314061,15.178579018020997,15.369905471801758,8338251,0.009212559398775078,6.852,3108.77490234375,0.0017229089462171832,0.17395646270340662,0.19915103108232624
2017-01-18,15.452814829372894,15.452814829372894,15.312507852229615,15.341207504272461,6660567,-0.0018671531573143385,6.836,3113.011962890625,0.0013629357801623332,0.17377344122214067,0.19913685474522558
2017-01-19,15.357151519183747,15.401794815231883,15.306131130738166,15.338018417358398,5243304,-0.00020787717741088674,6.868,3101.299072265625,-0.0037625588223322293,0.17057086835742694,0.19904099439985187
2017-01-20,15.322076411089302,15.5293474455321,15.322076411089302,15.491081237792969,7438914,0.009979308687056099,6.868,3123.138916015625,0.007042159830797923,0.16792304480421025,0.20054020215108048
2017-01-23,15.551669337732319,15.701542896321929,15.551669337732319,15.580368995666504,7119930,0.005763817031422036,6.8514,3136.77490234375,0.004366115851651253,0.15153088031699521,0.20107134032983856
2017-01-24,15.669651662528352,15.669651662528352,15.46238246533645,15.51340103149414,7688442,-0.00429822709532679,6.8555,3142.552978515625,0.0018420436122330575,0.15187604309162012,0.20111801800164786
2017-01-25,15.516589991225796,15.679217709721348,15.449625958545225,15.593120574951172,9001062,0.005138753474830615,6.8812,3149.554931640625,0.0022281098116307962,0.14607245340805133,0.2012918790697221
2017-01-26,15.711105254721472,15.711105254721472,15.484702958387635,15.522967338562012,11587950,-0.004498986335156996,6.8768,3159.166015625,0.003051568933699622,0.14649908212566956,0.2012069581711004
2017-02-03,15.529347206171996,15.554857402727148,15.404983857569896,15.417739868164062,8764953,-0.006778824441416198,6.865,3140.169921875,-0.006013009020749971,0.1479700891210204,0.20105555520856783
2017-02-06,15.433683968675739,15.573990966188811,15.433683968675739,15.519781112670898,10664970,0.006618430806290876,6.86,3156.98388671875,0.005354476115009277,0.14792325079095878,0.2008991429474828
2017-02-07,15.564425072514021,15.905622379393483,15.561235613478082,15.733429908752441,24471921,0.013766224828203999,6.8821,3153.087890625,-0.0012340880516179542,0.15645475026097422,0.20323851163084566
2017-02-08,15.733426107845421,16.198986659789174,15.516588561618475,16.103322982788086,22356702,0.023510008700002194,6.87,3166.98193359375,0.00440648768785068,0.16376877253809752,0.2095786949369945
2017-02-09,16.087381249609688,16.090570708253562,15.908809882847557,15.937509536743164,21380688,-0.010296846571490215,6.866,3183.178955078125,0.005114339716487004,0.1658226358652873,0.20962053059135122
2017-02-10,15.982152613157865,16.007662808056153,15.787635780504495,15.825901985168457,14501697,-0.007002822575095657,6.8775,3196.698974609375,0.004247332532053116,0.1616026876137887,0.2095557889588302
2017-02-13,15.825902704372432,16.00128461803094,15.727051378886696,15.857789993286133,15057231,0.0020149251617733732,6.8776,3216.839111328125,0.006300291919482781,0.1615670866715918,0.20965008403084243
2017-02-14,15.880111611022876,15.937509092581395,15.752558813685884,15.797202110290527,12738498,-0.0038207015618983986,6.8649,3217.927978515625,0.00033848978758865833,0.16106266448982193,0.20908612716435018
2017-02-15,15.816336558953983,15.908810793958455,15.48470400168858,15.54529094696045,22232604,-0.0159465683588349,6.8685,3212.986083984375,-0.0015357380787401897,0.17013702734947517,0.2109650409840104
2017-02-16,15.612253677040776,15.739804649916401,15.513400532666516,15.593120574951172,11078643,0.003076792075099366,6.8517,3229.617919921875,0.005176441946139754,0.16727515950511354,0.2110350111334831
2017-02-17,15.596311356451439,15.688785591551166,15.45919382090016,15.48470401763916,11423514,-0.006952845441737465,6.864,3202.075927734375,-0.00852794134489021,0.1690669495808906,0.21122288108568082
2017-02-20,15.491079797130821,15.714294455828345,15.491079797130821,15.67602825164795,10990002,0.012355692029427656,6.864,3239.9609375,0.01183139020455104,0.15070904005349767,0.212846396403777
2017-02-21,15.73023897469764,16.02679477506593,15.72705134059392,15.956643104553223,32203257,0.017900889715210422,6.881,3253.325927734375,0.00412504671883096,0.15951351451334317,0.21661190382690357
2017-02-22,16.00447202882019,16.014038579196782,15.867354514477249,15.934318542480469,14573877,-0.0013990763550000285,6.8765,3261.218017578125,0.002425852810033824,0.15937460830412417,0.21651951561941596
2017-02-23,15.975777732711508,16.07143960835131,15.870547479947744,16.042741775512695,17400009,0.0068043846834850985,6.8622,3251.375,-0.0030182028693177543,0.16005989466709106,0.21109880577014478
2017-02-24,16.017231359632788,16.039552098719053,15.912001108297625,16.014041900634766,10440750,-0.0017889632133665234,6.8645,3253.43310546875,0.000632995415401183,0.158006030094101,0.20936506541670147
2017-02-27,16.109703563683762,16.428580087121443,16.004473325647474,16.029983520507812,30476955,0.0009954775922258463,6.8675,3228.659912109375,-0.007614477555334842,0.1572877134670415,0.20926912519811797
2017-02-28,16.02998520067134,16.20855658341044,15.899246578704568,15.978964805603027,14760936,-0.003182705387033913,6.8665,3241.73291015625,0.004049047717241239,0.156794201787463,0.20895541433592926
2017-03-01,15.972587349856923,16.100138334632756,15.915188038232888,16.004474639892578,15015804,0.0015964635131184846,6.8794,3246.93408203125,0.001604441827611769,0.15621467294673563,0.20905022194562228
2017-03-02,16.05549266737178,16.10332359537543,15.860977672337498,15.864165306091309,13979445,-0.008766881572703222,6.8868,3230.028076171875,-0.005206759802403704,0.1590425743142775,0.2094952005753544
2017-03-03,15.864167021535762,16.29146508455169,15.841846284313702,16.265953063964844,34612620,0.025326750580395352,6.8954,3218.31201171875,-0.0036272330075255432,0.17760162262334392,0.21661940823788203
2017-03-06,16.45090590068402,16.45090590068402,16.12883985497268,16.230878829956055,22709388,-0.002156297505031657,6.8955,3233.865966796875,0.004832954362873787,0.17779155298581256,0.2158522366119595
2017-03-07,16.227691039138282,16.35205257823648,16.160726993113606,16.262767791748047,14701425,0.001964709497623618,6.9,3242.406005859375,0.0026408141679905572,0.17255645916831183,0.2123638676329987
2017-03-08,16.278708341757792,16.377561487025957,16.198988298752244,16.21174430847168,15607215,-0.0031374415431459912,6.9113,3240.6650390625,-0.0005369367049434803,0.1526906743107005,0.21148779992799197
2017-03-09,16.198990500577406,16.208557053009034,15.975777634161487,15.998098373413086,14156583,-0.013178466856706428,6.9086,3216.74609375,-0.007380875537639553,0.1556763839695575,0.21304330476555658
2017-03-10,15.982153901794263,16.128837990444772,15.915188038232888,16.004474639892578,15595155,0.00039856402496485366,6.905,3212.760009765625,-0.001239166495645927,0.15331120602078627,0.2130341739579843
2017-03-13,15.93751038855272,15.93751038855272,15.647331673975986,15.892867088317871,19495317,-0.006973521723513176,6.905,3237.02392578125,0.007552358701512496,0.1555191125812176,0.21321770475849214
2017-03-14,15.90562163750824,16.010851885186167,15.819526318520117,15.86735725402832,12686979,-0.0016051121643307908,6.913,3239.327880859375,0.0007117510191305687,0.15496561008832796,0.18007132573312312
2017-03-15,15.911999848515707,15.911999848515707,15.625008774314132,15.774882316589355,11345706,-0.005827998699373116,6.9132,3241.760009765625,0.0007508128215798493,0.14475029860121733,0.1768692747190823
2017-03-16,15.864167787147128,15.994908231956865,15.845036507733425,15.950264930725098,14798304,0.011117839779464012,6.913,3268.93505859375,0.008382807100544731,0.1491939845786536,0.17122485083429667
2017-03-17,15.991715300637905,16.033170958615674,15.77806904216004,15.781256675720215,17321190,-0.010595952840841028,6.9,3237.447021484375,-0.009632506166372345,0.1523531896150753,0.17197416976978736
2017-03-20,15.768505975703059,15.768505975703059,15.618632426280636,15.685596466064453,15851052,-0.006061634483325862,6.905,3250.80810546875,0.004127043283089549,0.14810108263267882,0.15832421581256095
2017-03-21,15.688783414732152,15.749370351659989,15.644140120474859,15.720670700073242,11645862,0.002236079073223207,6.883,3261.611083984375,0.0033231670911153532,0.1327297181993959,0.15603867817315456
2017-03-22,15.68878426076615,15.698350811810952,15.561233287890527,15.593120574951172,11713521,-0.008113529476924675,6.8785,3245.219970703125,-0.005025465286691011,0.1353058214439674,0.15685137605610597
2017-03-23,15.602686967391957,15.870544920024468,15.602686967391957,15.76850414276123,16746330,0.01124749641786238,6.8843,3248.550048828125,0.0010261486602027858,0.13957726488561217,0.15796239855477875
2017-03-24,15.88649001109509,15.892867104096917,15.746183017255746,15.832280158996582,12429213,0.004044519103267641,6.8803,3269.445068359375,0.006432106391215164,0.14057546013761046,0.1559852143626501
2017-03-27,15.880111121127287,16.02360573291335,15.79082453067246,15.81633472442627,11012979,-0.0010071470697953222,6.8687,3266.955078125,-0.000761594148949718,0.14046624243297245,0.14856044696347206
2017-03-28,15.857790802501814,15.94070031239468,15.822715877686775,15.91200065612793,11735430,0.006048552548266306,6.8779,3252.947998046875,-0.004287503116254698,0.1420574303518278,0.14909848846801482
2017-03-29,15.628199469745848,15.720673709718513,15.46557172888589,15.561235427856445,25744308,-0.0220440682382953,6.8879,3241.31396484375,-0.003576458403303784,0.16159530975267097,0.15318725131361
2017-03-30,15.551666347916205,15.554855806395722,15.204090183601744,15.248732566833496,20339367,-0.020082136953183838,6.887,3210.237060546875,-0.009587748867880164,0.1730642179998945,0.15844058543516268
2017-03-31,15.248734045715109,15.398606677710186,15.242356952770598,15.312509536743164,13795317,0.004182443991993523,6.8832,3222.513916015625,0.0038242831408401567,0.14248618944855498,0.15869923174912579
2017-04-05,15.507024254268671,15.83865680115534,15.507024254268671,15.752559661865234,22800195,0.028737949456693945,6.892,3270.304931640625,0.014830351976909295,0.18166216537983043,0.1690082765086052
2017-04-06,15.7685048521255,15.934320210321141,15.628197864760166,15.778071403503418,15391656,0.0016195299167756083,6.8955,3281.0048828125,0.0032718512174052528,0.18158066559222352,0.16892441205535125
2017-04-07,15.784447438392252,15.883298754950898,15.752558327725252,15.81633472442627,13057191,0.0024250949272770495,6.8978,3286.615966796875,0.0017101723968069305,0.1819680545389699,0.16404992970722035
2017-04-10,15.822715431810437,15.982153704655262,15.717485186430928,15.832280158996582,13009809,0.0010081624376403475,6.8988,3269.39306640625,-0.005240314221259701,0.1764364840322879,0.16343113572303156
2017-04-11,15.896057575185365,17.356517794331896,15.8801139293489,16.903711318969727,78681480,0.06767383783088943,6.8893,3288.966064453125,0.005986737492041483,0.2994881084102632,0.2128119602387461
2017-04-12,16.833555211300823,17.053580409191582,16.591207452988495,16.894142150878906,34624383,-0.0005660986460459538,6.889,3273.830078125,-0.004602050015569792,0.2975432846322428,0.2128277707598503
2017-04-13,16.74108135429097,16.894142523559555,16.5752641752668,16.72513771057129,17730834,-0.010003730215968676,6.8865,3275.9599609375,0.0006505783017669575,0.3008257814380612,0.2136583091411747
2017-04-14,16.721948668083854,16.73470467815686,16.358428838183386,16.374372482299805,20612973,-0.020972337229234306,6.8835,3244.48291015625,-0.009608496793789278,0.3112118742773249,0.2180980872367035
2017-04-17,16.272332322609884,16.485980446280834,16.173479170820926,16.38393783569336,13866222,0.0005841661049237334,6.88,3222.1669921875,-0.006878112348471355,0.3093795476737025,0.21705346587242144
2017-04-18,16.57845738438154,16.725141494272975,16.428583815171393,16.4540958404541,20255229,0.004282121030018793,6.8778,3196.712890625,-0.007899684164171639,0.30614356375093765,0.21712561774182756
2017-04-19,16.44771146884017,16.607151538513147,16.055492035813185,16.345670700073242,20546523,-0.006589553229311096,6.886,3170.68701171875,-0.008141450232385883,0.3063396068427951,0.21167245370105556
2017-04-20,16.35842753467806,16.565696716308594,16.071436489551765,16.565696716308594,17582421,0.01346081297443269,6.88,3172.10009765625,0.00044567184722965614,0.30892011850959084,0.21253103587571523
2017-04-21,16.568891152801974,16.811238975992424,16.501927102876593,16.572080612182617,20005641,0.00038536839007430324,6.8845,3173.15087890625,0.00033125727992522336,0.3064018266569372,0.2124361501678373
2017-04-24,16.568887035752983,16.737891848262326,16.183044655077747,16.21174430847168,17621475,-0.021743576569742462,6.884,3129.531005859375,-0.01374654868661973,0.3171316311764556,0.21764176188485737
2017-04-25,16.262766239212606,16.409450329404677,16.154346532538813,16.32016372680664,13010784,0.006687708384242486,6.8824,3134.56689453125,0.001609151231429351,0.3175434544031722,0.21716668770784703
2017-04-26,16.377560611675097,16.89095211430647,16.320161307955125,16.74745750427246,27157626,0.026181954091794468,6.8918,3140.846923828125,0.0020034759212927966,0.32892666780294066,0.22304771672280957
2017-04-27,16.73151591564315,16.73151591564315,16.425393556751313,16.610342025756836,17846853,-0.008187241465198225,6.8958,3152.18701171875,0.0036105191260971115,0.3310878033824818,0.22360632227670516
2017-04-28,16.578453668717685,16.772968676992985,16.262764778358402,16.543376922607422,18596565,-0.004031530659969196,6.89,3154.657958984375,0.0007838834613678181,0.3194536253177997,0.2237122976864708
2017-05-02,16.310595699635964,16.37437209924279,15.79720234271171,15.848222732543945,32787933,-0.04202009017357944,6.8949,3143.7119140625,-0.0034698040371384797,0.3488466012626225,0.24031024540616405
2017-05-03,15.784450117243315,15.816337408689071,15.475138281246274,15.561235427856445,20759583,-0.01810848506679419,6.8968,3135.345947265625,-0.002661174759510332,0.35602855501173775,0.2428753359669367
2017-05-04,15.567610391274366,15.711105007780768,15.491079807495415,15.532533645629883,11423295,-0.0018444411023550433,6.8959,3127.368896484375,-0.0025442330496916465,0.34069375639584343,0.24254928050885888
2017-05-05,15.529345659281137,15.609063875179448,15.401794689210838,15.414548873901367,9690150,-0.007595977219190586,6.9021,3103.0380859375,-0.0077799617992704295,0.3415071380222713,0.2413666888035597
2017-05-08,15.414548866736174,15.688783908418094,15.414548866736174,15.558043479919434,10474245,0.009309037013792931,6.904,3078.613037109375,-0.007871333883659237,0.3432787421854586,0.2371183511672369
2017-05-09,15.558044547298044,15.672841340500227,15.436870661316053,15.625008583068848,7447983,0.004304211081286979,6.906,3080.527099609375,0.0006217288359817719,0.343683252891491,0.23641972540664183
2017-05-10,15.653708511724403,15.685595800815122,15.306132316589355,15.306132316589355,11730990,-0.02040806984419996,6.9011,3052.784912109375,-0.009005662538569381,0.23817603097998274,0.23963616104743105
2017-05-11,15.306130544959395,15.338017830359274,14.850134700282739,15.251920700073242,18636390,-0.0035418233290298584,6.9033,3061.5,0.002854799188785062,0.23770093502430312,0.23966304586047238
2017-05-12,15.255110768255951,15.341208819449045,15.146692892299004,15.315698623657227,8988438,0.004181632257219681,6.8972,3083.512939453125,0.007190246432508651,0.23906387915925847,0.23975602243654376
2017-05-15,15.382662853558848,15.459193441899613,15.27743352266944,15.28381061553955,5706543,-0.0020820472445455263,6.89,3090.22900390625,0.002178056192725375,0.23083556356278784,0.23759125729062394
2017-05-16,15.280621638906842,15.57717743229918,15.143504110577453,15.51340103149414,9332001,0.01502180455711466,6.884,3112.964111328125,0.007357094698527522,0.2396119223397833,0.23954240996962223
2017-05-17,15.513403127153406,15.800394232595206,15.487894752945262,15.580368995666504,12732495,0.0043167816029772155,6.8773,3104.44189453125,-0.002737653404310869,0.2396251897282785,0.23925344122558195
2017-05-18,15.465569973745223,15.666462076614794,15.411361949366004,15.424116134643555,6217716,-0.01002882929578941,6.888,3090.138916015625,-0.0046072624328453715,0.24069038167339254,0.23879869026491946
2017-05-19,15.449626688483578,15.542100920108345,15.369906642432442,15.481513977050781,7008975,0.0037213051241431483,6.883,3090.631103515625,0.00015927682003202825,0.23437013278500016,0.23596949258892877
2017-05-22,15.481512788767755,15.580365930224996,15.283809242802757,15.430492401123047,7411506,-0.003295645116063395,6.8828,3075.676025390625,-0.004838842820156897,0.2339717114116989,0.2360359175111808
2017-05-23,15.430492509908424,15.596309683239237,15.130747274224303,15.558043479919434,13641900,0.008266170351576285,6.888,3061.947021484375,-0.00446373538464806,0.22701116004313643,0.23624614265289348
2017-05-24,15.497460844964937,15.609066365025077,15.306133447023822,15.561235427856445,9873378,0.00020516383960056395,6.8883,3064.075927734375,0.0006952786037976999,0.22489312511681467,0.2362315431482317
2017-05-25,15.561234591826752,15.586744788539475,15.369907204164729,15.54529094696045,10137102,-0.0010246282160510933,6.8672,3107.8310546875,0.014280040046356968,0.1983970559135367,0.23621793359215792
2017-05-26,15.577177129874695,15.70791756297524,15.548477476374654,15.660086631774902,12209742,0.007384595451196629,6.8525,3110.05908203125,0.0007169074845267964,0.20134360918389987,0.2366792872617799
2017-05-31,15.74618263322846,15.943887108528896,15.720672437210117,15.896056175231934,16725882,0.015068214436198657,6.8098,3117.177978515625,0.002288990754389708,0.21105443917949576,0.2387242823250654
2017-06-01,15.89605513641497,15.966208627039125,15.628197183410489,15.73023796081543,11592144,-0.010431405915315661,6.8029,3102.623046875,-0.004669265515456988,0.15331701943541431,0.23900947270307107
2017-06-02,15.749373317522807,15.848224650548676,15.561235379168233,15.7653169631958,7582608,0.0022300363457790073,6.8085,3105.5400390625,0.0009401697026771849,0.13829711955402096,0.2331585917410554
2017-06-05,15.787634805494736,16.007661819458008,15.787634805494736,16.007661819458008,15268479,0.01537202561978046,6.803,3091.656005859375,-0.0044707307033517996,0.147324024993409,0.2353566917687007
2017-06-06,16.00766220036379,16.039549486617858,15.848222119827454,15.943885803222656,8087364,-0.003984093177045289,6.7945,3102.1259765625,0.003386525112522909,0.14488823233040585,0.2354469491148969
2017-06-07,15.963017837868312,16.1256455413803,15.911997453418781,16.103322982788086,13908060,0.009999894726616887,6.7935,3140.324951171875,0.012313805080122364,0.14538748454307063,0.23629024154740166
2017-06-08,16.10970189931893,16.13840154980912,15.982150938195105,16.103322982788086,8242113,0.0,6.799,3150.333984375,0.003187260350044241,0.1451926171600478,0.2346899901188705
2017-06-09,16.135213043868994,16.192610523604184,15.931131494025658,16.020416259765625,11604690,-0.005148423285745163,6.797,3158.39990234375,0.002560337414621916,0.12299285060045777,0.23494669402455592
2017-06-12,15.943884737541518,16.22449685201394,15.851410518805853,16.103322982788086,16566633,0.005175066719750321,6.7974,3139.876953125,-0.005864662421311673,0.12137210213641915,0.2346984212888207
2017-06-13,16.074627337594812,16.73789242541644,16.06506078613363,16.52424430847168,25341051,0.02613878676677439,6.7981,3153.742919921875,0.00441608604537036,0.14710956993997729,0.24053819061791637
2017-06-14,16.524247523764373,16.846315403515185,16.447716921816685,16.4540958404541,27320985,-0.004245184633442811,6.7888,3130.674072265625,-0.007314752103136368,0.148459728815084,0.24037406068274195
2017-06-15,16.485980987548828,16.56888867270042,16.37437364616788,16.485980987548828,11848740,0.0019378243206980006,6.8061,3132.486083984375,0.0005787928340426074,0.1424103419437386,0.2394277414045697
2017-06-16,16.533807501967896,16.61352753153145,16.26276195593767,16.278705596923828,15347790,-0.012572827227057104,6.8097,3123.166015625,-0.0029752944177553475,0.15271593638551492,0.2398586277365003
2017-06-19,16.2627661217785,16.460470604989464,16.221312279669192,16.33610725402832,10895424,0.0035261806758972725,6.818,3144.3740234375,0.0067905477026830585,0.1456928242685856,0.2395210215966313
2017-06-20,16.390318579786,16.521059035596767,16.119272939969417,16.12883949279785,14991681,-0.01268770815515785,6.8285,3140.013916015625,-0.0013866376548641313,0.15578370230099775,0.2410833016154743
2017-06-21,16.18623541157658,16.348863144583213,16.10970482102247,16.246822357177734,16142559,0.00731502501668313,6.8275,3156.2119140625,0.005158575242057761,0.15546604202584882,0.2407913902942233
2017-06-22,16.240442999743124,16.342483784385617,16.18623497329752,16.189422607421875,16580907,-0.0035329831578112536,6.8275,3147.452880859375,-0.0027751727202153242,0.15543046754556764,0.2399552108664795
2017-06-23,16.167101139530416,16.224498622140104,15.991717408454882,16.13521385192871,13788861,-0.0033484057342670903,6.8345,3157.873046875,0.0033106662466635406,0.15649392240566315,0.23997371227604958
2017-06-26,16.116081785024388,16.505111827734247,16.116081785024388,16.42858123779297,20270340,0.01818180958470461,6.8382,3185.444091796875,0.008730890859959928,0.16634119062994512,0.24269074485486983
2017-06-27,16.45409528914019,16.575267369688905,16.32016537174411,16.412639617919922,13884651,-0.0009703588911484928,6.81,3191.197021484375,0.0018060055432504996,0.16594295770220474,0.24246202122356075
2017-06-28,16.301034547168562,16.31697636977425,16.09057402449142,16.122461318969727,14116572,-0.01768017245887543,6.7984,3173.200927734375,-0.005639292600501777,0.17333850841946047,0.24087875509587828
2017-06-29,16.151159662684464,16.198990600504363,16.020419211490086,16.042741775512695,12360456,-0.0049446261262374724,6.784,3188.06298828125,0.004683617862637712,0.1696943410312592,0.23727051796617704
2017-06-30,16.01085186799477,16.0299849720308,15.781260093462091,15.92794418334961,16954911,-0.007155733961778932,6.7793,3192.427001953125,0.001368860555113427,0.172073761108371,0.2377490773010076
2017-07-03,15.864166468920544,16.03317310778061,15.860978834933084,15.953453063964844,7684602,0.0016015174539536492,6.7984,3195.912109375,0.0010916795966651183,0.163068528831311,0.23050654220715389
2017-07-04,15.972584388031708,16.28827324489229,15.969394929766285,16.103322982788086,14840835,0.009394199376294488,6.7984,3182.803955078125,-0.00410153779211353,0.16575614808942615,0.23124416752093405
2017-07-05,16.106515596982657,16.409450329404677,16.106515596982657,16.32016372680664,15594552,0.013465589943784995,6.7995,3207.134033203125,0.007644227689921568,0.16880539913933526,0.2327503518013962
2017-07-06,16.259576779397623,16.431771066803165,16.109705054956937,16.214935302734375,17268180,-0.006447755416780665,6.799,3212.444091796875,0.0016557021124703475,0.17071221049722876,0.2331993705886179
2017-07-07,16.192610389798478,16.230874767761417,16.05230523775707,16.157533645629883,9877368,-0.0035400484820197198,6.8039,3217.95703125,0.0017161199683450867,0.17011328614251162,0.1865997878622256
2017-07-10,16.15434626026271,16.15434626026271,15.94707705171292,15.959831237792969,11417100,-0.012235927349616649,6.8026,3212.632080078125,-0.001654761427876017,0.17489982682502736,0.18809495649299515
2017-07-11,15.950265022388438,16.10332620637706,15.943887929213888,15.972587585449219,7953831,0.000799278354901567,6.801,3203.0380859375,-0.002986334538622848,0.14439035653937352,0.18715704316772325
2017-07-12,16.068249005809733,16.071438464624077,15.755749553432171,15.892867088317871,13301772,-0.00499108217155575,6.7865,3197.5439453125,-0.0017152904453809903,0.1445918204158314,0.18257240069775318
2017-07-13,15.880110254368072,15.975773931881644,15.835466961577351,15.899243354797363,7466367,0.00040120303303736726,6.7825,3218.1630859375,0.006448430726097465,0.1441821647624362,0.1825684361490932
2017-07-14,15.991718596320137,16.2372558380644,15.905621453693772,16.125648498535156,14063514,0.014239994865508976,6.7741,3222.4169921875,0.001321842969546294,0.1488769053534036,0.18479438321637254
2017-07-17,16.125647771262894,16.147968508308786,15.596310753243147,15.625008583068848,18430050,-0.031046188034657085,6.769,3176.465087890625,-0.014260073853967992,0.18329179749520927,0.19488856745675767
2017-07-18,15.685596812622041,15.800393615240075,15.522969073282573,15.615445137023926,8229141,-0.0006120602106602924,6.7451,3187.56689453125,0.003495019253618503,0.17905498448298543,0.19264940756484647
2017-07-19,15.653707460844615,15.845034831810871,15.618630715346367,15.81314754486084,9812496,0.012660696259510829,6.7511,3230.97607421875,0.013618280376162417,0.18351722908469545,0.19463460537484673
2017-07-20,15.81952676995933,16.036362540010877,15.806770758679853,15.969398498535156,10775661,0.00988107859178844,6.757,3244.864990234375,0.004298674981362494,0.1874752687849252,0.19078787797961105
2017-07-21,15.978965716566218,16.240444800039977,15.854604180734801,16.100139617919922,17191146,0.008186978325874783,6.7663,3237.98193359375,-0.0021212151079752495,0.18970481601343606,0.19104294494022617
2017-07-24,16.106516059530147,16.198990299041,15.730240183522806,15.908811569213867,17075769,-0.011883626679429549,6.7488,3250.59912109375,0.0038966207220298976,0.18123086040645012,0.1844431951844792
2017-07-25,15.947077928146086,15.95983211492709,15.72067377876691,15.749373435974121,11544828,-0.010022001489305765,6.7495,3243.68896484375,-0.002125810040727205,0.18368252859379444,0.1847955213243772
2017-07-26,15.870545081351306,15.870545081351306,15.503835806254756,15.593120574951172,15623901,-0.009921211256953444,6.753,3247.675048828125,0.0012288736767234187,0.1768327894384659,0.18562508941472639
2017-07-27,15.625006528540004,15.720670206190839,15.586742152259403,15.656895637512207,11377455,0.0040899486574537125,6.741,3249.781005859375,0.0006484506607302709,0.17747893630462097,0.16491416865089492
2017-07-28,15.65689788786974,15.797203053908447,15.653708429124235,15.774882316589355,8990865,0.007535764548015855,6.7362,3253.239990234375,0.0010643746051697267,0.17855108334945533,0.16132117661558623
2017-07-31,15.819525422234577,15.838656700574003,15.577177650270595,15.625008583068848,15567630,-0.009500782986057277,6.724,3273.028076171875,0.00608257798284173,0.1812114591321143,0.16251014808595302
2017-08-01,15.625007142321941,15.72067082373064,15.59949694892182,15.644140243530273,13495734,0.0012244255969342532,6.717,3292.637939453125,0.00599135199114631,0.17728771502135376,0.16171774260560423
2017-08-02,15.660089222019028,15.682409962011182,15.449628710807144,15.465572357177734,15730635,-0.011414362411279688,6.72,3285.056884765625,-0.0023024258442333467,0.17154874266569076,0.16236095435290973
2017-08-03,15.47832727012383,15.573990966188811,15.436871602943521,15.519781112670898,15295647,0.003505124430005724,6.715,3272.928955078125,-0.003691847694858197,0.17224729258833865,0.16227770579656509
2017-08-04,15.583149480087679,15.611954483025947,15.49033580128328,15.525541305541992,8019111,0.0003711516824416172,6.7272,3262.0810546875,-0.003314431978058696,0.1723827369624965,0.15663926412576054
2017-08-07,15.541541729559395,15.698365897953114,15.541541729559395,15.653558731079102,9139269,0.008245601426561056,6.7207,3279.45703125,0.00532665383575659,0.17148116442511963,0.1572706994825677
2017-08-08,15.653560768084898,15.826387126138464,15.576749256875633,15.7495756149292,12035610,0.006133869332822117,6.7049,3281.873046875,0.0007367120843413399,0.17322409759606613,0.15751756834205985
2017-08-09,15.730371792101003,15.8071833009313,15.65035911698705,15.723969459533691,8967672,-0.001625831452324089,6.672,3275.572998046875,-0.0019196503759107975,0.17251488688503036,0.15748822395672132
2017-08-10,15.727169587999969,15.762375089473705,15.522338911302377,15.595951080322266,8689830,-0.008141606961326597,6.646,3261.7490234375,-0.0042203225565780045,0.17459039020274084,0.15552135414230148
2017-08-11,15.55114506551044,15.55114506551044,15.256700945916458,15.314309120178223,17777196,-0.018058658859182786,6.6612,3208.541015625,-0.016312722845985617,0.17507361326754198,0.1596574304527843
2017-08-14,15.362315220643053,15.455128891003787,15.32710971958714,15.426323890686035,8205915,0.007314386148848273,6.6695,3237.360107421875,0.008981992642927539,0.14200151143211448,0.1590696499304813
2017-08-15,15.458331933315208,15.483933939375333,15.317509911999082,15.362317085266113,9615141,-0.004149193668788964,6.6845,3251.261962890625,0.004294194963630815,0.14255896108815685,0.1591119491839391
2017-08-16,15.3655163060689,15.46473231980299,15.23429686933224,15.445528984069824,9471762,0.00541662422028244,6.69,3246.450927734375,-0.0014797439305606064,0.13565331817398402,0.15936134968747376
2017-08-17,15.4583307154199,15.487133885633716,15.375116876956929,15.464731216430664,7872096,0.0012432227074026247,6.673,3268.429931640625,0.006770163601883983,0.12967858176521524,0.1584652416109612
2017-08-18,15.455129515267547,15.58634985801887,15.378318009314988,15.538341522216797,9502296,0.004759882648844638,6.67,3268.72412109375,9.000941102543791e-05,0.12679630807220166,0.15877133911329605
2017-08-21,15.52234064207142,15.707969837024631,15.515940140543629,15.573548316955566,10160487,0.0022658013204581717,6.663,3286.906005859375,0.0055623797212782655,0.12163109712717018,0.15882164870855403
2017-08-22,15.618355325054829,15.669562999397149,15.400723624765412,15.413524627685547,11314608,-0.01027535189882156,6.66,3290.22607421875,0.00101008923086221,0.12188240193400302,0.15947464899520455
2017-08-23,15.426325013864838,15.50633768857491,15.365515674098114,15.448729515075684,6333639,0.002284025765716402,6.6569,3287.705078125,-0.0007662075604785157,0.11772793562398566,0.15636361066601426
2017-08-24,15.46153126840727,15.487135105798302,15.333512997117566,15.362317085266113,10178016,-0.0055934974928031345,6.66,3271.511962890625,-0.0049253551792456385,0.11780524665171756,0.1553527014034145
2017-08-25,15.5255395159955,15.679162517963928,15.391119847105788,15.579946517944336,16021776,0.014166445821311102,6.6465,3331.52197265625,0.01834320352373142,0.12617382064953872,0.15810015382363554
2017-08-28,15.618353635570491,15.867991478817949,15.589548635119776,15.794381141662598,19231923,0.013763501913904852,6.6084,3362.65087890625,0.009343749345042118,0.13130572815993366,0.1574587792613512
2017-08-29,15.68236485187775,15.68236485187775,15.403923794306484,15.496737480163574,22356327,-0.01884490812456685,6.5945,3365.22607421875,0.0007658229787261828,0.14821859521304342,0.16187758512335398
2017-08-30,15.458329857507758,15.506336359420345,15.359113856358825,15.487133026123047,11336727,-0.0006197726491025124,6.5918,3363.626953125,-0.0004751897966086549,0.14245054381710412,0.16041353971375086
2017-08-31,15.461531189869223,15.576749373209058,15.458331854793412,15.51914119720459,8794317,0.0020667589687228816,6.5888,3360.81005859375,-0.0008374574738833074,0.1420866333007175,0.16050243823175112
2017-09-01,15.51914108544432,15.554346590340991,15.397522401497795,15.455130577087402,10050192,-0.004124623863124399,6.5552,3367.118896484375,0.001877177757931614,0.14284021904954503,0.16039124831465046
2017-09-04,15.496735874897883,15.679163892476922,15.493534708660588,15.605551719665527,14799507,0.009732764264129168,6.5552,3379.8359375,0.0037768315900288396,0.14409690497011518,0.16135497003989382
2017-09-05,15.615155945895268,15.659963123905936,15.576751101408338,15.643960952758789,9699450,0.002461254416584291,6.5345,3384.31689453125,0.0013257912851722953,0.1425663520924025,0.15168268523480458
2017-09-06,15.69836711460375,16.28405417000132,15.695165948389423,16.098426818847656,38610234,0.029050562543671,6.5221,3385.388916015625,0.00031676155566495723,0.17635683964112908,0.16341028299688004
2017-09-07,16.005613888814498,16.0984275687146,15.845588534598305,15.864791870117188,20132835,-0.014512905600001513,6.483,3365.4970703125,-0.005875793356863834,0.1822033867515137,0.1659017504719445
2017-09-08,15.89039630302976,15.954406813383242,15.807184287768083,15.944805145263672,12794607,0.0050434494068085645,6.4773,3365.242919921875,-7.551644981862449e-05,0.16820834663943063,0.16438667481252034
2017-09-11,16.84094001854017,17.122580382368675,16.530490989886996,16.594501495361328,57058164,0.04074658449436397,6.5254,3376.4189453125,0.003321015943444694,0.21685471008753457,0.1845417389084198
2017-09-12,16.770527566429326,18.255551915493587,16.770527566429326,17.861892700195312,148658826,0.07637416557455845,6.5334,3379.488037109375,0.0009089783722295852,0.33446176845043263,0.2397247214733464
2017-09-13,17.602653879350186,17.71467272886225,17.28260682568769,17.56424903869629,70953945,-0.016663612669432726,6.54,3384.14697265625,0.0013785921109104038,0.3455230023460837,0.24239566608186483
2017-09-14,17.79468213014814,17.88429463861024,17.28260542084825,17.433027267456055,43814253,-0.007470958248834703,6.552,3371.426025390625,-0.0037589819143227787,0.34870689230889684,0.2428727148014041
2017-09-15,17.33701286554823,17.343415198074638,16.962556991308983,17.090576171875,37762080,-0.019643811159542057,6.55,3353.618896484375,-0.005281779511738471,0.36062761916210256,0.246487350880459
2017-09-18,17.087373932048088,18.735622838526698,17.087373932048088,18.540393829345703,111789504,0.08483140901104247,6.5725,3362.85888671875,0.0027552296547652677,0.4581883905491165,0.2985844137797179
2017-09-19,18.402778041882602,18.453985724949227,18.044324260416214,18.322765350341797,64622946,-0.011738072071556749,6.58,3356.844970703125,-0.0017883343364113458,0.4590390300394878,0.29988323262960037
2017-09-20,18.29715772504119,20.15663976561182,18.133933040104022,19.785383224487305,164490141,0.07982517082871565,6.57,3365.99609375,0.0027261083328964375,0.5220415705702119,0.3368425377110198
2017-09-21,19.634961193990588,20.604705795919372,19.39812433744905,20.025419235229492,134248158,0.012131986932914618,6.5861,3357.81201171875,-0.0024313997412077626,0.5174657079526466,0.3368034812513058
2017-09-22,19.942208532303244,20.64311381775889,19.75017883402428,19.94540786743164,87148797,-0.003995490274535274,6.5899,3352.529052734375,-0.001573333756010653,0.5213101394177185,0.3364218026371395
2017-09-25,19.84298988954279,20.051021729913625,19.09087702830138,19.29570770263672,74686215,-0.032573922233788966,6.6189,3341.549072265625,-0.0032751335770809797,0.5456944796902171,0.3446392761896224
2017-09-26,19.138883831742945,20.80313491821289,19.138883831742945,20.80313491821289,114951852,0.07812241140915432,6.6371,3343.5830078125,0.0006086804361953302,0.5835310134117707,0.3770076330813918
2017-09-27,21.155190285012445,22.701024024372135,20.98236392516715,21.721675872802734,142441074,0.0441539680534242,6.64,3345.27197265625,0.0005051362086132549,0.5887946589879541,0.3852645719984549
2017-09-28,21.47523995976576,22.55700350059108,21.305614760077585,22.06732940673828,97579188,0.015912839136336343,6.6591,3339.64208984375,-0.0016829372495025252,0.5859660761423986,0.3851380819459846
2017-09-29,21.843292723283366,22.23055141720008,21.3984258580339,21.859294891357422,88456728,-0.009427262880180476,6.6533,3348.943115234375,0.0027850365818871126,0.5889621905027193,0.3859118733758413
2017-10-09,23.235506217892947,23.523548941790647,22.56340408702368,23.069080352783203,113409987,0.05534421249351906,6.6533,3374.3779296875,0.007594878019104634,0.6024485000350885,0.3974524343041158
2017-10-10,22.726628478972366,23.04027503701456,22.35537191186309,22.601810455322266,69321147,-0.020255245996599225,6.5712,3382.988037109375,0.0025516132458442975,0.6166482525902929,0.40105845986668126
2017-10-11,22.803435136295967,22.915452132738405,21.78888166800231,21.971309661865234,68937156,-0.027896030484078405,6.587,3388.283935546875,0.0015654499452575354,0.6374406007453092,0.40647597155925336
2017-10-12,21.875297059431478,22.300960590459777,21.42082852707143,21.859294891357422,68647788,-0.005098229110221508,6.5855,3386.10009765625,-0.0006445262357485104,0.6322368158299689,0.4069395815649742
2017-10-13,21.89129959477006,21.952108933270107,21.3152142091162,21.673667907714844,48132789,-0.008491901708868488,6.5785,3390.52294921875,0.0013061786228827366,0.6374039788902386,0.4075521727935645
2017-10-16,21.683267926198795,22.195346474124342,21.283208220275494,21.571250915527344,60445113,-0.004725411158996495,6.5885,3378.469970703125,-0.0035549025021058833,0.634618020844134,0.4010569061195607
2017-10-17,21.47523805441411,21.875297763127094,21.350418209292005,21.5616512298584,34739994,-0.0004450222060156106,6.622,3372.041015625,-0.0019029191124605438,0.5914917458788114,0.4010458362539306
2017-10-18,21.699271851264008,22.019318882367937,21.539246504381257,21.580852508544922,42468075,0.0008905291381364755,6.625,3381.7939453125,0.002892292721917711,0.5841961641355918,0.40089812341734615
2017-10-19,21.619259809314393,21.712073487672203,20.812738044232063,20.85114288330078,59064357,-0.03381282666916019,6.6126,3370.172119140625,-0.0034365861314478163,0.6024248338773707,0.4087814790256378
2017-10-20,20.809536389827265,21.980914170906985,20.643112372214947,21.939308166503906,65423790,0.05218732082425137,6.6185,3378.64794921875,0.002514954660620239,0.610000620290511,0.4201398867187401
2017-10-23,21.852897035647693,21.974513893998175,21.324816268626865,21.414430618286133,52117866,-0.023924070177342105,6.638,3380.698974609375,0.0006070550768981775,0.5609081355685103,0.4229832667820502
2017-10-24,21.392026755185913,21.61926012055182,20.444682960108075,20.82234001159668,61442148,-0.02764914077070335,6.6335,3388.248046875,0.0022329915565750813,0.5710148514824541,0.4272324603442636
2017-10-25,20.8287431135687,21.12318818986462,20.652717399941004,20.956762313842773,35471454,0.006455677035877239,6.635,3396.89794921875,0.0025529129579895393,0.502172756856859,0.42610466231249716
2017-10-26,20.735925394989444,21.356819769227965,20.50228971311643,21.059173583984375,47745996,0.004886788741882864,6.6392,3407.56689453125,0.0031407906484073322,0.501148853470526,0.4260982624385118
2017-10-27,21.11358494480995,21.283210143594285,20.739129040877597,20.844743728637695,34924065,-0.010182254041998795,6.6498,3416.81201171875,0.002713113923702437,0.5027700261884145,0.4272461453988606
2017-10-30,20.755130213002428,20.755130213002428,19.746977074321435,20.012617111206055,61538094,-0.039920213376786085,6.6498,3390.3369140625,-0.007748479449688039,0.5102218989413725,0.43611241646872484
2017-10-31,19.983815198796947,20.287860094548314,19.852594839600247,20.163042068481445,30937521,0.007516506034143777,6.6328,3393.342041015625,0.0008863800351699425,0.4256086750715933,0.4361015749420978
2017-11-01,20.49908974988324,20.956757601195932,20.409475414177844,20.547096252441406,45177150,0.019047432557823596,6.6018,3395.9130859375,0.0007576733765115584,0.3985774915677356,0.4357923388206418
2017-11-02,20.483086934405446,20.623908946840885,20.038221890205424,20.26545524597168,30263748,-0.013707095299962946,6.6068,3383.31005859375,-0.003711233775663847,0.3942938617628447,0.4374868180995188
2017-11-03,20.265456435366392,21.011168882868688,20.172642754146086,20.563100814819336,41856201,0.014687336910766957,6.636,3371.743896484375,-0.0034185935988918503,0.3991211246596581,0.43784871016041704
2017-11-06,20.94395727504013,21.171190625005426,20.62070725420113,20.985563278198242,40463358,0.020544686678501733,6.6311,3388.174072265625,0.0048729014675110705,0.3477429750258389,0.43895522479431603
2017-11-07,21.075179044301752,21.36962225249175,20.755130167923895,20.969562530517578,34168926,-0.0007624645318569101,6.638,3413.574951171875,0.007496922638707604,0.34287515929072565,0.43912429846028905
2017-11-08,20.963159502917758,21.87849892937718,20.841542655376546,21.5616512298584,66212835,0.028235624776584478,6.6249,3415.4599609375,0.0005522098657824159,0.3478042319255844,0.44141513131295956
2017-11-09,21.7120720028082,22.17934336028219,21.446431988480875,21.760080337524414,50126121,0.009202871595995088,6.6378,3427.794921875,0.0036115079897216518,0.3491150543220441,0.44053149192926094
2017-11-10,21.731274952216122,21.731274952216122,21.356819104708265,21.651262283325195,39622701,-0.005000811233751068,6.6378,3432.673095703125,0.0014231230103627368,0.3482073061960981,0.43830097618647074
2017-11-13,21.795286942165063,22.47698884765664,21.683268099268716,22.435382843017578,72041265,0.03621592817229313,6.6385,3447.8359375,0.004417211127926812,0.37019592347224317,0.4426090913354967
2017-11-14,22.438580174056387,22.483385505959806,21.670463392989507,21.763277053833008,51824352,-0.02995740228225019,6.635,3429.548095703125,-0.005304150814709363,0.3874381461971079,0.44841683819148925
2017-11-15,21.606455828472917,21.664065831014156,20.38707340930862,20.470285415649414,69901254,-0.059411624223010495,6.62,3402.52490234375,-0.007879520159881248,0.4423775408397748,0.46815081898638444
2017-11-16,20.419080796848256,20.771134040333987,20.086230890412715,20.55670166015625,35368893,0.004221545657627779,6.6273,3399.25,-0.0009624918076261979,0.4267301870214502,0.46808515885372765
2017-11-17,20.7999337517935,21.10717974107049,20.351865768432617,20.351865768432617,35261742,-0.009964433745743073,6.6245,3382.907958984375,-0.004807543139111581,0.37964271068601907,0.4691122622985179
2017-11-20,21.603259540434664,22.24975601081941,21.38882716206001,22.240156173706055,84644133,0.09278217666914479,6.6245,3392.39892578125,0.0028055645947058228,0.5024277183860391,0.5024134963602491
2017-11-21,22.275360170793654,23.50754551343453,22.089730979005303,23.139490127563477,108856233,0.04043739382193201,6.6265,3410.498046875,0.00533519833301499,0.5065980862590067,0.5059457077633391
2017-11-22,23.133087643395015,23.61956237464698,22.912254779584035,23.29631233215332,86680386,0.006777254110843067,6.6086,3430.464111328125,0.00585429581800212,0.5066051754965137,0.5058399185694806
2017-11-23,23.232303430393596,23.613159812915136,22.56660184773261,22.598608016967773,64850256,-0.02994913122891918,6.6086,3352.989013671875,-0.022584436140990594,0.5222710870264411,0.5109401213839659
2017-11-24,22.611406813932042,23.133085162473986,22.34896797232115,22.627408981323242,64369311,0.001274457450381128,6.5998,3353.821044921875,0.0002481461306933497,0.5197100245439651,0.510845588922019
2017-11-27,22.470588536220568,22.489790039910176,20.364669799804688,20.364669799804688,103670526,-0.09999992413564585,6.5967,3322.22998046875,-0.009419424599579673,0.621733222215899,0.5554193439630042
2017-11-28,20.323067029185903,20.758334146043588,19.750180872995575,20.716726303100586,67203303,0.01728761167044679,6.6044,3333.656982421875,0.003439557773033064,0.6239280563413317,0.5537720744865559
2017-11-29,20.745528540574266,20.79673621438795,20.16304079311093,20.60150718688965,42852291,-0.005561646880168136,6.6091,3337.862060546875,0.0012614009621185751,0.6211702842676652,0.5540956475782282
2017-11-30,20.355068159698263,20.499089496926228,19.87819514938392,19.913400650024414,40551666,-0.03340078619602793,6.609,3317.18798828125,-0.006193806661452528,0.6311522558315431,0.5597348070300853
2017-12-01,19.906999599412288,20.374269098827927,19.7501754338608,20.275054931640625,29516631,0.018161352145333653,6.6137,3317.616943359375,0.00012931286367856565,0.6323523577277134,0.5600857066563127
2017-12-04,20.319864422020796,20.697519632511213,20.16304023853074,20.300661087036133,28067712,0.001262938891255283,6.6185,3309.617919921875,-0.002411075049972511,0.6277538566920017,0.5600580349434361
2017-12-05,20.041422935832234,20.611107872652134,19.846193900288988,20.063825607299805,32169294,-0.011666392474655396,6.617,3303.675048828125,-0.0017956366074698416,0.6289125956453406,0.5610788981551981
2017-12-06,20.20464626617816,20.419078623532673,18.569200082314318,19.490938186645508,83453736,-0.028553249607884523,6.6136,3293.965087890625,-0.0029391392294906282,0.625654336077006,0.5628453646199774
2017-12-07,19.202894907611775,19.35011741933413,18.818837375725693,18.905250549316406,34236636,-0.03004922758055817,6.6173,3272.053955078125,-0.006651901956414297,0.6299248932320499,0.5658971347102919
2017-12-08,18.946857155389196,19.38532353831479,18.946857155389196,19.122882843017578,36943782,0.011511738135046468,6.6199,3289.991943359375,0.005482179856298064,0.6330799042854441,0.5661255330488801
2017-12-11,19.36611869851772,20.12463206025447,19.228497860326776,20.031818389892578,44741580,0.047531303430375926,6.6175,3322.196044921875,0.00978850468843917,0.6441299591314478,0.5681913027440827
2017-12-12,20.22064905142724,20.483087922968284,19.842991997666424,19.86539649963379,44571555,-0.008307877348906145,6.621,3280.81396484375,-0.012456242653524074,0.6374934942897749,0.5481200056034766
2017-12-13,19.878198678126605,20.166241403715375,19.72777498220239,20.163042068481445,26596764,0.014983117445108274,6.6171,3303.037109375,0.006773667988915877,0.6052691893721293,0.5472666096228943
2017-12-14,20.159839036093683,20.41907856392917,19.942207344427278,20.374271392822266,31001199,0.01047606425773484,6.6091,3292.43896484375,-0.003208605952736421,0.6062625009913621,0.5470524909863717
2017-12-15,20.188645310886706,20.25905632258787,19.746977735850166,20.08302879333496,32480661,-0.014294626486123452,6.6088,3266.136962890625,-0.007988607301145034,0.6074240171715525,0.5462084364246887
2017-12-18,20.0158196249479,20.268658676061687,19.77898457539632,20.00621795654297,19866771,-0.0038246639778499736,6.6088,3267.922119140625,0.0005465650308860148,0.4988812198337196,0.5192165136043395
2017-12-19,20.003012292107567,20.111829955340795,19.778980127915197,19.935802459716797,17450841,-0.003519680580263973,6.6088,3296.5380859375,0.008756624470720231,0.46955980142915993,0.518574574489853
2017-12-20,20.02862154094878,20.06062587994274,19.414127610545457,19.458934783935547,25995363,-0.023920164575508385,6.5771,3287.60595703125,-0.0027095482210118815,0.4702624333257984,0.4950662194286877
2017-12-21,19.43332763825237,19.9742092992958,19.202893140328104,19.842988967895508,23732673,0.019736649936101358,6.5833,3300.05908203125,0.003787900728603466,0.47330684193595207,0.49609331896358155
2017-12-22,19.939009652999253,20.063827689266503,19.769384437816395,19.907005310058594,17283909,0.00322614411904687,6.575,3297.06298828125,-0.0009078909424118375,0.4737575616452834,0.49604534735396527
2017-12-25,19.80458491617749,20.04462111210905,19.740576240638855,19.839792251586914,15795627,-0.0033763520642513534,6.575,3280.839111328125,-0.00492070579506354,0.3178284063653116,0.4913303471194924
2017-12-26,19.96781023213746,20.467085974933873,19.846193378513988,20.27825927734375,30790995,0.022100383925228062,6.5429,3306.125,0.007707140708170579,0.3219566804229813,0.4665271020422467
2017-12-27,20.403076381849306,22.246554415250806,20.281457702352217,21.478439331054688,80149071,0.05918555618094201,6.556,3275.782958984375,-0.009177523843056479,0.3852625070878123,0.47356745834734715
2017-12-28,21.44323148993263,22.003316536852857,20.979163115433895,21.020769119262695,55812045,-0.021308355078214047,6.5322,3296.385009765625,0.006289198960738762,0.37255570983595643,0.47445223759823046
2017-12-29,21.07517775750989,21.07517775750989,20.515092715878595,20.819137573242188,31659810,-0.009592015633516415,6.5063,3307.172119140625,0.0032724057848347865,0.3705636777615772,0.47446579111290255
2018-01-02,20.892752020618275,21.29921226344165,20.79033666828505,21.075180053710938,38142231,0.01229841916208052,6.491,3348.325927734375,0.01244380610116047,0.37250376894028686,0.46088210821794945
2018-01-03,20.796736430311732,21.475239031053043,20.611107237311675,21.161592483520508,45572850,0.00410019888747537,6.501,3369.10791015625,0.006206678462731707,0.36894498989077756,0.45925627429529464
2018-01-04,21.123184261936533,21.238402436423538,20.774330403645532,20.819137573242188,35525091,-0.016182851576269863,6.4915,3385.7099609375,0.004927729008383119,0.3573804991195401,0.4569133201735083
2018-01-05,20.771129737606504,20.867144571637017,20.428678233584503,20.604703903198242,31461000,-0.01029983443308169,6.4875,3391.75,0.0017839800609582568,0.3391744611543305,0.4572616656068221
2018-01-08,20.675118935922345,21.232002884313722,20.65271626385589,20.87034797668457,41022045,0.01289239946054721,6.497,3409.47998046875,0.005227384231959897,0.33958676719172365,0.457780243338276
2018-01-09,20.86714423784089,21.18079073723738,20.707118906572962,20.93755340576172,28292778,0.0032201393648167986,6.5263,3413.89990234375,0.00129636246592435,0.29931821198513797,0.4577357871895978
2018-01-10,20.99516591823529,21.113583432249282,20.76472956012109,21.017568588256836,28279512,0.0038216109086126604,6.5055,3421.833984375,0.0023240523325838147,0.29665880643617987,0.4578050363380482
2018-01-11,21.116783427545197,21.116783427545197,20.76472840865184,20.931154251098633,22605504,-0.0041115287334656525,6.4956,3425.344970703125,0.0010260539652586775,0.2941493901829806,0.457877512586337
2018-01-12,21.014365488842564,21.7152725035789,21.00156448753092,21.468835830688477,58793640,0.025688099812346543,6.4607,3428.94091796875,0.001049805872512355,0.30470834343692604,0.45539577640305307
2018-01-15,21.523247668140478,21.79529006742584,20.764732314451088,20.847946166992188,45567102,-0.028920509178646858,6.4607,3410.488037109375,-0.0053815102974437146,0.3196429640611402,0.44662651638495554
2018-01-16,20.643111367700516,21.0431710550806,20.630308534713677,20.739126205444336,28775919,-0.005219696975241717,6.4395,3436.593994140625,0.007654610351126356,0.32002177002945226,0.4440668996072811
2018-01-17,20.700720535021496,20.700720535021496,20.006215800125812,20.403076171875,34957518,-0.016203673686170927,6.433,3444.6708984375,0.0023502643345842955,0.32602939401261516,0.4416522634605535
2018-01-18,20.540695378071312,20.668714547228475,20.124631704812543,20.217445373535156,22110435,-0.009098176999198238,6.4175,3474.75390625,0.008733202299861409,0.314841373515837,0.44183799079861424
2018-01-19,20.35506796657481,20.364667801812356,20.060622962919194,20.227046966552734,15711024,0.00047491623398410177,6.399,3487.864013671875,0.003772959978056045,0.3078756946062573,0.44171286234798357
2018-01-22,20.380671412470825,21.446432669725283,20.36146990930512,21.315214157104492,51797124,0.05379763009158678,6.4035,3501.362060546875,0.0038700037679479937,0.36030153010650323,0.4548580072903331
2018-01-23,21.3280145650981,21.56165024474832,21.142387220351747,21.382423400878906,37055544,0.0031531113541269917,6.4,3546.5048828125,0.012892931803394792,0.3593537121378308,0.4468933540132531
2018-01-24,21.459235727666567,21.472036729910958,20.963159348415218,21.286409378051758,22924950,-0.00449032464782273,6.365,3559.465087890625,0.00365435985748519,0.35393466727060696,0.4468797735534113
2018-01-25,21.28961112855954,21.59365785799717,20.982365063863195,21.00796890258789,24251967,-0.01308066900897642,6.3189,3548.306884765625,-0.003134797743335249,0.2876030714490105,0.4462786027352654
2018-01-26,21.007966732128896,21.21919975328213,20.80313604349362,20.963159561157227,19067598,-0.002132968762398768,6.3199,3558.12890625,0.0027680868096682243,0.27747922129457125,0.4453054374473711
2018-01-29,21.0847791601349,21.0847791601349,20.099030512411556,20.13103485107422,37565814,-0.039694622733533746,6.3328,3523.0009765625,-0.009872584893087066,0.3099617991003812,0.45203683135739037
2018-01-30,20.124634124317303,20.467085671900634,20.08622928461822,20.30706214904785,16763121,0.008744075964094877,6.3199,3488.009033203125,-0.009932425109208332,0.3081145682066587,0.45039512292158745
2018-01-31,20.17904154394505,20.470285397206176,20.13103320853727,20.175840377807617,16289364,-0.006461878644833274,6.2841,3480.8330078125,-0.0020573414008722146,0.3077686773802751,0.4505795943674858
2018-02-01,20.179043128321933,20.319865148133864,19.164489480124743,19.414127349853516,38095170,-0.03775371997847221,6.2969,3446.97998046875,-0.009725553414303145,0.3295182828101295,0.45305194595130555
2018-02-02,19.394927450132993,19.92940690743224,19.254105418670296,19.810989379882812,20916306,0.02044191958142738,6.2984,3462.0810546875,0.004380957912234917,0.3387752174053602,0.45475196015515496
2018-02-05,19.298914406279234,19.7725845609287,19.27971106721744,19.673370361328125,12183120,-0.006946599986290103,6.285,3487.4970703125,0.007341253778731627,0.3346997553326712,0.454839657347786
2018-02-06,19.20289577983686,19.484537982679278,18.72282338534094,18.726022720336914,31195689,-0.04815380504671474,6.283,3370.652099609375,-0.03350396239692177,0.3703491353426827,0.4580568198655681
2018-02-07,19.199693547914183,19.327712723919223,18.252351645476896,18.850841522216797,24625605,0.006665526563968571,6.2649,3309.260009765625,-0.018213712963988438,0.3714149490753515,0.454851231500568
2018-02-08,18.850842976671167,19.164489524250516,18.726023125853942,19.046072006225586,13791699,0.010356592504302764,6.3222,3262.050048828125,-0.014266017417242316,0.3754876052872512,0.4394417766122132
2018-02-09,18.53079319755367,18.70682071418653,18.028318146251408,18.130733489990234,27922809,-0.04805917545287841,6.2966,3129.85107421875,-0.040526347735488244,0.3880422197734291,0.44981725021791
2018-02-12,18.27475787309113,19.202898453358415,18.27475787309113,19.081279754638672,24154548,0.052427347474564234,6.325,3154.125,0.007755616866629733,0.4348471124341325,0.46290143420146534
2018-02-13,19.202894913033553,19.40132509573008,18.98206206105305,19.042869567871094,16524222,-0.002012977497394597,6.338,3184.958984375,0.009775764871398529,0.43488283062599814,0.41994769030466594
2018-02-14,19.58055430447355,19.682969658685153,19.266905908702274,19.3629207611084,16770636,0.016806878401209646,6.3438,3199.158935546875,0.004458440828135624,0.43827019566444597,0.4124165678560342
2018-02-22,19.83659201511672,20.275058422166648,19.618958479155957,19.94540786743164,29223924,0.03008260548652375,6.3471,3268.55908203125,0.02169324746990453,0.4520031734632531,0.4174221465280002
2018-02-23,19.951805070994762,20.26545154412956,19.782178087547216,20.09902572631836,17950944,0.007701916145698817,6.3329,3289.02392578125,0.006261120951585264,0.45289286376843074,0.41386388036437405
2018-02-26,20.847946137488407,21.023971848465287,20.627113249257587,20.774333953857422,46834335,0.033599052846366995,6.3115,3329.573974609375,0.012328900531939135,0.42598749731524155,0.420082311819984
2018-02-27,20.643114488073916,20.78073534899873,20.28465891755816,20.310264587402344,30195228,-0.022338591816509656,6.3169,3292.068115234375,-0.011264461958500283,0.4323021402599347,0.3690150878355872
2018-02-28,20.233449757245022,20.643111106345994,20.057422251721523,20.326263427734375,23211351,0.0007877219059939655,6.328,3259.407958984375,-0.00992086284571747,0.43233966126273427,0.36730085391603046
2018-03-01,20.147041045701624,20.303863421024793,20.003017843374067,20.24945640563965,22480407,-0.0037787083871956284,6.3565,3273.7548828125,0.004401696261610466,0.43042028712420194,0.3672048470917849
2018-03-02,20.00621698149256,20.278259356157577,19.961411639561252,20.121435165405273,17783067,-0.006322206269138153,6.3428,3254.528076171875,-0.005873013505552138,0.43076054557395593,0.3608306905283316
2018-03-05,20.163036919585135,21.09117537132048,20.134231921849597,20.84153938293457,44851521,0.035787915305731666,6.3491,3256.926025390625,0.0007368039736104226,0.4257461699920536,0.3662979224470841
2018-03-06,20.844742861302322,21.37922410489039,20.739128177936777,21.308813095092773,44905779,0.022420307040314613,6.3093,3289.64208984375,0.010045074465331538,0.4313172424842941,0.3689883452694718
2018-03-07,21.123184482996354,21.280008662560476,20.6431121083828,20.652713775634766,28482579,-0.030790045251703924,6.3225,3271.66796875,-0.005463853088833681,0.4465924641886614,0.3738574933894008
2018-03-08,20.742328493285093,20.991966374427765,20.51829628176159,20.761531829833984,19290555,0.005268946995604873,6.3389,3288.406005859375,0.005116056173563921,0.42180155826839166,0.3689262356260225
2018-03-09,20.80313470984362,21.059173054223574,20.601505200393415,20.979162216186523,26254413,0.01048238579582117,6.3285,3307.166015625,0.0057048946304676384,0.4180222515812103,0.36351908206691497
2018-03-12,21.13278854582715,21.494441619550074,20.969563846702425,21.395227432250977,41158695,0.01983230844859185,6.327,3326.698974609375,0.005906252934412715,0.4202036687160469,0.3648471884558486
2018-03-13,21.39522665634881,21.603258523074064,21.020770761308086,21.123186111450195,35433555,-0.012715046926339735,6.318,3310.239013671875,-0.004947835996923278,0.3779707711164629,0.35354358391232565
2018-03-14,21.027173342194825,21.087982691271385,20.598308563232422,20.598308563232422,29934198,-0.024848408069143235,6.314,3291.382080078125,-0.005696547444419386,0.39379973429549053,0.35703684979227185
2018-03-15,20.489487320279064,20.943955819966366,20.489487320279064,20.70711898803711,23415975,0.005282493194558313,6.3202,3291.112060546875,-8.20383427632132e-05,0.3932504428339663,0.3559487749264495
2018-03-16,20.719926362420825,20.95996258155514,20.547099991631157,20.55670166015625,20524401,-0.0072640393850905705,6.33,3269.882080078125,-0.006450701184943064,0.3446151324297375,0.3557222667985413
2018-03-19,20.563100814819336,20.755130510077887,20.451083797806998,20.563100814819336,15070587,0.0003112928702706519,6.3291,3279.251953125,0.0028655079349684254,0.2991963354884656,0.35440313773432164
2018-03-20,20.38707019968423,20.38707019968423,19.84298741532455,20.09902572631836,32528052,-0.022568341841057826,6.3328,3290.639892578125,0.003472724760374968,0.3131682385980991,0.3574796142102174
2018-03-21,20.15983884155739,20.425478868036,19.971010322807633,20.03502082824707,25002123,-0.003184477642987349,6.32,3280.951904296875,-0.0029441046718909902,0.30939986831713,0.35746487395649823
2018-03-22,20.147036559834337,20.223848062685285,19.81098554811245,20.031818389892578,17693247,-0.00015984202771468503,6.331,3263.47998046875,-0.0053252605761282545,0.2909183643917534,0.35387850265734283
2018-03-23,19.193294603279664,19.823788867313237,18.81883871201764,19.036470413208008,38466813,-0.04968834867167082,6.311,3152.760986328125,-0.03392666564625957,0.3390864127010398,0.36633260798055783
2018-03-26,18.87964432246262,19.362915968789853,18.562794838543308,19.33091163635254,25203636,0.015467217228475327,6.2685,3133.721923828125,-0.006038853748369322,0.3190018417852583,0.3677108085629506
2018-03-27,19.554950745248806,19.714974280657508,19.433332052552547,19.618959426879883,21615960,0.014900890136275713,6.2781,3166.64892578125,0.010507314545925572,0.3170621628643551,0.3689477061089336
2018-03-28,17.657061605150155,18.57560036366151,17.657061605150155,17.983510971069336,99035274,-0.08336061155057095,6.2946,3122.2900390625,-0.014008147969167828,0.4295985662860047,0.40372737662112407
2018-03-29,17.829886019269154,18.018714517651333,17.44582852205047,17.91950035095215,42012666,-0.003559406181594005,6.2876,3160.531005859375,0.012247730453752936,0.4296125932230237,0.38328583690720425
2018-03-30,18.20434224126309,18.23634840688359,17.92590123654619,18.018714904785156,24270150,0.005536680816423223,6.2726,3168.89697265625,0.0026470130434934624,0.4314560811761111,0.38167158587168953
2018-04-02,18.082725294936846,18.101928629871274,17.794682596243657,17.81708526611328,24979833,-0.011190012147776929,6.2785,3163.178955078125,-0.0018044188963745045,0.4036783844867217,0.38181641450441944
2018-04-03,17.60265047518414,17.60265047518414,17.18658865335248,17.369016647338867,37090254,-0.025148255850052315,6.2881,3136.633056640625,-0.00839215827320916,0.3920766350735021,0.3834086122028053
2018-04-04,17.458630773333127,17.714670954480255,17.394622101544392,17.5450439453125,24460986,0.010134557502459618,6.3045,3131.111083984375,-0.0017604777340974875,0.390020776980562,0.38407993241794713
2018-04-09,17.57065178481725,18.236353477390534,17.57065178481725,18.031522750854492,35952183,0.02772742017964358,6.3035,3138.2939453125,0.0022940295426965296,0.4077635768600612,0.3880797828028821
2018-04-10,18.0283212316209,18.482789855072465,17.884298027425572,18.133935928344727,32540844,0.005679674362797815,6.2798,3190.322021484375,0.01657845857606377,0.405429016518092,0.38801865738204555
2018-04-11,18.14673580428323,18.20114464283053,17.858693105536997,17.96430778503418,22370811,-0.009354182345235107,6.2655,3208.08203125,0.005566839223760223,0.3929097484663664,0.38709093906191777
2018-04-12,17.970710238646213,18.047521755412372,17.858695045776866,17.89069938659668,15731289,-0.00409748036597446,6.2876,3180.157958984375,-0.00870428872878437,0.39284526141583626,0.3869437592280175
2018-04-13,17.98991248747594,18.050721830153886,17.75307744960565,17.7946834564209,12400041,-0.0053668069705377075,6.2725,3159.052001953125,-0.00663676374050004,0.38779728826187576,0.3867787989754255
2018-04-16,17.762678442774067,17.945106463877895,17.506640078767383,17.577049255371094,15913977,-0.012230293479667087,6.2752,3110.64892578125,-0.015322025766574598,0.38541871412613404,0.38728304958417176
2018-04-17,17.641060334796595,17.698668510735775,17.12578242375437,17.151386260986328,21681897,-0.02421697682019608,6.2804,3066.797119140625,-0.014097317854541047,0.3897384105183328,0.3852069392557535
2018-04-18,17.346616960318826,17.378623133437063,16.6361099509235,17.10658073425293,27614103,-0.002612355995696758,6.2722,3091.39892578125,0.0080219870062741,0.38897743784844657,0.381530431145294
2018-04-19,17.077776432936634,17.34661581634921,16.972159914406863,17.24100112915039,15408882,0.00785781781792938,6.2765,3117.3759765625,0.0084030082835993,0.3897533362928006,0.3821468584844648
2018-04-20,17.28260523237627,17.28260523237627,16.674513688881376,16.72572135925293,17563113,-0.029886882208147836,6.2945,3071.54296875,-0.014702431839177632,0.39742417609897135,0.3852154628896928
2018-04-23,16.719322715541814,17.02336760539847,16.674515541156648,16.946556091308594,16177815,0.013203300910755278,6.3158,3068.011962890625,-0.0011495869975772788,0.40399951007305995,0.3864204403212337
2018-04-24,16.924149119816494,17.314608966317316,16.924149119816494,17.308208465576172,16627827,0.021340759285779498,6.3035,3128.927001953125,0.019854889680777754,0.3850413094074873,0.3894932403214114
2018-04-25,17.237796221715634,17.343412717324586,17.154584224082825,17.231395721435547,13461282,-0.00443793731127029,6.3236,3117.97412109375,-0.0035005229756200906,0.3777936002489249,0.37154359097099837
2018-04-26,17.253797511213165,17.314606839109953,16.80253021611643,16.812131881713867,15760743,-0.024331391751401976,6.334,3075.030029296875,-0.013773075121550571,0.37541773773367937,0.37377858140231074
2018-04-27,16.99776121732083,17.084174386624383,16.81533321197658,16.94975471496582,12598827,0.008185923963732522,6.3325,3082.23193359375,0.002342059826492715,0.24922263341353582,0.37456940907215847
2018-05-02,16.258449395315278,16.26165056134473,15.647156708168263,15.762374877929688,42002415,-0.07005292153211717,6.361,3081.177001953125,-0.0003422622513014062,0.3450990080448124,0.3982357030966375
2018-05-03,15.765579824569743,15.932003871396383,15.547946265645152,15.877596855163574,22199379,0.0073099376284482265,6.352,3100.85888671875,0.006387781277462867,0.34595270345902424,0.3989411081253956
2018-05-04,15.71436837547199,15.826385379203964,15.669561207713064,15.762374877929688,14877207,-0.007256890213610312,6.3589,3091.032958984375,-0.0031687761660036395,0.3454626753531315,0.3921309939475048
2018-05-07,15.964005160634763,16.2584501843916,15.682362970286416,16.117630004882812,22475919,0.022538172686817015,6.364,3136.64501953125,0.014756251761825823,0.351597127843431,0.39501859755067803
2018-05-08,16.120829522400914,16.754524843709778,16.117628356543477,16.604101181030273,24343044,0.030182550164018274,6.369,3161.498046875,0.007923442783290824,0.36868965080120075,0.40095242352553306
2018-05-09,16.642508337429703,16.64891067003813,16.38967113932187,16.482484817504883,14023293,-0.007324477380584393,6.3585,3159.14990234375,-0.0007427316090139469,0.35116365892914214,0.394459003552511
2018-05-10,16.530491698531552,16.7545275616305,16.37366934135861,16.5913028717041,12500973,0.006602041828283722,6.344,3174.4130859375,0.004831421130863767,0.3515244314775144,0.3920459676532691
2018-05-11,16.588102358889167,17.090577451310743,16.42487766253181,16.946556091308594,27658029,0.021412014617029573,6.3333,3163.262939453125,-0.0035125064641932102,0.3623362388572529,0.39501389468123166
2018-05-14,17.010564964626624,17.23780017431468,16.77693108452183,16.853742599487305,19870263,-0.0054768350171684466,6.336,3174.031982421875,0.003404409679143461,0.36244192964713995,0.38330521807200685
2018-05-15,16.908149051925637,17.10977856345129,16.808933047875456,16.984960556030273,16601505,0.0077856865184924295,6.376,3192.117919921875,0.005698095545401571,0.36417465325675724,0.38341352938377177
2018-05-16,16.978559268011185,17.109779615675464,16.748124741525924,16.86014175415039,16480440,-0.007348783735359743,6.3706,3169.56494140625,-0.007065208454509975,0.36277795006076674,0.38280256925664496
2018-05-17,16.872946270200096,17.02336813657054,16.812136924065168,16.888948440551758,11286045,0.0017085672719374667,6.3645,3154.282958984375,-0.00482147635539365,0.35309842323353624,0.3704700833624943
2018-05-18,16.95615488024729,17.362615053204838,16.895345546335495,17.282604217529297,26623089,0.02330848355438997,6.3768,3193.302978515625,0.012370488012214853,0.36292226798836225,0.35713038393786767
2018-05-21,17.63465589777387,17.66025972929179,17.317808253823312,17.455429077148438,22348545,0.009999931575349619,6.3815,3213.840087890625,0.0064313062409588895,0.36355655140545295,0.35788931163861065
2018-05-22,17.458628365726373,17.666660183012894,17.327408042792193,17.602649688720703,16871847,0.008434087235643872,6.366,3214.35009765625,0.00015869170577165193,0.34555535850480024,0.3564991988926521
2018-05-23,17.439430907205594,17.855492806870057,17.18979303487455,17.5002384185791,23598192,-0.005817946272442365,6.3875,3168.964111328125,-0.014119801810393406,0.3445470408915534,0.35052837574219753
2018-05-24,17.44262919335415,17.599453374652057,17.218595171880228,17.330612182617188,15104715,-0.00969279571539039,6.3757,3154.65087890625,-0.004516691233803938,0.3388107800435453,0.3502990033425167
2018-05-25,17.34661356748815,17.676264083678927,17.34661356748815,17.353015899658203,15181896,0.0012927250811998192,6.3903,3141.302978515625,-0.004231181485050084,0.3383613111732493,0.34235542003367375
2018-05-28,17.375420646326823,17.59625351800638,16.872945559394495,16.892147064208984,18039651,-0.026558428697013747,6.3903,3135.08203125,-0.0019803716190931464,0.34062015858563427,0.34349346009138015
2018-05-29,16.81213609600607,17.372219356052188,16.77693059043401,17.122581481933594,21863235,0.013641511457880506,6.4162,3120.4609375,-0.004663703725854451,0.34280454609013034,0.3450782837287343
2018-05-30,16.962557755751728,16.968958257235776,16.00561410897833,16.13043212890625,31149114,-0.05794391190803683,6.4175,3041.443115234375,-0.025322484033058035,0.31084575050571894,0.3632339550922844
2018-05-31,16.136830560457966,16.40247056694561,16.136830560457966,16.370466232299805,17378559,0.014880822874137722,6.4096,3095.47412109375,0.01776492402200036,0.3139207922458066,0.36512937152514324
2018-06-01,16.437678569954727,16.440877904751517,16.00881204407225,16.293655395507812,13547748,-0.004692037215191847,6.418,3075.136962890625,-0.006569965506912134,0.3130790855428361,0.35599379462282166
2018-06-04,16.232845515237045,16.386468520264728,16.01841317513624,16.066421508789062,15838839,-0.013946157642526269,6.405,3091.19091796875,0.005220565871327576,0.30783961088648343,0.3523180362123562
2018-06-05,16.066422493171554,16.399272357791762,15.938403314471477,16.392871856689453,16585776,0.020318796424070307,6.4042,3114.2060546875,0.00744539477809858,0.29681600173483186,0.351564649349136
2018-06-06,16.274455274506785,16.57850015453003,16.194442596501826,16.360868453979492,19495134,-0.0019522755371812472,6.385,3115.179931640625,0.00031272078212651877,0.2957815164605937,0.3510981713230201
2018-06-07,16.482483265399736,16.5048877647578,16.290453594508133,16.296855926513672,12986997,-0.003912538484486805,6.389,3109.4990234375,-0.0018236212121889306,0.2949269690278778,0.3498490567056744
2018-06-08,16.296854873694958,16.319257540275085,15.970405553067092,16.044015884399414,15401601,-0.015514651614665587,6.4031,3067.14794921875,-0.01361990272372926,0.28718683812465223,0.3470724162614268
2018-06-11,16.04082081676845,16.04402015208489,15.77838009160671,15.816786766052246,12841854,-0.014162857976731225,6.4,3052.782958984375,-0.00468350091753289,0.28999255653020267,0.34723064025954153
2018-06-12,15.903198539990504,16.066423229227315,15.682363844201264,16.012014389038086,13863654,0.012343064737071474,6.3992,3079.802001953125,0.008850626897412672,0.29268123588257705,0.34631722131190784
2018-06-13,16.03441644933457,16.040816949755495,15.65355828866556,15.70156478881836,14645961,-0.019388541171450724,6.3944,3049.797119140625,-0.00974247136454609,0.29824093090488984,0.3471980898196642
2018-06-14,15.579948722654006,15.823186092523049,15.554346716700316,15.698368072509766,11437677,-0.00020359221208765543,6.398,3044.159912109375,-0.001848387552034425,0.29788501221195224,0.3472473581019558
2018-06-15,15.711168605336153,15.771977945983718,15.403922567115302,15.41992473602295,14812758,-0.01773708803365448,6.4379,3021.90087890625,-0.0073120446513275095,0.2842499803125678,0.3482051189957252
2018-06-19,15.234297169272667,15.234297169272667,13.906096943760028,14.395771026611328,35921832,-0.0664175556589498,6.4802,2907.822021484375,-0.03775069467638026,0.35056509792749263,0.36888238398510265
2018-06-20,14.222943249742269,14.792629039846785,14.222943249742269,14.526989936828613,17088897,0.00911510123179382,6.4713,2915.73095703125,0.002719882953096775,0.3510313716530827,0.3700393443513877
2018-06-21,14.648609161376953,15.157485664969856,14.53019164084029,14.648609161376953,22854786,0.008371949390562516,6.49,2875.81005859375,-0.013691557631965723,0.35647902365806444,0.37093479267137863
2018-06-22,14.664612085130791,15.122281852484672,14.568598146577814,14.994261741638184,18136422,0.023596272960342946,6.5027,2889.760009765625,0.004850790173081432,0.37427550637557416,0.36349332076095464
2018-06-25,15.26630227467662,15.26630227467662,14.696616433495581,14.741423606872559,17225415,-0.01686232634338436,6.536,2859.3359375,-0.010528234927056346,0.37452469571031816,0.36224624645562487
2018-06-26,14.719021648745757,15.080675663879727,14.472583999236612,14.843840599060059,19234812,0.0069475645581307255,6.5759,2844.508056640625,-0.005185777811172243,0.3711972105632886,0.36081477148802743
2018-06-27,15.003862100400415,15.394321069449239,14.946253009765323,15.074273109436035,28657464,0.015523779633592083,6.5992,2813.177978515625,-0.011014234272199941,0.3725875567381644,0.32332196658667123
2018-06-28,15.07427393409112,15.183089788615789,14.661412272004387,14.725420951843262,18381948,-0.023142220859352913,6.6235,2786.89697265625,-0.009342105639985943,0.3258911199815229,0.32601644121486645
2018-06-29,14.760625324503502,15.28870513360104,14.719019319537853,15.25990104675293,22492815,0.03629642212997419,6.6171,2847.41796875,0.021716266043400267,0.35057612525729637,0.33543725401725594
2018-07-02,15.16388646260026,15.16388646260026,14.674212399473546,14.715818405151367,18527247,-0.03565440168547718,6.6632,2775.556884765625,-0.0252372797998186,0.36898510099766324,0.34181736259667633
2018-07-03,14.869441271901817,14.952654198065044,14.101325263954699,14.514187812805176,27930939,-0.013701622756883802,6.6368,2786.887939453125,0.004082443688937953,0.3689058881387058,0.3394390137239428
2018-07-04,14.514187259168876,14.763825112470828,14.402171165899654,14.655009269714355,19025805,0.009702331175909018,6.6368,2759.1259765625,-0.009961635879795261,0.3611591326420499,0.3393700363803956
2018-07-05,14.655010787661539,15.00706401915969,14.530191848081977,14.587800025939941,16721247,-0.00458609356961015,6.6341,2733.882080078125,-0.009149236641896819,0.36095263368616026,0.33337689289095
2018-07-06,14.808633526607307,14.96545680289361,14.56859732033992,14.73182201385498,20343636,0.009872769551196203,6.6396,2747.22900390625,0.00488204078931731,0.36503496531660695,0.3339697896240369
2018-07-09,14.847037263272552,15.026264101980262,14.693414258665944,14.888643264770508,21868023,0.01064506825890521,6.6123,2815.110107421875,0.024708935228590523,0.3666389976249113,0.3349183664326669
2018-07-10,14.898246223188263,15.003861819096096,14.821433798559804,14.923850059509277,13917168,0.0023646744779006745,6.6296,2827.625,0.00444561388385134,0.36493695046946034,0.3350816306891381
2018-07-11,14.600600089288102,14.731820429543864,14.315757655714199,14.546192169189453,15130362,-0.025305660993235835,6.6764,2777.77099609375,-0.017631052174970185,0.36887602361040195,0.33821241088852994
2018-07-12,14.658208757860596,15.042266269377118,14.619803006708944,14.888643264770508,20885187,0.0235423189517876,6.663,2837.658935546875,0.02155971083913788,0.3773182922048212,0.3420238395639736
2018-07-13,14.92065105752327,14.92065105752327,14.658211255437829,14.706217765808105,15985110,-0.01225266101942657,6.69,2831.18408203125,-0.0022817588944589184,0.37881687954891097,0.339654310206263
2018-07-16,14.33816255821209,14.33816255821209,13.698065712938146,14.066121101379395,37509984,-0.04352558044645127,6.6866,2814.0419921875,-0.006054742237548649,0.40245989166001983,0.3499911301112939
2018-07-17,13.909297716919324,14.050119745249145,13.69166600392178,13.938102722167969,20818620,-0.009101185628131114,6.7018,2798.1259765625,-0.005655926837334624,0.32997532695944426,0.34946663514011994
2018-07-18,13.938100246048617,14.15893308639736,13.832483743564142,13.858088493347168,13462362,-0.005740682962074972,6.7161,2787.257080078125,-0.0038843485159046898,0.32789901282801837,0.3450953057984981
2018-07-19,13.947702969906768,13.947702969906768,13.435626215122996,13.490035057067871,18563091,-0.026558744841035486,6.7701,2772.544921875,-0.00527836427729611,0.3363655894661945,0.3467906801921581
2018-07-20,13.60205029829623,13.813282404088858,13.493234452634429,13.733270645141602,17080392,0.0180307602645029,6.7659,2829.27099609375,0.02045992970977273,0.330867333150229,0.34584077273996505
2018-07-23,13.662860522920804,14.034116170653855,13.605252345760476,13.922100067138672,15582330,0.013749777957217546,6.7927,2859.5419921875,0.010699221154687466,0.3331342726291243,0.34765882705886303
2018-07-24,13.986107812659796,14.219744419178582,13.893295051501477,14.17493724822998,16643952,0.01816085072453255,6.7912,2905.56201171875,0.016093493173725104,0.3397291900215984,0.3475900621779887
2018-07-25,14.254948721613106,14.254948721613106,13.986107532634952,14.098125457763672,19424595,-0.0054188451857802855,6.7658,2903.64697265625,-0.0006590941975342934,0.33340746314264474,0.3469045738219958
2018-07-26,14.098125499914754,14.155733672249893,13.723668717074796,13.76207447052002,15537057,-0.023836572333706507,6.7865,2882.22509765625,-0.007377575580547746,0.333968841559033,0.3205820514888809
2018-07-27,13.76847751527577,13.870891954240683,13.67246266247701,13.758875846862793,11036886,-0.00023242307430315634,6.8097,2873.593994140625,-0.0029945973070054643,0.300183433182283,0.3200130281977318
2018-07-30,13.746072135601755,13.79407955894082,13.394019834334635,13.60205078125,16778946,-0.01139810165875954,6.8102,2869.050048828125,-0.0015812760333454579,0.27891684160280955,0.3204058483132319
2018-07-31,13.614852769484328,13.614852769484328,13.45482834018553,13.518837928771973,9063489,-0.006117669593818431,6.8038,2876.40087890625,0.002562112878137901,0.2766283250686533,0.31629217165300105
2018-08-01,13.704466322524887,13.752473746540648,13.403621691068057,13.435626029968262,13287540,-0.006155255299467144,6.8154,2824.533935546875,-0.018031889692335712,0.272360307242823,0.30882145419050416
2018-08-02,13.426024203241171,13.435625871063854,12.6419060058091,12.833934783935547,32394135,-0.044783268356133,6.838,2768.02392578125,-0.020006843980326927,0.30815313460417504,0.32022008701334204
2018-08-03,12.891544061477656,12.955553655111355,12.225843372021744,12.267449378967285,28954734,-0.04413965120637364,6.8309,2740.443115234375,-0.009964079533413162,0.3296729595354875,0.3298141024148191
2018-08-06,12.267447852543267,12.369864105279106,11.803378585358912,11.934598922729492,22136460,-0.027132816770246482,6.85,2705.156982421875,-0.012876068332285828,0.3272257063877268,0.32833464773122983
2018-08-07,12.059419329102647,12.161833763122559,11.755372615142402,12.161833763122559,20449425,0.019040006443810764,6.828,2779.3740234375,0.02743539154950625,0.34117473523915776,0.33219974413951164
2018-08-08,12.168233135576894,12.638703798053138,12.168233135576894,12.254646301269531,21920862,0.0076314591988917435,6.8344,2744.070068359375,-0.012702124572086748,0.3415563988085891,0.33217413497470655
2018-08-09,12.126629180395799,12.657909265027092,12.107425844486015,12.561894416809082,22462665,0.02507196927484734,6.8199,2794.382080078125,0.018334813057026,0.34348620408236424,0.3378773614561521
2018-08-10,12.609901959867793,13.368416337815717,12.609901959867793,13.342811584472656,31075095,0.06216555733971374,6.8458,2795.31005859375,0.0003320871981826734,0.42406637904485445,0.3644238388701792
2018-08-13,13.153983097014741,13.938101260699387,13.083572090232721,13.816483497619629,39699291,0.03550015753038105,6.888,2785.8720703125,-0.00337636544190667,0.4204078399465364,0.36910372108259987
2018-08-14,13.816482898484098,14.066119830646498,13.637255138719704,13.810081481933594,24597171,-0.00046336071599828443,6.8809,2780.965087890625,-0.0017613811036644167,0.41919752534945814,0.3680960281160854
2018-08-15,13.762074993354318,14.050118612969229,13.371616027327958,13.483633041381836,29646843,-0.023638415238810828,6.933,2723.258056640625,-0.02075072121591104,0.42711333839907006,0.3694721784252603
2018-08-16,13.265999459507096,13.826084527450819,13.198789617620017,13.525238990783691,22211298,0.0030856631350144603,6.8792,2705.19189453125,-0.006634025029438884,0.41643834957548,0.36975248516711084
2018-08-17,13.79208903272495,13.808145690177609,13.490237286084046,13.631529808044434,17237907,0.0078587015973004,6.874,2668.966064453125,-0.013391223798710272,0.4122893150870469,0.37035070936531894
2018-08-20,13.79851314885378,14.562777774586555,13.776035480067579,14.52745532989502,44165139,0.06572450300639554,6.8546,2698.466064453125,0.011052969310062943,0.47228073625775674,0.39668229536624555
2018-08-21,14.530665941910827,14.636635110878029,14.257714690222558,14.41827392578125,29537871,-0.00751552158546942,6.8444,2733.825927734375,0.013103690184229189,0.46980931177700874,0.3936885366241465
2018-08-22,14.627000537340638,14.710492028471997,14.18064440706281,14.382949829101562,27264213,-0.0024499532233552834,6.84,2714.60791015625,-0.0070297151633395005,0.46936732316628643,0.3922784852395812
2018-08-23,14.392583382356097,14.578833074993248,14.007240141104154,14.232023239135742,24995073,-0.010493437838491548,6.8748,2724.6240234375,0.0036897090160890045,0.46218268576481636,0.3753746455493879
2018-08-24,14.241656032500934,14.241656032500934,13.750342745953468,13.952648162841797,23492850,-0.01963003232918492,6.803,2729.430908203125,0.0017642378266784497,0.4685537066776668,0.37548345090177315
2018-08-27,13.949438945335354,14.53066572117946,13.930172241602547,14.453597068786621,26292312,0.03590350018851152,6.8145,2780.89892578125,0.01885668452842726,0.4817078311596386,0.38354842891395097
2018-08-28,14.466439954863,14.819671691563393,14.424694669951531,14.639843940734863,24282843,0.01288584918078639,6.8018,2777.98095703125,-0.0010492897540964607,0.48141258090145683,0.38383359524693605
2018-08-29,14.582043844410377,15.034821917157023,14.582043844410377,14.867840766906738,27434499,0.015573719712782097,6.819,2769.294921875,-0.003126743952029276,0.48125854015110753,0.3828159657017418
2018-08-30,14.610944315576125,14.906375047811524,14.334782123187141,14.450385093688965,27372285,-0.0280777605680953,6.8415,2737.737060546875,-0.011395630374665289,0.4613453124856421,0.3867186293448478
2018-08-31,14.264135625385952,14.411850993795532,14.09715355429251,14.27698040008545,20069478,-0.012000005015731285,6.83,2725.25,-0.004561088326130447,0.42756781924546255,0.3872642870420105
2018-09-03,14.254501339408973,14.254501339408973,13.849890490499904,14.023295402526855,16824078,-0.017768813183849153,6.83,2720.73388671875,-0.001657137246582896,0.41857408224083137,0.3876298849986335
2018-09-04,14.09394111855133,14.315513229297444,14.00402678631334,14.296246528625488,17872290,0.019464121539467083,6.8427,2750.580078125,0.010969904683417964,0.4187194811732454,0.38922673470175984
2018-09-05,14.15495395263069,14.293035504202486,13.647584915161133,13.647584915161133,24856572,-0.04537286148259512,6.827,2704.3369140625,-0.01681214970989786,0.4602868152581529,0.3983949014048029
2018-09-06,13.64758464269586,13.872368644834902,13.503081166309729,13.679697036743164,14074767,0.00235295268588942,6.8322,2691.593017578125,-0.004712392312550606,0.45469537716882485,0.39691217237561266
2018-09-07,13.90127056954069,14.154954173503208,13.69575326153558,13.750343322753906,20629422,0.005164316564978622,6.8419,2702.301025390625,0.0039783160910913384,0.40091091009757535,0.3971675759121349
2018-09-10,13.801721866131988,13.949437224359668,13.214073234453508,13.400322914123535,15879957,-0.025455394124680564,6.8545,2669.485107421875,-0.012143694451659526,0.3912333600593517,0.3987939474173124
2018-09-11,13.342523367994238,13.442069687022794,13.137006045492289,13.332889556884766,10566942,-0.005032218825689383,6.8704,2664.800048828125,-0.0017550420418994683,0.3914487437856099,0.3756297408828768
2018-09-12,13.169117140990764,13.647584741534397,13.07278087688186,13.499870300292969,16762779,0.01252397259392124,6.8574,2656.110107421875,-0.0032610106751054246,0.3852858931673894,0.3760866335445705
2018-09-13,13.715020640404072,13.824202605689539,13.515927087836019,13.782456398010254,16634493,0.02093250464125962,6.8407,2686.577880859375,0.011470824704278959,0.39212199474410736,0.37829039823007043
2018-09-14,14.19669930543224,14.594888224035776,14.19669930543224,14.389370918273926,31601109,0.044035294053336616,6.8673,2681.64306640625,-0.0018368402748654145,0.4202517549593955,0.38614344466142114
2018-09-17,14.12926447062033,14.598099187900457,13.96870525261762,14.389370918273926,25558461,0.0,6.854,2651.7890625,-0.011132728393364544,0.34892812692709513,0.38461562469477656
2018-09-18,14.183855343507268,14.55956475604574,14.145321021228176,14.476073265075684,20437641,0.0060254438706315305,6.8591,2699.949951171875,0.018161658992013052,0.34849778492221806,0.38454793394640296
2018-09-19,14.482496212411103,15.214649259546695,14.354048470585687,15.079778671264648,39003369,0.04170367164729938,6.8466,2730.85009765625,0.011444710843978134,0.37768101292817996,0.39275529380486135
2018-09-20,15.07977862383237,15.253183534116609,14.755447387695312,14.755447387695312,24607590,-0.021507695214875167,6.8455,2729.243896484375,-0.000588168927050825,0.38471770953546164,0.3923525817153996
2018-09-21,15.253182979896993,15.654582846302148,14.964175112834509,15.095834732055664,48723708,0.023068588529833622,6.8559,2797.485107421875,0.025003705614365712,0.38260066661962855,0.38808716712595787
2018-09-25,15.188960291484563,15.622470747659818,15.188960291484563,15.477967262268066,30734115,0.02531377277209801,6.8632,2781.138916015625,-0.005843173700150417,0.3726881179013832,0.3841820189659547
2018-09-26,15.62568304832524,15.718807437514709,15.343097997954537,15.497235298156738,29904546,0.0012448686292056976,6.8763,2806.81298828125,0.009231495815536839,0.37116672399567757,0.38293683924663163
2018-09-27,15.574302816712208,15.606416130017319,15.253183464621772,15.349519729614258,18832275,-0.009531736835669657,6.888,2791.77490234375,-0.005357708547126472,0.370682682784592,0.38317958989135853
2018-09-28,15.413743654909592,15.824776427048743,15.381631260220862,15.766975402832031,23061342,0.0271966602585203,6.868,2821.35009765625,0.010593689085631963,0.36333865484225414,0.3867003041895035
2018-10-08,15.092622635630553,15.397686235779965,14.906373879342507,14.948119163513184,33416712,-0.051934896731795854,6.868,2716.510009765625,-0.037159545700378604,0.4119625519593102,0.4015058620971425
2018-10-09,14.967387511904503,15.285295920540626,14.967387511904503,15.121524810791016,12486912,0.011600499392665942,6.9217,2721.012939453125,0.001657615716972316,0.40582801292553106,0.4016131604992281
2018-10-10,15.205016147482986,15.272451904086203,14.594888886428189,14.74260425567627,26464641,-0.02505835620785679,6.9224,2725.8369140625,0.0017728598565005527,0.4141438819639691,0.4050083641500241
2018-10-11,14.260924250770858,14.508186845664644,13.70217610806577,13.750343322753906,35938617,-0.06730567515168284,6.888,2583.4580078125,-0.05223309784803043,0.4528336417279359,0.424924852284771
2018-10-12,13.87557929024334,15.028399786018017,13.87557929024334,14.906373977661133,38761539,0.0840728575114369,6.9182,2606.9130859375,0.009078946920782371,0.5409632080461351,0.45653601715251585
2018-10-15,14.957753632333672,15.365576382177716,14.867841127126987,15.070146560668945,28629405,0.010986748571667704,6.9131,2568.097900390625,-0.014889328591833784,0.5414023003119885,0.45626398235867177
2018-10-16,15.076566780269488,15.240337870708485,14.540297261443545,14.758658409118652,19409127,-0.020669218464220873,6.9102,2546.330078125,-0.008476243161257169,0.5380708177089271,0.4491260896438076
2018-10-17,14.996288571902816,15.30456409963349,14.73297113608083,15.19217300415039,33078786,0.029373577395347183,6.9263,2561.614013671875,0.006002338690563436,0.543074387644831,0.4522702325746791
2018-10-18,15.092624023947732,15.188960293374725,14.67837935163472,14.829306602478027,25159485,-0.0238850888265445,6.9367,2486.4189453125,-0.029354566284398476,0.5535318951623714,0.4550880009884085
2018-10-19,14.476072849744575,15.179325359574477,14.129263959182992,15.099045753479004,35995659,0.01818959970494527,6.9291,2550.465087890625,0.025758387458745702,0.5525881985505581,0.4525235992962359
2018-10-22,15.288510814557783,16.120211302025712,15.272455072444107,16.0591983795166,50683470,0.06359028522159194,6.9446,2654.8759765625,0.04093797996593174,0.5747561947957954,0.4686432850760081
2018-10-23,16.007815687044474,16.052772857378006,15.188960160282468,15.5614595413208,34607451,-0.03099400271626651,6.9373,2594.825927734375,-0.022618777433768167,0.5894770868966452,0.4732231210180818
2018-10-24,15.510081505096561,15.972493421003291,15.416955275364208,15.661006927490234,31361061,0.0063970468775824685,6.942,2603.294921875,0.003263800492397495,0.5894906981457283,0.47215097683594953
2018-10-25,15.205015803421105,15.975702272326396,15.057301356246295,15.927535057067871,33254205,0.017018581934842958,6.9477,2603.800048828125,0.0001940337027819261,0.5752187644039548,0.4728645498914867
2018-10-26,16.052772965899145,16.100940181785447,15.407321431999799,15.612838745117188,23034147,-0.01975800466444655,6.9425,2598.846923828125,-0.0019022678036392238,0.5742482897243399,0.47196849365844906
2018-10-29,15.616049141236342,15.728441151624509,15.060512854860548,15.21465015411377,20785128,-0.02550392004323676,6.9605,2542.10302734375,-0.021834258864616318,0.5781048048269306,0.47543070092479617
2018-10-30,15.237126962530052,15.330252264628948,14.41185044896895,14.94169807434082,28946028,-0.017940082552548753,6.9663,2568.048095703125,0.010206143527740963,0.5743704243672911,0.47641293997558426
2018-10-31,14.912797390037055,15.237127725495755,14.803616344386448,15.025189399719238,18347766,0.005587807019189928,6.9737,2602.782958984375,0.013525783780828915,0.5748168504131234,0.4761642823408684
2018-11-01,15.166482331653883,15.253184793957214,14.443963037433845,14.675168991088867,32705883,-0.0232955738073366,6.9205,2606.237060546875,0.001327080135735903,0.5796054866006316,0.47873784461819074
2018-11-02,14.916007927842694,15.46191130303496,14.675168176471674,15.420166015625,41746905,0.050765822525690396,6.8894,2676.47607421875,0.02695035487567532,0.6007961383010161,0.4789758450196601
2018-11-05,15.413744628095449,15.773398326424854,15.156848210557957,15.494023323059082,33026433,0.0047896570866514665,6.9249,2665.430908203125,-0.004126756865872272,0.5692203551884897,0.4685696030041264
2018-11-06,15.46833253921633,15.471544421743271,15.06051165644202,15.294928550720215,16697385,-0.012849778794547406,6.9172,2659.35595703125,-0.002279162875007845,0.5705925519136811,0.46537753114315217
2018-11-07,14.964176685057787,15.429800468761222,14.960965720984237,15.172904968261719,20858733,-0.007978042006136055,6.9174,2641.342041015625,-0.00677378895743419,0.5633522152206037,0.4650812793099323
2018-11-08,15.310984653263056,15.911478041779203,15.310984653263056,15.728439331054688,42647565,0.03661357953239808,6.9318,2635.632080078125,-0.002161765060652465,0.5121585989570515,0.46978707984654505
2018-11-09,15.67063936036096,16.341779507212262,15.519713951242723,16.05598258972168,44031918,0.020824905241569658,6.9553,2598.8720703125,-0.013947322178797905,0.42869674155102533,0.46907647206565
2018-11-12,16.04956178331385,16.73033578814753,15.95964743811664,16.572986602783203,40113552,0.03220008555518028,6.9553,2630.52001953125,0.01217757102408834,0.4397123287581025,0.45721888363720864
2018-11-13,16.255077983213756,16.842727590106197,16.216542739336813,16.377103805541992,31762632,-0.011819402376655241,6.9546,2654.8798828125,0.009260474393040674,0.4339109945069417,0.4535750166818355
2018-11-14,16.35462263287033,16.95511787230089,16.338566895379568,16.666109085083008,30638604,0.01764691016022124,6.95,2632.242919921875,-0.008526548804401735,0.42732404060824,0.4544618390417807
2018-11-15,16.589041792095262,16.791348143350636,16.4927073593143,16.637210845947266,20837358,-0.0017339523573386417,6.938,2668.169921875,0.013648817015031067,0.4145208333004386,0.45107171787209416
2018-11-16,16.69822205470716,16.923006074620822,16.341780240600112,16.55371856689453,33972264,-0.005018406019244082,6.9367,2679.110107421875,0.004100258179654093,0.4137194022154645,0.45144001475618667
2018-11-19,16.608311282239352,17.75791921408074,16.563354106073184,17.565248489379883,48746331,0.06110590308743635,6.9398,2703.511962890625,0.009108194322118512,0.4091155407900981,0.46644089320635734
2018-11-20,17.34046144688655,18.297398488519775,17.14778891804769,17.790027618408203,51963240,0.01279680894717905,6.9448,2645.85498046875,-0.021326697722553245,0.38724109088480985,0.4491341483153649
2018-11-21,17.584510491293205,17.982699387422723,17.372572188494633,17.661579132080078,28230288,-0.007220252215640932,6.9248,2651.5048828125,0.002135378690614864,0.3905216737334355,0.44910285762037644
2018-11-22,17.54918535282382,18.290972093497608,17.54918535282382,17.75791358947754,30600558,0.005454464557049787,6.9248,2645.43408203125,-0.0022895680187511314,0.3884684892701336,0.448926810941136
2018-11-23,17.75791838693092,17.876732331830176,17.118891488362554,17.340463638305664,28551288,-0.023507826472319082,6.9477,2579.48291015625,-0.024930189084265697,0.39194456737247185,0.45149516279140517
2018-11-26,17.311563254168107,17.757919464084996,17.173481678082013,17.391843795776367,24823878,0.0029630209746642766,6.9397,2575.81005859375,-0.0014238712526603026,0.3746794665648352,0.4488769646557306
2018-11-27,17.517079032545315,18.432270925854063,17.517079032545315,18.38410186767578,47746830,0.0570530694474376,6.9498,2574.678955078125,-0.00043912535858425805,0.4021128688631901,0.4572971044754815
2018-11-28,18.384100695472732,18.8433025543638,18.082249858289938,18.512548446655273,36287838,0.006986829158368346,6.9534,2601.737060546875,0.01050931240004993,0.40190670539281204,0.4569904480165777
2018-11-29,18.576773240977328,18.978174071201646,18.335933477827368,18.512548446655273,31476123,0.0,6.9419,2567.443115234375,-0.013181172622144799,0.38380263815858473,0.4564671140308476
2018-11-30,18.441901200900535,18.75338580923237,18.117569062902668,18.30381965637207,26894517,-0.011274989550178027,6.9558,2588.18798828125,0.00807997377771752,0.3632202376115438,0.45269700210001634
2018-12-03,18.73733146373933,18.920368332976114,17.847829314047086,18.00838851928711,58277508,-0.016140409085713014,6.8798,2654.798095703125,0.02573619370906255,0.3737697026183597,0.4534144220323607
2018-12-04,17.790029903989666,18.252443665119447,17.696907347617522,18.085460662841797,35483904,0.004279791246848186,6.8343,2665.9580078125,0.004203676402901424,0.36608147151740905,0.4510815603049816
2018-12-05,17.870307836695755,18.67310757639224,17.70653674124659,18.602460861206055,46874514,0.02858650979383026,6.8343,2649.804931640625,-0.006059013729600715,0.36704529395986923,0.45274618667576727
2018-12-06,18.46759125147899,18.56071563202262,17.623046224116717,17.77397346496582,40747452,-0.04453644076563967,6.8816,2605.180908203125,-0.01684049376792085,0.401824694109135,0.4523534044742518
2018-12-07,17.95058907356098,18.59282778830311,17.838197068798426,18.268497467041016,37906257,0.027822929017529363,6.8733,2605.887939453125,0.0002713943004011288,0.40589636059493717,0.4547680905190367
2018-12-10,17.989122051966973,18.159316915124414,17.677637431102344,17.78681755065918,34649769,-0.02636669585174456,6.9077,2584.58203125,-0.008176064626783663,0.41046623089805095,0.4593561893460729
2018-12-11,17.892787007729222,18.41299987704284,17.8863632428594,18.03407859802246,33443340,0.013901365247551922,6.8968,2594.087890625,0.0036779097200496658,0.407583885691946,0.4553822996074386
2018-12-12,18.42905804902322,18.77907978221739,18.290976485461098,18.70522117614746,39361224,0.03721524082736316,6.8778,2602.153076171875,0.0031090641053537205,0.4212380317006846,0.4594755352904517
2018-12-13,18.70522023547503,18.804768387027945,18.342356501476807,18.753387451171875,30319512,0.0025750176686407666,6.8798,2634.049072265625,0.012257540259957844,0.42044964001821566,0.45933076684043384
2018-12-14,18.753387451171875,18.753387451171875,18.753387451171875,18.753387451171875,0,0.0,6.905,2593.740966796875,-0.015302716222397428,0.41902746930288515,0.45840737472948817
2018-12-17,18.197848808669573,18.303818874350785,17.34045998622706,17.62625503540039,42886794,-0.06010287041240925,6.8962,2597.97412109375,0.0016320651719137214,0.43058104084125537,0.47058645076054384
2018-12-18,17.35651674678224,18.014813005820713,17.334039081884796,17.67442512512207,27409560,0.0027328601353455717,6.8939,2576.64990234375,-0.008208018154169494,0.4282521813850305,0.470525097843003
2018-12-19,17.729019270623755,17.966647166861865,17.14136962119065,17.179903030395508,34008930,-0.027979529247809,6.8918,2549.56298828125,-0.010512454190172105,0.4391098205126799,0.4749970488707838
2018-12-20,17.183115499646092,17.449644839976855,16.964755219291824,17.29871940612793,31296675,0.006916009684234226,6.8834,2536.26806640625,-0.005214588514231067,0.4394260345343185,0.4682855060847711
2018-12-21,17.215224802064963,17.401473557286494,16.672530598569775,17.01291847229004,30962670,-0.016521508160693532,6.9048,2516.2509765625,-0.007892339973397666,0.43534886635097947,0.46729429249319476
2018-12-24,16.93264132894548,17.16063725106556,16.72391486762772,17.08677864074707,24480213,0.004341416705036849,6.9048,2527.007080078125,0.004274654482328,0.43552571806288376,0.46539695039447243
2018-12-25,16.8908933041433,17.016130998135218,16.338567107476464,16.76886749267578,33736905,-0.0186056807286753,6.9048,2504.819091796875,-0.00878034274465267,0.38242754452861205,0.4648996665419341
2018-12-26,16.77529275078311,16.916584357588256,16.377103805541992,16.377103805541992,23217186,-0.023362560847051905,6.8847,2498.2939453125,-0.0026050370287197255,0.3856982085515346,0.4677415251591782
2018-12-27,16.733548332865414,16.842728467099107,16.30003600398484,16.325725555419922,30228450,-0.003137200003866636,6.8649,2483.0859375,-0.0060873572707624835,0.38523017706676715,0.4672897864353995
2018-12-28,16.332146633506078,16.505551556029197,16.091306871659874,16.377103805541992,24752118,0.0031470730012983505,6.8755,2493.89599609375,0.004353477433259423,0.3860031730014314,0.4642195994653327
2019-01-02,16.383525015478167,16.502338949787557,15.728440597980299,15.789453506469727,25666335,-0.035882431109303115,6.8597,2465.291015625,-0.011469997350953998,0.3995075037981225,0.45751109567061415
2019-01-03,15.81835427336811,16.014236846359612,15.407320588370279,15.433011054992676,25043280,-0.02257471744231032,6.8708,2464.363037109375,-0.0003764174329697889,0.4014882819870145,0.459586735748782
2019-01-04,15.349520492040638,16.37710338850184,15.256395186260749,16.264711380004883,37961361,0.053890995221126836,6.8663,2514.867919921875,0.020494092003481956,0.43993728346202066,0.4690351871973994
2019-01-07,16.32893722494858,16.659689506303632,16.055984136739855,16.50234031677246,40813650,0.014610092439740985,6.8501,2533.089111328125,0.007245387028840922,0.42151417875191666,0.4468050756182927
2019-01-08,16.794557582433633,17.224857981518397,16.714278891347156,16.980806350708008,44115471,0.02899382904188741,6.8519,2526.4619140625,-0.002616251136206671,0.4226822550157104,0.41765204015617324
2019-01-09,16.63399758351553,17.019340795062107,15.574302373666418,16.203697204589844,78661590,-0.045763971985097296,6.8117,2544.344970703125,0.007078300504387736,0.4418873233060689,0.42877887898887285
2019-01-10,16.023871113622263,16.116995497703588,15.619260263420182,15.686695098876953,46036770,-0.03190642846414371,6.7875,2535.09912109375,-0.0036338820858949905,0.4467783255418961,0.43187506998464537
2019-01-11,15.574302347311711,15.827987776230612,15.535767107491576,15.74128532409668,29039865,0.0034800335491722567,6.7596,2553.8310546875,0.007389033997877048,0.4180522775187649,0.4279483412286228
2019-01-14,15.799087740055894,15.80229962281136,15.192172359041688,15.670639991760254,32923902,-0.0044879011390691614,6.7596,2535.764892578125,-0.007074141445736926,0.41637333308900265,0.42497695813022096
2019-01-15,15.53898036070915,15.72201909107851,15.36557635987542,15.670639991760254,25059195,0.0,6.7595,2570.344970703125,0.013636941747325215,0.41637333308900265,0.42351631030760667
2019-01-16,15.670641791652782,15.773400002091856,15.51650447599417,15.712387084960938,19777137,0.002664032434070096,6.7532,2570.422119140625,3.0014818391821407e-05,0.3705043671642394,0.4029441138660264
2019-01-17,15.702749413548904,15.705961295883846,15.198591378448537,15.249971389770508,29623134,-0.029430009118921796,6.7735,2559.636962890625,-0.004195869686028808,0.37855942912201807,0.40244352619247187
2019-01-18,15.249972626401174,15.249972626401174,14.784348872986554,15.034821510314941,37798773,-0.014108215284907799,6.7765,2596.006103515625,0.014208710513356593,0.3715396640057153,0.4032397740493407
2019-01-21,15.015555463632596,15.497234976120449,14.810039067633674,15.481179237365723,39369978,0.029688262460884518,6.7765,2610.509033203125,0.0055866315829764535,0.3906552901121493,0.4063961225978236
2019-01-22,15.433012456447738,15.6706403366593,15.28529616456048,15.317408561706543,25228131,-0.01057869514642007,6.8072,2579.7041015625,-0.011800354355727682,0.38894655468557365,0.40493752676117234
2019-01-23,15.227494800774915,15.696329541419383,15.198593368360322,15.670639991760254,28985901,0.023060782679440228,6.7897,2581.00390625,0.0005038580536087522,0.4003859416058668,0.4041035519185559
2019-01-24,15.712384339353324,15.725230032144403,15.304562533253975,15.580724716186523,21513477,-0.0057378177037445965,6.7835,2591.694091796875,0.004141871122700813,0.39675551824630134,0.40245577532098964
2019-01-25,15.590360075278877,15.940379973514842,15.474758015981495,15.7926664352417,30278748,0.013602815203775043,6.7448,2601.722900390625,0.003869595808198456,0.39373845534445423,0.4031794784421547
2019-01-28,15.799087411358542,16.007815687044474,15.503656677694194,15.5614595413208,25876077,-0.014640142933998512,6.7437,2596.97705078125,-0.0018241180137448243,0.39647140080822185,0.40132424109511644
2019-01-29,15.558249380260804,15.558249380260804,15.102259373474226,15.413745880126953,18450951,-0.00949227550292564,6.7304,2594.25390625,-0.0010485824395062293,0.39679177071725863,0.38838685473280193
2019-01-30,15.3976873819956,15.50044649632243,15.060512282378609,15.140791893005371,25027842,-0.017708478473977163,6.7115,2575.575927734375,-0.0071997495968403324,0.3816061970110056,0.390006133108636
2019-01-31,15.12473512848811,15.249971900556838,14.858205847060749,14.906373977661133,21565527,-0.015482539949084995,6.6958,2584.572021484375,0.0034928474261342046,0.37729675473663826,0.3904111891793749
2019-02-01,15.01234490097697,15.513291129616944,14.935276250416974,15.500447273254395,27534000,0.03985364223945731,6.7426,2618.23193359375,0.013023398779208106,0.3524520817796587,0.3985276116922355
2019-02-11,15.670638828492704,16.161952118300285,15.670638828492704,16.120206832885742,38661195,0.03998333394551312,6.7907,2653.89599609375,0.013621429806276897,0.3789825597834836,0.3998834337165411
2019-02-12,16.123417505609474,16.425270162813206,16.017447427958594,16.242233276367188,30897453,0.007569781501345796,6.7726,2671.89404296875,0.006781745366619907,0.36389844865589394,0.3979551705616377
2019-02-13,16.24223410537259,16.727123673771157,16.158741689570373,16.560142517089844,36889446,0.019573000542063568,6.7598,2721.068115234375,0.018404199970065926,0.33213237564338915,0.3944852900846426
2019-02-14,16.65005582508492,17.35973128752769,16.65005582508492,17.25054931640625,50737245,0.04169087304676977,6.7711,2719.699951171875,-0.0005028040477340623,0.33725702394178886,0.4026284164576716
2019-02-15,17.147787008231536,17.147787008231536,16.544081778398965,16.59225082397461,45874767,-0.03816101622952739,6.768,2682.385009765625,-0.013720241966460933,0.3704615403145258,0.4090733597880038
2019-02-18,16.675742777625786,16.951905870429268,16.582618398358385,16.84272575378418,50455455,0.015095898227843296,6.768,2754.35693359375,0.026831317490256135,0.37180628011069994,0.4101770681944996
2019-02-19,16.858784402502923,16.91016350596872,16.373892965130956,16.61473274230957,43309359,-0.013536586346386659,6.756,2755.64599609375,0.00046800851562767143,0.37674808938456483,0.41103994755989137
2019-02-20,16.63399687554978,16.955117123568627,16.55050630930017,16.813823699951172,37499697,0.011982796276621022,6.756,2761.218994140625,0.0020223925913469554,0.3780237630928357,0.39193188921790295
2019-02-21,16.794557125126325,17.022553011511206,16.556929266042506,16.678955078125,37816671,-0.008021293920582928,6.7195,2751.801025390625,-0.0034108010882096806,0.36039507761518585,0.39125292220127234
2019-02-22,16.633999399344155,16.65968894958496,16.344990581038928,16.65968894958496,35903352,-0.0011551160399314586,6.7112,2804.22607421875,0.019051177154308707,0.3542955201880947,0.39102360874831793
2019-02-25,16.659687194132324,17.703324833012864,16.537661383981128,17.68084716796875,77514627,0.061295155118080924,6.6844,2961.282958984375,0.05600721218933136,0.398112539664391,0.4109982475092217
2019-02-26,18.368044725928062,18.840090435287294,18.123994920472327,18.2203311920166,87598650,0.030512340213267652,6.698,2941.51611328125,-0.006675095212753446,0.4008136829255139,0.4125650212236877
2019-02-27,18.046925887687383,18.062981626360394,17.388629577325002,17.64873695373535,68562786,-0.031371232073525546,6.6822,2953.823974609375,0.00418418966755052,0.42154707645586525,0.417888862663746
2019-02-28,17.70011690768607,17.732228386583607,17.39184230036186,17.504234313964844,28271214,-0.008187704318405875,6.6912,2940.9541015625,-0.004357020986186844,0.42256287129149667,0.40129411149321165
2019-03-01,17.62304732137353,17.655158798568323,16.980806752708677,17.27623748779297,52368759,-0.013025238469870137,6.7048,2994.0048828125,0.01803862944403467,0.42689980116229354,0.4017941507185524
2019-03-04,17.340461515830498,17.59414511443349,16.932638791066726,17.237703323364258,90677430,-0.0022304720258643496,6.7045,3027.575927734375,0.011212755568500876,0.4216298360623184,0.401800309529589
2019-03-05,17.231278405657157,17.414317112792414,17.019340107237223,17.36614990234375,58891773,0.0074514902925260085,6.706,3054.2470703125,0.0088094050206311,0.4179342324423124,0.40156260920896175
2019-03-06,17.501021924744222,17.64873729584538,17.179901632674813,17.481754302978516,66156534,0.006656881420743943,6.7099,3102.09912109375,0.01566738043113003,0.4082007838546347,0.40050161757530134
2019-03-07,17.372572890319145,17.372572890319145,17.022553028954505,17.141366958618164,54851829,-0.019471006082173115,6.7132,3106.41796875,0.0013922339318181987,0.4114152028409332,0.40232514318952123
2019-03-08,17.019339461338358,17.019339461338358,16.39315656196344,16.41563606262207,55584450,-0.042337982597777435,6.7201,2969.861083984375,-0.043959597883917234,0.4283242096417187,0.4065994206775181
2019-03-11,16.4092129761901,16.852359031148023,16.4092129761901,16.817035675048828,37858950,0.02445227287541618,6.7215,3026.992919921875,0.019237208179734733,0.41394845576597356,0.40012920620379083
2019-03-12,16.826667003854638,16.980804276869886,16.60509490357787,16.695009231567383,41584644,-0.00725612086691918,6.707,3060.306884765625,0.011005630249247389,0.41485556132782464,0.3959184881485625
2019-03-13,16.627578225741637,16.945486654081595,16.473440917301755,16.698223114013672,38162904,0.00019250558066241652,6.7064,3026.950927734375,-0.010899546446566433,0.40944871264370714,0.3924323134834138
2019-03-14,16.70143669132995,17.70975306442966,16.70143669132995,17.52350425720215,105110229,0.04942329118215438,6.7209,2990.68505859375,-0.011980990113959145,0.4204800081688319,0.40465934536636566
2019-03-15,17.677637431102344,18.046924913021837,17.38220671058218,17.78681755065918,76627686,0.015026292092736426,6.7129,3021.7509765625,0.010387559157886583,0.39627481859901553,0.3984127256666328
2019-03-18,17.822142703671837,18.12399538222143,17.786819341956942,17.87352180480957,46376727,0.004874635606029409,6.7121,3096.41796875,0.024709842990582986,0.3940565850503506,0.3985171316097916
2019-03-19,18.03086753922742,18.194638639123323,17.82535115307749,17.979490280151367,37217964,0.005928796601981423,6.7106,3090.97509765625,-0.0017577959915880959,0.3890758036311048,0.3987335363440135
2019-03-20,18.06298067384016,18.19785034155051,17.61341266485709,17.790027618408203,36816810,-0.010537710401741673,6.6916,3090.639892578125,-0.00010844638586027244,0.39133507564875614,0.37950637642925406
2019-03-21,17.79002726275722,17.976277860234383,17.545977480229876,17.677637100219727,32700576,-0.006317613474201678,6.6952,3101.455078125,0.0034993353877450506,0.390738555898545,0.37972533960193505
2019-03-22,17.709748194150293,18.490068412380136,17.65836910025418,18.30381965637207,51909762,0.03542229951900988,6.7162,3104.14892578125,0.0008685754229522669,0.4065862168676374,0.38179535613584176
2019-03-25,17.982701725989905,18.615308509161757,17.892789218776514,18.143260955810547,37368606,-0.008771868581300635,6.7079,3043.031005859375,-0.019689106864127948,0.35012267051683116,0.38217011117030797
2019-03-26,18.30382138433746,18.480436347230608,17.687272199379038,17.74186134338379,31664712,-0.02212389566596662,6.7145,2997.094970703125,-0.015095487054781809,0.3420775494611729,0.3834424029698779
2019-03-27,17.587722361980845,18.15931615886506,17.244124442352454,17.56845474243164,44235018,-0.009773867442426698,6.7262,3022.719970703125,0.008549945947821769,0.32489648306287977,0.3840053392364606
2019-03-28,17.87030988741824,17.873521770281243,16.85878360604045,16.945486068725586,50384184,-0.035459503003496984,6.7381,2994.943115234375,-0.009189357842595225,0.3476064660316348,0.3891524818514439
2019-03-29,16.974388430293246,17.199170631531835,16.749602554131265,17.176692962646484,38506188,0.013644158272190898,6.7112,3090.758056640625,0.031992240827169116,0.348659668020724,0.3868566154184344
2019-04-01,17.19274741711248,17.594146406222364,17.115678767104303,17.484966278076172,48209445,0.017947186696535722,6.7102,3170.361083984375,0.02575517911300751,0.3543049239183206,0.3882843008969082
2019-04-02,17.536344965160907,17.65515890144316,17.340462380685185,17.558822631835938,38530980,0.004223991775859082,6.7223,3176.822998046875,0.0020382265273011235,0.353703953123863,0.3883108377661053
2019-04-03,17.56845452119215,17.629467424022078,17.395049622355653,17.465696334838867,30510771,-0.005303675476977743,6.7098,3216.294921875,0.01242496791681269,0.35361941064865593,0.38073564814031896
2019-04-04,17.51386875701741,17.86709871255788,17.475333510980754,17.72259521484375,44311863,0.01470876826665335,6.7167,3246.571044921875,0.009413354117794981,0.34920139841121034,0.37813035450302984
2019-04-08,17.81571742209418,17.860674586493197,16.987228194091472,17.160633087158203,49680057,-0.03170879438779195,6.7158,3244.81005859375,-0.0005424142283531053,0.33300548871366475,0.36910885823532424
2019-04-09,17.195960533176457,17.757918790740696,17.195960533176457,17.63910484313965,39914610,0.0278819408090194,6.7111,3239.6640625,-0.0015859159706809178,0.3362207803258817,0.3721641722281891
2019-04-10,17.645523075236323,18.079035320221593,17.23449033181995,17.828561782836914,52936371,0.010740734372977512,6.7153,3241.929931640625,0.0006994148457715177,0.33529043191639396,0.3682387990008848
2019-04-11,17.91205610181152,18.432270904771805,17.57488188225765,17.63910484313965,55161906,-0.010626596918190567,6.7188,3189.9619140625,-0.016029963223735066,0.3388864348955328,0.35598602741724816
2019-04-12,17.58130210761487,17.58130210761487,17.234492272572865,17.36936378479004,26838123,-0.01529221923381896,6.7039,3188.6259765625,-0.0004187941850060106,0.29639847584835666,0.3508864392997046
2019-04-15,17.488175914554894,17.73864945427405,17.125310378327637,17.192745208740234,30060444,-0.01016839639253031,6.7072,3177.787109375,-0.0033992281525552226,0.29261481092109093,0.3517440919441851
2019-04-16,17.192743670668772,18.31987357984071,17.1156750374545,18.21711540222168,63028710,0.0595815375057549,6.7112,3253.597900390625,0.02385647257236667,0.364191717501907,0.37090687923373966
2019-04-17,18.65705287444398,20.037866592407227,18.65705287444398,20.037866592407227,147514242,0.09994728308980783,6.687,3263.117919921875,0.002925997564144911,0.5057737047814697,0.4208982619332352
2019-04-18,20.005753691009875,20.008965573453874,18.91394701764187,19.048816680908203,94408956,-0.04935904263749291,6.7081,3250.200927734375,-0.003958481582488793,0.5401152613893033,0.4351015974452262
2019-04-19,18.94927193862756,19.845196118466347,18.788710877480298,19.30892562866211,52309287,0.013654861197472723,6.7032,3270.797119140625,0.006336897891604298,0.5397275170986657,0.4300716752126866
2019-04-22,19.26718148226478,19.30892677264865,18.364835321008464,18.531816482543945,45757452,-0.040246110066560425,6.7112,3215.04296875,-0.017046043627821805,0.5498200981611365,0.43810979097604086
2019-04-23,18.544662951287968,18.59604205505446,18.178587296317115,18.290977478027344,29905761,-0.01299597396420693,6.7249,3198.593994140625,-0.00511625342779487,0.5510367405942496,0.43609017277411477
2019-04-24,18.445113153409263,18.67953098260125,18.19142954010981,18.67310905456543,33876855,0.020891807285703168,6.7207,3201.614013671875,0.000944170950355705,0.5482808976318361,0.43662800040007477
2019-04-25,18.528603757702168,18.528603757702168,17.98269950383195,18.03407859802246,27877455,-0.03422196350246942,6.7418,3123.825927734375,-0.0242965221932816,0.5625845326880489,0.4415183076124708
2019-04-26,18.01160327685586,18.172162507726274,17.70332683414151,17.777185440063477,24626778,-0.014244872925592844,6.7282,3086.39892578125,-0.011981141977482013,0.5487738251997425,0.44255719146069356
2019-05-06,17.623047203037906,17.751494948416074,16.646844338163838,16.714279174804688,40663092,-0.05979046957924927,6.7602,2906.464111328125,-0.05829927328904139,0.5901471562396116,0.4599645713631093
2019-05-07,16.833093736412557,17.205593130610787,16.72070172533882,17.022554397583008,25722741,0.01844382396358557,6.7755,2926.39111328125,0.0068560977152472,0.5903580958477076,0.46004843671657003
2019-05-08,16.70785595959871,17.122100641131674,16.508761488341364,16.650054931640625,29444109,-0.021882700870985206,6.7818,2893.757080078125,-0.011151630776562116,0.5947305551370297,0.4620558823590252
2019-05-09,16.66611346858619,16.778505498044144,16.27113634255053,16.412429809570312,22279170,-0.014271732018057537,6.8256,2850.9541015625,-0.014791489862884255,0.5962414185866457,0.46149269779750135
2019-05-10,16.653263851613815,16.800979196747747,15.959644289673827,16.78171157836914,27139509,0.022500127835032302,6.8217,2939.2109375,0.030956947321294948,0.5998454715082708,0.46199756779588563
2019-05-13,16.76244522288168,16.76244522288168,16.21654096494692,16.38352394104004,19488231,-0.023727474725661946,6.8765,2903.712890625,-0.01207740704217486,0.5952644635341781,0.45833594256648147
2019-05-14,16.20048542813758,16.377102216332332,16.088095265146315,16.116994857788086,18892434,-0.016268116933275234,6.8737,2883.611083984375,-0.006922794159686441,0.5867735521896935,0.45253420524827354
2019-05-15,16.25186793808994,16.48307388897011,16.16195359401687,16.47022819519043,20408055,0.021916823857001777,6.8742,2938.677978515625,0.019096505363394023,0.5917833669447806,0.45445739495544196
2019-05-16,16.45738176916815,16.66289816080643,16.441326030754098,16.52802848815918,17513100,0.003509380215243718,6.8832,2955.7109375,0.005796129793363303,0.5915919659552047,0.45278685986622447
2019-05-17,16.473438691595938,16.52160590492747,16.055982159543717,16.126628875732422,20251446,-0.02428599470979398,6.9182,2882.2958984375,-0.02483836904720993,0.5950024942529095,0.4472199717496201
2019-05-20,16.184430347638262,16.190852275434782,15.574303107893959,15.734862327575684,23488791,-0.02429314590021192,6.9111,2870.60498046875,-0.004056113036516318,0.5993401013011352,0.4431478650945822
2019-05-21,15.786244062433223,15.930749405498304,15.638530511126044,15.863312721252441,17958189,0.00816342660028524,6.9007,2905.968994140625,0.012319359128994511,0.5532911152459141,0.442332387176441
2019-05-22,15.892213953229318,15.898635882016325,15.606418828859232,15.712387084960938,15787011,-0.009514131060992415,6.9054,2891.705078125,-0.0049084887156007895,0.38538289744136356,0.4419073635615733
2019-05-23,15.831199792274953,15.889002659201791,15.243551092814078,15.282085418701172,32117157,-0.027386142152240334,6.9087,2852.514892578125,-0.013552621891955274,0.364297023891578,0.44449457084373495
2019-05-24,15.320617946741171,15.956435627362344,15.092622982314635,15.609625816345215,28129848,0.021432964721112002,6.8997,2852.9951171875,0.00016835130663972464,0.37215603136812636,0.446660402839601
2019-05-27,15.510079913423748,15.731652037374884,15.188959641600551,15.673851013183594,23870058,0.004114461012327819,6.8997,2892.3779296875,0.013804023800371601,0.35787260675562516,0.44676900394301666
2019-05-28,15.673850741381171,16.216541290283203,15.641737428532732,16.216541290283203,36757644,0.03462392724309682,6.9078,2909.910888671875,0.006061780102944336,0.3878853775044409,0.4341440438356665
2019-05-29,15.898633625435867,16.03992706346591,15.82156497854534,15.927535057067871,16997616,-0.017821693790432525,6.9138,2914.696044921875,0.001644433947660895,0.37685064097729526,0.43040726369271687
2019-05-30,15.89542304339031,15.89542304339031,15.494022246613245,15.532557487487793,16621086,-0.024798411566189338,6.9011,2905.804931640625,-0.003050442702847378,0.3694497549765995,0.42869116234097787
2019-05-31,15.619261027140823,15.712385415775564,15.371998420491277,15.494023323059082,16077201,-0.002480864111383596,6.9027,2898.696044921875,-0.0024464432011050974,0.36882504246370046,0.42848588466214554
2019-06-03,15.641737515044285,15.786240992546592,15.426587321330636,15.667427062988281,16188510,0.01119165347267348,6.9028,2890.0810546875,-0.002972022627024784,0.3151938691867709,0.4286207320416199
2019-06-04,15.555036097749245,15.606417034523037,15.317408222795407,15.577515602111816,14799297,-0.005738750882004484,6.9072,2862.280029296875,-0.009619462175821547,0.30484947760471554,0.42871447319604206
2019-06-05,15.728441664054785,15.847257443878995,15.60641767626662,15.702752113342285,20181438,0.00803956898065894,6.9084,2861.41796875,-0.00030117966727627454,0.3003657866073868,0.4287676264244881
2019-06-06,15.956436901822622,16.094518460759197,15.734862928496858,15.853678703308105,31904364,0.009611473764371548,6.9082,2827.798095703125,-0.011749375104945559,0.30018380918040577,0.4290451394605571
2019-06-10,16.37710309092804,16.669321940218172,16.26792112968189,16.344989776611328,39324543,0.030990351356162016,6.9298,2852.1298828125,0.008604499432384394,0.31054369318944436,0.4323540416995454
2019-06-11,16.239022041492326,16.59867573836957,16.10415052706721,16.55371856689453,35905902,0.012770200112445451,6.9107,2925.716064453125,0.025800431489487963,0.30224116223691455,0.4242141605749583
2019-06-12,16.55692701344673,16.55692701344673,16.2358067891493,16.29681968688965,28137297,-0.015519103998702155,6.9161,2909.3798828125,-0.005583652439519526,0.30169500927217346,0.422474704146072
2019-06-13,16.280766163347003,16.280766163347003,16.02065880144937,16.126628875732422,20417679,-0.010443191642731442,6.9212,2910.740966796875,0.00046782614825091606,0.2932992532910381,0.42275310805830674
2019-06-14,16.152317426977852,16.21333032924312,15.831197178865054,15.847254753112793,18765924,-0.017323777013312114,6.9247,2881.97412109375,-0.00988299750176036,0.2984308187170203,0.4241994542091462
2019-06-17,15.892211261545143,16.033504695698692,15.734862089412587,15.766975402832031,15901521,-0.005065820644108321,6.9251,2887.6220703125,0.0019597501509160953,0.28691341344358273,0.41129801575820707
2019-06-18,15.77018888178531,15.927536232384275,15.725231708416343,15.799088478088379,16417104,0.002036730218439864,6.9002,2890.157958984375,0.0008781927170962156,0.27343438333817693,0.40993702630394335
2019-06-19,16.094518044061424,16.16837480828346,15.882577887016359,15.927535057067871,27764901,0.008129999345065642,6.8996,2917.802978515625,0.009565227895351747,0.27342173047722823,0.41021250778377916
2019-06-20,15.927536733273033,16.213333684617247,15.760555566167954,16.14910888671875,36350598,0.013911369766695714,6.851,2987.118896484375,0.023756202347840816,0.2748616516242881,0.4111629819718775
2019-06-21,16.120207254385843,16.274344544928923,16.05598246459551,16.23259925842285,31957458,0.005169967723281932,6.8686,3001.97998046875,0.0049750560655170695,0.2528752858830585,0.4109422230343353
2019-06-24,16.232600636031677,16.338568883859825,16.12341866786832,16.30003547668457,19620348,0.004154369684616466,6.8758,3008.14794921875,0.0020546335385744907,0.24356518388105436,0.41094565479344913
2019-06-25,16.21654501689691,16.274347890830544,15.95964947984237,16.023874282836914,23622657,-0.01694236765574375,6.8791,2982.073974609375,-0.008667783317022892,0.2527542854141254,0.405079039878394
2019-06-26,15.9146911965982,16.248655333024807,15.866522143892476,16.065616607666016,17141781,0.0026050082578226164,6.8781,2976.283935546875,-0.001941614833098959,0.2200795924426531,0.40492551067364024
2019-06-27,16.12020905702877,16.332147395860154,16.075251882894342,16.229389190673828,24354324,0.010193980536649105,6.8762,2996.79296875,0.006890818768390261,0.21297840027956505,0.4033799388583411
2019-06-28,16.23259843706883,16.322510933272085,16.12984024857291,16.287187576293945,16551291,0.0035613407837511435,6.865,2978.8779296875,-0.00597807030692965,0.189914527758932,0.4030907983854471
2019-07-01,16.56977664815857,16.739967853472265,16.402793650789746,16.669322967529297,34309089,0.023462331323030217,6.8487,3044.903076171875,0.022164435080191947,0.2028786058321629,0.39961605399187056
2019-07-02,16.669321817502826,17.46890971255743,16.553717929228977,17.0771427154541,47566902,0.024465285645926427,6.8717,3043.943115234375,-0.0003152681426913384,0.2144843293318293,0.4017995814061085
2019-07-03,17.176690432169693,17.404684482858745,17.077142284716167,17.147789001464844,35617032,0.004136891468782489,6.8806,3015.262939453125,-0.009422047224769359,0.21112908151615026,0.4001898843017065
2019-07-04,17.154213691948968,17.3757876881161,16.96154296860319,17.096412658691406,24441435,-0.0029960913776725384,6.8806,3005.2490234375,-0.003321075546877883,0.2125796706142814,0.4001367070718798
2019-07-05,17.096408959526546,17.266601976853384,16.756022924872877,17.10283088684082,24753987,0.00037541373605942674,6.8925,3011.05908203125,0.0019333035460415982,0.21207259976647505,0.3999926954101557
2019-07-08,17.106044225815857,17.11246615367696,16.460593620507275,16.800981521606445,29192538,-0.017649087875073466,6.8808,2933.363037109375,-0.025803560410200044,0.19952456188212309,0.4003929240461165
2019-07-09,16.75923240358129,17.677635964562615,16.720699003536197,17.62625503540039,54315930,0.04912055362555012,6.8866,2928.22998046875,-0.0017498879530721823,0.25956275943929796,0.4077519947322741
2019-07-10,17.53313353837217,17.53313353837217,17.18311184762803,17.308347702026367,35937585,-0.018036011208027003,6.8705,2915.302001953125,-0.00441494643585183,0.2621202618756759,0.4055627369983789
2019-07-11,17.314776796295636,17.388633578679194,16.984022623643938,17.099626541137695,27691110,-0.012058988210887134,6.8682,2917.760986328125,0.0008434750064838514,0.26329121149343904,0.4056755961402036
2019-07-12,17.11567939860299,17.590937009919248,17.08356791928019,17.423954010009766,31125090,0.018966932879604936,6.8796,2930.550048828125,0.004383176881151751,0.25747150612762143,0.4070139808817308
2019-07-15,17.430373698021253,17.944164650993972,17.218435389285354,17.77397346496582,36662028,0.020088405579753887,6.8769,2942.18994140625,0.0039719139356722,0.2600569971203926,0.407751818601196
2019-07-16,17.706536799135687,17.741860156844265,17.533133730559108,17.59093475341797,16183827,-0.010298131248403064,6.8753,2937.6201171875,-0.001553205030864091,0.2662472521650561,0.40776668006979083
2019-07-17,17.594145784172277,17.725805412329432,17.468909921384853,17.5491886138916,18638613,-0.0023731620923814756,6.8731,2931.68994140625,-0.0020187006980765254,0.26748807948224995,0.3888872697346848
2019-07-18,17.459277730325855,17.459277730325855,17.038611095200107,17.163846969604492,26875320,-0.02195780401961611,6.8788,2901.179931640625,-0.010406970169222651,0.2815586691697079,0.330489552636394
2019-07-19,17.215227262734846,17.414319901102935,17.13494672833825,17.317983627319336,18021675,0.00898030948352102,6.8812,2924.199951171875,0.007934709350561509,0.2822364070001931,0.3163810864676908
2019-07-22,17.501021174021115,17.79966194873287,17.353305809256348,17.62946891784668,34603254,0.01798623311064751,6.8803,2886.97412109375,-0.012730261507325036,0.2869642760871914,0.3173837759817036
2019-07-23,17.597357421949017,18.384099622334762,17.456065822626645,18.08867073059082,42321543,0.026047399095458834,6.8787,2899.93994140625,0.0044911453198575035,0.28576208363510086,0.31168200267192764
2019-07-24,18.2395962335846,18.38731159894219,18.046925535803737,18.091882705688477,31837191,0.00017756833243831593,6.8717,2923.280029296875,0.008048472851926336,0.2863000130556551,0.31054156400113603
2019-07-25,18.091885675759624,18.29740210044412,17.924902661972578,18.239599227905273,20706786,0.00816479548423965,6.8714,2937.360107421875,0.0048165341615893364,0.28600652732412746,0.3079703239813237
2019-07-26,18.128091843124658,18.65340338962409,18.04752193134915,18.505155563354492,31765155,0.014559329518761377,6.8785,2944.5400390625,0.0024443484550917827,0.28741944313043755,0.301106769878126
2019-07-29,18.640510723950943,18.67595956250591,18.237663063456417,18.440698623657227,19030206,-0.0034831882107982937,6.8927,2941.010009765625,-0.0011988389527890497,0.28226893626229826,0.29964369771738103
2019-07-30,18.450364291187018,18.51804403688737,18.221548440767528,18.395578384399414,22645569,-0.0024467749394228022,6.8833,2952.340087890625,0.0038524445980729904,0.2739636636165448,0.2718886734973362
2019-07-31,18.305341491809532,18.305341491809532,17.879936976150056,18.03140640258789,26915949,-0.019796712786174897,6.8833,2932.510009765625,-0.006716732332543773,0.28653292717088824,0.2731473604570555
2019-08-01,17.95083790254032,18.137759871326427,17.783254851176356,17.960506439208984,26600880,-0.003932026254409693,6.8972,2908.77001953125,-0.008095450707863883,0.28679747404941675,0.26914284229357616
2019-08-02,17.42230199283503,17.73490935650495,17.354624090967476,17.52865219116211,25253976,-0.024044658735463464,6.9387,2867.840087890625,-0.014071216138022757,0.30202946144290743,0.27230074967047113
2019-08-05,17.467422840154946,17.554437829607753,16.826092530594295,16.880878448486328,31372596,-0.0369551369729606,7.0481,2821.5,-0.016158532718157703,0.32507519628967635,0.27963773609815085
2019-08-06,16.568266203898574,16.751964686883067,16.258880449872834,16.555376052856445,32508657,-0.019282313809864005,7.0192,2777.555908203125,-0.015574726846314002,0.2762077490379425,0.2781542044337774
2019-08-07,16.645612468350297,16.726182365817063,16.29755442075308,16.37167739868164,21339294,-0.011096012170808356,7.0592,2768.679931640625,-0.003195606805352136,0.27226227450265755,0.27703613623716095
2019-08-08,16.47802907007728,16.536038436019908,16.274993523151345,16.391014099121094,21436848,0.001181106857200298,7.044,2794.552001953125,0.00934455081529384,0.2702344666337056,0.27339615580452653
2019-08-09,16.532815972373236,16.74551819930884,16.391013258359898,16.43290901184082,25732032,0.0025559683169311675,7.0613,2774.75,-0.007085930746425606,0.25942879864589213,0.2733518315534092
2019-08-12,16.397460779364724,16.50058937072754,16.04940270555757,16.50058937072754,27221697,0.004118586601918883,7.0578,2814.989990234375,0.014502203886611387,0.24662185593123137,0.2687101124448019
2019-08-13,16.278219084560767,16.336228457993098,15.92049061954447,15.952719688415527,40599960,-0.033203037176596006,7.0423,2797.260009765625,-0.00629841687901489,0.2674053245185379,0.2728136925672739
2019-08-14,16.178313588269777,16.27499526046652,16.03651085184572,16.207317352294922,27806187,0.01595951466910539,7.0224,2808.909912109375,0.004164754904112833,0.27729277353503484,0.2742286103818451
2019-08-15,15.936601235575276,16.233096776991694,15.80446707236602,16.149303436279297,19933998,-0.003579489113132661,7.0327,2815.800048828125,0.0024529575295548778,0.26889844997068413,0.2735715184810312
2019-08-16,16.210541502780977,16.613387353012964,16.152532128175235,16.458694458007812,27090381,0.019158165115250148,7.0413,2823.820068359375,0.002848220538453239,0.27716465820705594,0.2698364723103731
2019-08-19,16.758410809531114,16.81964364101866,16.500589331733362,16.790639877319336,32041875,0.02016839307385143,7.0499,2883.10009765625,0.020992849353647536,0.27939226630888225,0.2694472169080702
2019-08-20,16.690727645022744,16.787411129765562,16.532813192163033,16.574708938598633,26398692,-0.012860197127590123,7.0597,2880.0,-0.0010752653571654003,0.26055957805491087,0.2709469110810573
2019-08-21,16.54248622263977,16.63594627380371,16.397460034053577,16.63594627380371,25703355,0.003694625071965607,7.0623,2880.330078125,0.000114610460069553,0.2616457957074159,0.2618511094481445
2019-08-22,16.403904590952543,16.403904590952543,16.00750386794422,16.181533813476562,63326772,-0.027315095447422943,7.0829,2883.43994140625,0.0010796898955671708,0.26984832908368117,0.26539620577792006
2019-08-23,16.113855780861446,16.117079240598777,15.546648576669325,15.75612735748291,74090817,-0.02628962500695442,7.0928,2897.429931640625,0.004851840343014668,0.2678613310463936,0.26601783377216454
2019-08-26,15.475747283372176,15.807693562569499,15.385509773216391,15.801246643066406,42682323,0.0028636024931638637,7.1503,2863.570068359375,-0.011686171565873704,0.2701780827365825,0.26599815878593785
2019-08-27,15.83025089679889,15.994612292486618,15.823805821930682,15.965606689453125,43437480,0.010401713871027951,7.1603,2902.18994140625,0.013486617098565246,0.27715928734748363,0.2658669958933003
2019-08-28,16.2105381640894,16.545706034236694,16.04617676648739,16.052621841430664,52952916,0.005450162569457628,7.1628,2893.760009765625,-0.0029046795043815576,0.27607972725825797,0.2657430193767274
2019-08-29,16.04295504080018,16.04295504080018,15.72712420543399,15.823807716369629,29222586,-0.01425400332240323,7.1434,2890.919921875,-0.0009814524635908262,0.27765444957878965,0.2670155545221695
2019-08-30,15.978501212893807,16.078406343462714,15.843143554726195,15.936605453491211,30547602,0.007128356154435078,7.1543,2886.239990234375,-0.0016188382131282486,0.2730430237926437,0.26669268714544386
2019-09-02,16.107412125179575,16.113857201137787,15.90115494183928,16.02362060546875,35501028,0.005460080707367698,7.1543,2924.10595703125,0.01311947964306337,0.24662895413932326,0.25913907496750177
2019-09-03,16.110634155121794,16.110634155121794,15.839920703975515,15.949494361877441,28702599,-0.004626060827102374,7.1786,2930.14990234375,0.0020669378611151146,0.238752512383948,0.2578694859347317
2019-09-04,15.946273550886412,15.946273550886412,15.794802285120138,15.910822868347168,32110506,-0.002424621912949565,7.144,2957.409912109375,0.009303281632049076,0.23622316021405598,0.2559993937951539
2019-09-05,15.952720311323123,16.242769033895076,15.949496851084731,16.158977508544922,52472229,0.015596593730637931,7.1468,2985.860107421875,0.009619970230034136,0.2436726587337339,0.25714006194355665
2019-09-06,16.223431552288048,16.50058823951132,16.181533951345152,16.271772384643555,43972071,0.006980322612553103,7.1131,2999.60009765625,0.004601685859368265,0.24493545549731197,0.2548951353653249
2019-09-09,16.387795445750783,16.64883856172074,16.29433353850784,16.623056411743164,58448523,0.021588553403754096,7.121,3024.739990234375,0.008381081397406343,0.2567546552198078,0.2582107724326912
2019-09-10,16.66172758413271,16.716515334585612,16.391014135656217,16.484474182128906,38512092,-0.008336747838764369,7.1121,3021.199951171875,-0.0011703614439354526,0.22690617126333257,0.2589091055858408
2019-09-11,16.519927064907478,16.65528288514863,16.40390647321167,16.471586227416992,34907160,-0.0007818238282593093,7.1153,3008.81005859375,-0.004100983972715633,0.2206861146018348,0.25848099250383366
2019-09-12,16.532819225002644,16.558599529984953,16.22987851244334,16.368457794189453,29743443,-0.006260989791977756,7.0787,3031.239990234375,0.007454751614034416,0.22161152905915807,0.25737762340355275
2019-09-16,16.548930426943347,16.55215388663895,16.387792479768613,16.48769760131836,25136316,0.007284730707570741,7.0659,3030.75,-0.00016164679667518556,0.2123571686625182,0.2575830443956412
2019-09-17,16.50058968006001,16.51025821619211,16.010728861903345,16.104188919067383,31679295,-0.023260293312288294,7.0905,2978.1201171875,-0.017365299946382917,0.21406894313565467,0.26196155990824516
2019-09-18,16.11385704282184,16.155752802265635,16.05262421160871,16.12674903869629,15984897,0.0014008851822517876,7.0849,2985.659912109375,0.0025317296231139874,0.21042573744319615,0.2596013658808835
2019-09-19,16.171865422654122,16.197647568737818,16.049401611819974,16.17508888244629,18512283,0.0029974946366442268,7.0959,2999.280029296875,0.004561844814360505,0.21022138347414793,0.2596178959519332
2019-09-20,16.24276951417378,16.255661511423746,16.113858762098424,16.13641929626465,20628855,-0.0023906877089007184,7.0909,3006.449951171875,0.0023905476664281,0.18663773518208074,0.2588378592641053
2019-09-23,16.08163059536432,16.097744207921526,15.743239199408723,15.849591255187988,28780551,-0.017775197570817802,7.1168,2977.080078125,-0.00976895458892535,0.17270215521986243,0.2612782606001836
2019-09-24,15.920489187000067,16.24276693811858,15.852811283404629,16.07196044921875,23950125,0.014029963956198266,7.1138,2985.340087890625,0.0027745339557097015,0.17927914167802494,0.2583092843485693
2019-09-25,16.0655159483517,16.0655159483517,15.759351797224364,15.804471015930176,24226035,-0.016643236158634056,7.1313,2955.429931640625,-0.010019011358646912,0.18587076053243867,0.25507281702925977
2019-09-26,15.888261314773814,15.952717599993013,15.623994786769428,15.627218246459961,20857335,-0.011215356040170654,7.13,2929.090087890625,-0.008912356022386936,0.1882624703976419,0.255650120439775
2019-09-27,15.627219533852946,15.730348123431954,15.591767006589938,15.65622329711914,12204297,0.0018560597415187008,7.1218,2932.169921875,0.0010514644111179194,0.18211665498290522,0.25571565331351465
2019-09-30,15.678781680863104,15.833474562235246,15.643332842456019,15.72067928314209,14743353,0.0041169562288250194,7.1477,2905.18994140625,-0.009201370039120138,0.18075896834559207,0.2559376051849516
2019-10-08,15.727124742265127,15.8753725515488,15.565986781261824,15.604659080505371,14584452,-0.0073801011105882885,7.1422,2913.570068359375,0.0028845366816423468,0.18077671463553804,0.25398948751371486
2019-10-09,15.565986085477252,15.57243116104898,15.237263258219773,15.498308181762695,15141336,-0.006815329844375606,7.1316,2924.860107421875,0.0038749845713705877,0.1814826787071,0.23163093232051438
2019-10-10,15.59821311943329,15.856034580040841,15.585322968445185,15.79157829284668,18765927,0.018922717734383587,7.1153,2947.7099609375,0.007812289366470271,0.19514514469830943,0.2331065949239537
2019-10-11,15.63044023213486,15.778688031972916,15.459633746182453,15.607881546020508,22722522,-0.011632576770960523,7.0868,2973.659912109375,0.008803427581328904,0.18957474952467523,0.23302510201806986
2019-10-14,15.78513325235342,15.914043982943033,15.630440375645883,15.743237495422363,25164456,0.00867228194952352,7.0868,3007.8798828125,0.011507694798511992,0.19069007182610068,0.23011632104836144
2019-10-15,15.759351827177852,15.791579050278415,15.437074985960635,15.469303131103516,22983216,-0.01740012906484445,7.0814,2991.050048828125,-0.005595248028534394,0.1776330089457831,0.22784938454706954
2019-10-16,15.469301440794768,15.546647874235363,15.301716579631258,15.314608573913574,21451062,-0.010000098639149635,7.092,2978.7099609375,-0.004125670814321469,0.17832668812384725,0.22780501271745426
2019-10-17,15.314608573913574,15.388731547762482,15.275935357193276,15.314608573913574,11553069,0.0,7.0766,2977.330078125,-0.000463248463460908,0.17851285723446772,0.22784945056222378
2019-10-18,15.466080081575376,15.466080081575376,15.089015475813515,15.114798545837402,22502913,-0.013047021548857729,7.0805,2938.139892578125,-0.013162862201545167,0.18146800734723625,0.22526050370816242
2019-10-21,15.11479778635781,15.14057993304387,14.892426079658827,15.008445739746094,15847608,-0.007036336327525761,7.0748,2939.6201171875,0.0005037965050997961,0.17680666763899042,0.22431019903645044
2019-10-22,15.014891251596051,15.101906224356497,14.992331643465146,15.08257007598877,9967221,0.004938841604789079,7.0761,2954.3798828125,0.0050209772135869635,0.16536078988095396,0.22084114708087785
2019-10-23,15.079347875662975,15.130912171673293,15.005224891679902,15.018115043640137,9110265,-0.004273478062684077,7.0624,2941.6201171875,-0.004318931935338277,0.16448206190737394,0.21269130444139211
2019-10-24,14.98588649893935,15.089014159828936,14.98588649893935,15.037450790405273,9470652,0.0012874949159031868,7.0684,2940.919921875,-0.00023803050176629537,0.16369574032415915,0.21277442958187556
2019-10-25,15.082571387141597,15.201813591561601,14.966550798680295,15.159917831420898,11122659,0.008144135779567518,7.0647,2954.929931640625,0.004763818851855284,0.1689071239598899,0.212769808330278
2019-10-28,15.156692686210139,15.295271947313477,15.156692686210139,15.243707656860352,15777576,0.005527063297519286,7.067,2980.050048828125,0.008501087257102302,0.1621021654660614,0.2103798524747673
2019-10-29,15.256599688709606,15.433852178797277,15.179253248166875,15.195366859436035,16532814,-0.0031711968316685546,7.0655,2954.179931640625,-0.008681101580046646,0.15079059542154602,0.21037864544364843
2019-10-30,14.792520555042408,14.792520555042408,14.019055253215186,14.167302131652832,51725652,-0.06765645984682456,7.0541,2939.320068359375,-0.0050301144903511785,0.27261241170385725,0.24846732777441502
2019-10-31,14.164081039140237,14.164081039140237,13.729007050608045,13.809576034545898,33205071,-0.025250121285103067,7.0379,2929.06005859375,-0.0034906065100123174,0.28106691994476213,0.25017298287866446
2019-11-01,13.793461597319599,14.099624824425758,13.632323639079923,14.041614532470703,20191350,0.016802724236018474,7.0368,2958.199951171875,0.00994854731388295,0.2914312437939875,0.2538887261936059
2019-11-04,14.041613540070319,14.11573836024437,13.899811741142724,13.996495246887207,16235754,-0.0032132548204595324,7.03,2975.489990234375,0.005844783769822781,0.2894570997431844,0.2504178613702037
2019-11-05,14.025502288896448,14.292992321467052,13.864364314941742,14.164081573486328,23097039,0.01197344932735156,7.0082,2991.56005859375,0.005400814122083153,0.2959829585062661,0.24255008958468147
2019-11-06,14.2124219946075,14.454129854794846,14.028724426563734,14.28010082244873,29014263,0.008191088731060336,6.9968,2978.60009765625,-0.00433217474617309,0.29930907159618747,0.24110843124203685
2019-11-07,14.189861906739905,14.711950830254178,14.080287323960947,14.39934253692627,29050650,0.008350201161751336,6.9766,2978.7099609375,3.6884199841491494e-05,0.29084462870526645,0.2413875299421486
2019-11-08,14.78607439054587,14.808633076503142,14.438015423573226,14.463797569274902,27411939,0.004476248285874229,6.9954,2964.179931640625,-0.004877960421598715,0.2911814560304064,0.24166855690976038
2019-11-11,14.438017604477167,14.438017604477167,14.060952975101747,14.164081573486328,18502074,-0.02072180520731659,6.9954,2909.969970703125,-0.01828835029845699,0.2933898477505075,0.2444998601588124
2019-11-12,14.154411099709854,14.28654343714619,14.03516799038315,14.212420463562012,13370787,0.0034127797008858263,7.0066,2914.820068359375,0.0016667174249491712,0.2911134326262933,0.2444243146796557
2019-11-13,14.218866993232098,14.234981526654853,13.857916934873154,13.94815444946289,17393382,-0.018594018856721073,7.0223,2905.239990234375,-0.0032866790746339802,0.2950101607738232,0.23830932576427327
2019-11-14,14.019055222083628,14.12218288378367,13.961044932707441,14.025500297546387,12119367,0.005545238860362289,7.0195,2909.8701171875,0.0015937158268124474,0.296781628706872,0.2358775133952021
2019-11-15,14.028723465881335,14.06095068661017,13.793460697574929,13.896589279174805,13844757,-0.009191188594829258,7.0075,2891.340087890625,-0.006367991886450541,0.2955729865661393,0.2362878998996759
2019-11-18,13.825690682625295,13.867586443972309,13.703225014635713,13.803130149841309,16105941,-0.006725328600849734,7.0246,2909.199951171875,0.006177019215432233,0.2955329911567434,0.23212358680120515
2019-11-19,13.71611319099933,14.099623752229192,13.71611319099933,14.09640121459961,16039044,0.021246707201530768,7.0263,2933.989990234375,0.008521256523641219,0.30750723354622606,0.23258978861207819
2019-11-20,14.05128323028603,14.05128323028603,13.86113966285345,13.890144348144531,11816052,-0.014631881096109689,7.0344,2911.050048828125,-0.007818684277248522,0.3101770407521626,0.23294505170834517
2019-11-21,13.92237298156097,14.13829870394398,13.787017164094959,14.057729721069336,17099913,0.012065056253154793,7.0285,2903.639892578125,-0.0025455269149299298,0.31480479987956944,0.23457281403127866
2019-11-22,14.093179114195461,14.373560199940863,14.002941597568162,14.122183799743652,21080670,0.004584956458347111,7.0389,2885.2900390625,-0.006319603736857471,0.3133582446391844,0.2293227197508864
2019-11-25,14.231758297873041,14.592708338708814,14.031946207103534,14.46057415008545,36517989,0.023961616357658366,7.0349,2906.169921875,0.007236666861846652,0.3268266782437766,0.2298639380453617
2019-11-26,14.431570243919396,14.53147629468533,14.09962486868941,14.373559951782227,29870415,-0.006017340487321388,7.0319,2907.06005859375,0.00030629204164900337,0.3270686623684691,0.22989342084439884
2019-11-27,14.32844141196181,14.331663949791846,14.131851851652927,14.147966384887695,14499294,-0.01569503780909609,7.028,2903.18994140625,-0.0013312821577453615,0.2264543582914286,0.23035694909369772
2019-11-28,14.044837706165085,14.093179464642377,13.906259350858962,13.91592788696289,14436009,-0.0164008375205541,7.028,2889.693115234375,-0.004648964223586849,0.21525427629353114,0.2317247735896621
2019-11-29,13.944932163589352,14.057729289375416,13.864363183188873,13.98360538482666,13231086,0.004863311912328472,7.0308,2871.97998046875,-0.0061297632860187745,0.20726340779514893,0.23081268422673518
2019-12-02,13.983605023545136,14.031946779353392,13.874031360558211,13.906258583068848,12993279,-0.005531248889627527,7.038,2875.81005859375,0.001333601957899111,0.2078837409380787,0.23014246955248527
2019-12-03,13.906259219160317,14.12863001519062,13.854694923150836,14.112516403198242,14114412,0.014832013866081573,7.0609,2884.699951171875,0.0030912655554422575,0.21034463378357188,0.2322602087943696
2019-12-04,14.089955578788476,14.321994890831974,13.999718068549338,14.222089767456055,20687913,0.007764268336508673,7.0489,2878.115966796875,-0.0022823810054578564,0.21012686767405123,0.2330502829614307
2019-12-05,14.244649999263943,14.312328830819267,14.147967403108627,14.193086624145508,18859359,-0.002039302506507412,7.0445,2899.468994140625,0.007419099018276976,0.20779541169367396,0.23304721686484714
2019-12-06,14.196308404695202,14.225313089789875,14.009387376440191,14.0867338180542,20443719,-0.00749328239217395,7.0348,2912.013916015625,0.004326627358441026,0.20823004161796477,0.23047760857287294
2019-12-09,14.086734047754382,14.11573965536434,13.944932235816461,13.980382919311523,17477955,-0.007549720191800002,7.0389,2914.47802734375,0.0008461880331589455,0.19682026238699457,0.22993417666493107
2019-12-10,14.028723389482783,14.028723389482783,13.922371348755403,13.996495246887207,12651951,0.001152495440838619,7.0328,2917.31591796875,0.0009737217430958456,0.196375183664086,0.22457131450253892
2019-12-11,13.973936899879615,14.254317985381425,13.919149144728891,14.218867301940918,26661987,0.015887695536006774,7.0384,2924.4169921875,0.002434112183398396,0.1927967773832038,0.22747168007094204
2019-12-12,14.209198117668567,14.209198117668567,13.932040504794383,14.012609481811523,24276825,-0.014505924821539007,6.9925,2915.697998046875,-0.002981446956407896,0.19958854062173387,0.2288003558018364
2019-12-13,14.112516236569956,14.144744382216532,13.932041202667664,13.97715950012207,42480249,-0.0025298629591774535,6.9925,2967.676025390625,0.017826958545970273,0.19688957210102667,0.22867220620645978
2019-12-16,13.996495530837079,14.228534842880576,13.93204016638055,14.222089767456055,37579044,0.017523608236125865,6.9921,2984.39306640625,0.005633041097679925,0.20399920796770174,0.23149359255090102
2019-12-17,14.234982592822993,14.67972512334663,14.231760054714005,14.515363693237305,57141525,0.02062101495466151,6.9967,3022.422119140625,0.01274264210115228,0.2032095019023269,0.23203462342109854
2019-12-18,14.528253162394178,14.528253162394178,14.351001588185225,14.40578842163086,33968739,-0.007548916714880227,7.0029,3017.0439453125,-0.0017794251153953056,0.19719835588657095,0.23226127451587936
2019-12-19,14.40578764547535,14.502471155327783,14.26398584052279,14.492802619934082,30349041,0.006040224648348191,7.0097,3017.06591796875,7.282842626077368e-06,0.1942152576422439,0.23261160172987178
2019-12-20,14.576594032340836,15.237263141628699,14.518584664470024,15.02455997467041,86951406,0.03669113343232344,7.0063,3004.93798828125,-0.004019776172363265,0.23076678993208752,0.2455600919668876
2019-12-23,14.92787674295848,14.96010488729639,14.653940743234283,14.676501274108887,39832527,-0.02316598297376482,7.0124,2962.7509765625,-0.014039228723944475,0.23512787983259195,0.24736832031558395
2019-12-24,14.744179763124666,15.09868383264289,14.744179763124666,15.076125144958496,46980666,0.027228824049134515,7.0064,2982.680908203125,0.00672683320275147,0.2513168960791882,0.2522606197760317
2019-12-25,15.16313964644058,15.514420244907022,14.989109694088757,15.09868335723877,57549771,0.001496287146954156,7.0064,2981.881103515625,-0.00026814959833632024,0.2420400091621336,0.25016814313455604
2019-12-26,14.89242618758209,15.227595018972076,14.869867500600032,14.95688247680664,33103716,-0.009391605683560789,6.9949,3007.35498046875,0.008542888220154587,0.2356417163418551,0.2498665183135117
2019-12-27,14.889202447549279,15.098682143467192,14.824747085571289,14.824747085571289,32886381,-0.008834420638141105,6.9954,3005.035888671875,-0.0007711400256824597,0.23973883342783778,0.2503763734713849
2019-12-30,14.937545126381568,15.404847221248628,14.831194003029614,15.353282928466797,58943136,0.03565226710747216,6.9864,3040.02392578125,0.011643134526702292,0.2636096499780437,0.26112401670318747
2019-12-31,15.311386064483983,15.501529622335536,15.114797431133534,15.362951278686523,39649848,0.000629725268841419,6.9618,3050.1240234375,0.003322374396660166,0.26146120044511373,0.26070677223790206
2020-01-02,15.369395977587411,15.620772371810942,15.311386607869553,15.524088859558105,47803710,0.010488712614426632,6.9642,3085.197998046875,0.011499196209682871,0.26210677262685395,0.2612218807246989
2020-01-03,15.533756329943888,15.788356166614019,15.366173308010172,15.482192039489746,38980821,-0.002698826349642025,6.9649,3083.785888671875,-0.0004577046192477674,0.26233595452793346,0.2583316869219854
2020-01-06,15.272712699358662,15.852810980616002,15.208257334774514,15.559538841247559,50961414,0.004995855984768038,6.9749,3083.407958984375,-0.0001225538027423978,0.25849041874717615,0.257434222226678
2020-01-07,15.569206969426936,15.630439794691663,15.39517795062043,15.4854154586792,28020174,-0.004763854721186345,6.9443,3104.802001953125,0.006938440599925322,0.2568649696968374,0.2569908229683878
2020-01-08,15.32427865642452,15.582100127267623,15.195366998960656,15.237263679504395,33292335,-0.016024870616934028,6.9447,3066.89306640625,-0.012209775542217471,0.26751394537716167,0.2566116026755109
2020-01-09,15.388732615797762,15.533756958053555,15.269490419811547,15.356505393981934,26765100,0.007825664567184143,6.9309,3094.882080078125,0.009126178535031837,0.2644309335450788,0.25628097390424126
2020-01-10,15.359729805278192,15.359729805278192,15.021338402682566,15.121245384216309,32788389,-0.015319892366776444,6.9178,3092.291015625,-0.0008372094270744368,0.26520057680807463,0.25824130280482455
2020-01-13,16.632722854614258,16.632722854614258,16.27821787602972,16.632722854614258,155648277,0.09995720802042163,6.8924,3115.570068359375,0.007528092477955273,0.4302000242804933,0.3283372712486692
2020-01-14,17.725241241053617,18.044297375842774,17.080687584095983,17.222490310668945,184492788,0.03545826267952723,6.8837,3106.820068359375,-0.0028084747920972264,0.4394844079661893,0.334934252271658
2020-01-15,17.406189738302796,17.644676012638946,16.84865096624389,17.18059730529785,89611569,-0.0024324592213671448,6.8899,3090.0400390625,-0.005401030290671516,0.4396904524241555,0.33504672046392764
2020-01-16,17.238603581004202,17.57699493575317,16.687509984682656,17.431970596313477,100721121,0.014631231181823301,6.8769,3074.0810546875,-0.005164652940821357,0.4357740609366688,0.3356806480933792
2020-01-17,17.357845741940164,19.175487937264478,17.145143500768715,18.67595863342285,159180114,0.07136244466660902,6.8589,3075.49609375,0.0004603128666182954,0.4867596177835031,0.36394774718132056
2020-01-20,18.4664803775889,19.30439921530555,18.208657068963113,18.93700408935547,90232686,0.013977620161647053,6.8589,3095.787109375,0.006597639862471416,0.478827016224635,0.3644362826762133
2020-01-21,18.60183398908062,18.6050574485385,18.224770372220643,18.279556274414062,61150971,-0.03471762544060275,6.9049,3052.139892578125,-0.014098907726793564,0.4916795065969313,0.37293499165576505
2020-01-22,18.208657583325436,19.497766786531123,18.079748691497958,19.10136604309082,98393985,0.04495786201479346,6.904,3060.7548828125,0.0028226066096523894,0.5031078160613436,0.3822953515057481
2020-01-23,18.68885188658493,19.942508576129203,18.534159001848085,19.281841278076172,87475488,0.009448289435332269,6.9364,2976.528076171875,-0.027518311614430746,0.5016195189321305,0.3519323399777851
2020-02-03,17.35462188720703,17.557655567027656,17.35462188720703,17.35462188720703,30119400,-0.09994996655534272,7.0208,2746.60595703125,-0.07724506984537793,0.6388777350255183,0.4084622749631399
2020-02-04,17.40296746352957,18.53093696221156,17.40296746352957,18.163541793823242,110332590,0.046611208925992687,6.9979,2783.2880859375,0.013355439214840725,0.6494604819312287,0.41689047131932966
2020-02-05,18.59539130942443,19.98118215722683,18.36657360463558,19.597673416137695,133869075,0.07895660651394265,6.972,2818.087890625,0.01250312709752377,0.6882879742218868,0.44344710777222635
2020-02-06,18.837099522134118,19.61056393870069,18.820984066548263,19.578336715698242,90339543,-0.0009866834714946648,6.9694,2866.510009765625,0.01718261495736595,0.6887023565004543,0.4434976668199413
2020-02-07,19.575114464343386,19.575114464343386,18.2602230309134,18.659847259521484,96384477,-0.046913559078810674,7.0003,2875.9599609375,0.0032966747507181537,0.7209627833467563,0.4564137655158945
2020-02-10,19.07880623996769,20.419479659125685,18.966009122131233,19.63634490966797,105838938,0.05233149213738675,6.982,2890.488037109375,0.00505155717367467,0.7342260894668057,0.4666310969090411
2020-02-11,19.336626481829597,19.37530061995377,18.782309462612478,19.027240753173828,58852722,-0.031019222737030283,6.965,2901.669921875,0.00386851099954999,0.7503662712607339,0.4726293979354102
2020-02-12,19.027243575878884,19.529996381570445,18.804872780929237,19.075584411621094,59236668,0.002540760327490066,6.9708,2926.89892578125,0.008694649834584789,0.7487553190089934,0.4696140108007673
2020-02-13,18.853214651500544,19.37852617388855,18.53093686327569,18.54705047607422,71084109,-0.02770735219125897,6.9759,2906.073974609375,-0.007115022315407171,0.755575747117945,0.47448229954798204
2020-02-14,18.550270450507448,18.659844103398427,18.189320428208802,18.337566375732422,63352149,-0.011294739323216452,6.9859,2917.008056640625,0.003762492671137041,0.75966182408966,0.4731737436340947
2020-02-17,18.34079304591042,18.87255148184886,18.34079304591042,18.846769332885742,62966700,0.027768295242665886,6.9859,2983.6220703125,0.022836417445000423,0.7560062480289541,0.47546854925840765
2020-02-18,18.627619489557684,19.336629483151185,18.617950953525945,19.165822982788086,68509596,0.016928824472087545,6.9949,2984.971923828125,0.0004524210787473226,0.6819194463757403,0.4750640053938707
2020-02-19,20.77720760775569,20.78043106770908,19.871608989741226,19.952177047729492,131242959,0.04102897463091426,6.9975,2975.402099609375,-0.003206001417419335,0.6851737189564688,0.47973977684903596
2020-02-20,20.3582430424697,21.947071075439453,20.338907818125513,21.947071075439453,194817282,0.0999837773561143,7.0225,3030.154052734375,0.018401530714853065,0.7566592940101926,0.5157865641278427
2020-02-21,21.59256618620097,22.00185889794197,21.167161708142118,21.753705978393555,136556748,-0.00881051947119671,7.0255,3039.6689453125,0.0031400689247265134,0.7607165413238575,0.5148366166298066
2020-02-24,21.08336901988261,21.637686086880368,20.93512306185329,21.334745407104492,107390637,-0.01925927341783451,7.0286,3031.23291015625,-0.0027753137950299323,0.7348510086204196,0.5177780688819987
2020-02-25,20.754646813190913,23.265187300513045,20.68052383196427,22.833335876464844,122230227,0.0702417788806291,7.0128,3013.050048828125,-0.005998503535377564,0.7676404353000666,0.533449663672752
2020-02-26,22.488499659021326,24.428607627151894,22.237123261729018,23.107271194458008,156830496,0.011997165875158755,7.0214,2987.928955078125,-0.008337429960637577,0.7488173808667126,0.5325396088977367
2020-02-27,23.100825303125674,23.574572473730314,21.940626871055628,22.57551383972168,81809988,-0.02301255523689283,7.0036,2991.330078125,0.0011382877899739352,0.7490229455101233,0.5356331705770192
2020-02-28,21.482994822217155,22.233900580446402,20.931901173658197,21.067258834838867,101476056,-0.06680933225223129,6.9906,2880.303955078125,-0.03711597187444704,0.7964288187856772,0.5552188154480847
2020-03-02,21.141379894121037,21.666691346628276,20.62573513273916,21.544225692749023,67692963,0.022640195463939472,6.9595,2970.930908203125,0.03146437130887514,0.6930512502969957,0.5538781900314236
2020-03-03,22.494946553230132,22.623857300200076,21.740817300392376,21.87295150756836,82275876,0.015258186555758835,6.9579,2992.89697265625,0.007393663848753285,0.6809710612360274,0.5540441527702388
2020-03-04,21.576454651838393,21.850391587289607,20.85777796950431,21.457212448120117,54279759,-0.01900699406316475,6.9244,3011.666015625,0.006271195814699926,0.6371439772234986,0.5561421547145705
2020-03-05,21.599013733981046,21.792380752603716,21.109151111892828,21.531335830688477,51001101,0.0034544740025097553,6.9366,3071.677001953125,0.01992617575015898,0.636758151483434,0.5560210328571045
2020-03-06,21.109150880611793,21.76981998359688,21.054364973067123,21.06403350830078,44162880,-0.02170335951574598,6.9298,3034.510986328125,-0.012099584559629117,0.615147812133471,0.5592680806234441
2020-03-09,20.39692110047844,20.39692110047844,19.07236116383718,19.15937614440918,86259546,-0.0904222528482509,6.9448,2943.291015625,-0.030060847073585584,0.6802036378501943,0.5937535562838536
2020-03-10,18.563162004366585,19.8200419775012,18.476147038402026,19.417194366455078,79433769,0.013456504016762016,6.9549,2996.761962890625,0.018167060947002822,0.6718854531238783,0.5933176803666427
2020-03-11,19.58478121054698,19.707246867225198,18.885439796447226,18.93700408935547,66095541,-0.0247301576137684,6.9595,2968.51708984375,-0.009425130656567249,0.6784621462891902,0.5960378442275213
2020-03-12,18.46970187828533,18.58249899883001,18.015291780372777,18.369796752929688,68928255,-0.029952326870152035,7.0282,2923.486083984375,-0.015169528925213394,0.6797456620894308,0.6004574876548369
2020-03-13,17.338508198014075,18.208656053327,16.8712079721509,17.934720993041992,63228900,-0.02368429905563918,7.0079,2887.427001953125,-0.01233427524378894,0.683979349326332,0.6029325998360209
2020-03-16,18.237663118047095,18.476149361601344,17.364291733156335,17.386852264404297,70853244,-0.030547937090866784,6.9913,2789.25390625,-0.034000200052406004,0.6836403251625717,0.6059904928336906
2020-03-17,17.36429389152406,17.712353842411083,16.71974013440443,17.087135314941406,53893056,-0.0172381374676136,7.003,2779.64111328125,-0.003446367126065608,0.6810855239293313,0.6074480932319462
2020-03-18,17.270830228923902,17.61889010729364,16.76485586551392,16.78741455078125,51306669,-0.017540726320465994,7.0459,2728.756103515625,-0.01830632361943929,0.6601608147632279,0.6083810563121305
2020-03-19,16.7938636570954,16.92599601442976,16.075183277412194,16.584383010864258,57767700,-0.012094270937482943,7.1058,2702.1298828125,-0.009757640365447351,0.5231545577160935,0.6081398942910687
2020-03-20,16.855093797233835,17.0130101389746,16.565045104809823,16.913105010986328,42762660,0.019821177544363744,7.095,2745.617919921875,0.016093984743660972,0.5361870538646365,0.6087099898474896
2020-03-23,16.194424685988604,16.371676234914265,15.433850513984117,15.5176420211792,72002928,-0.08250779433466959,7.09,2660.169921875,-0.031121591036711416,0.5917375575774952,0.633608511141694
2020-03-24,15.875370801487296,16.07518103970756,15.272712016998495,16.026840209960938,60504033,0.032814147155009854,7.061,2722.43798828125,0.023407552237249885,0.5320301538034258,0.6327490389641663
2020-03-25,16.613385622894906,17.01623327525911,16.449024208557933,16.832534790039062,86211426,0.050271580019707995,7.1099,2781.591064453125,0.02172797926950021,0.5752779326698556,0.6382199852240588
2020-03-26,16.919549906458037,17.783252742891264,16.63272283290843,17.493202209472656,87726852,0.03924943139428749,7.0709,2764.910888671875,-0.005996631206654168,0.6055432056246819,0.6406334908436577
2020-03-27,17.854152912480803,18.06363355355307,17.54476714085173,17.654342651367188,67908855,0.009211603454013284,7.0942,2772.202880859375,0.0026373335275924337,0.5734987445113727,0.6407368046833267
2020-03-30,17.72524241472365,18.621174362324243,17.68334849884255,18.11842155456543,97655820,0.02628695456765162,7.0986,2747.214111328125,-0.009014047890861243,0.5762361334017803,0.6418633312155556
2020-03-31,18.292452104517217,19.333406593517065,17.87026918712708,19.326961517333984,103740432,0.06670227641679038,7.0808,2750.2958984375,0.0011217862840275927,0.6301631072016789,0.6539637236418339
2020-04-01,19.304396402491623,19.5493276801595,18.37623926538361,18.402021408081055,108320841,-0.04785750250619414,7.0989,2734.52197265625,-0.005735355890328586,0.6465295426824446,0.6597576466976847
2020-04-02,18.273112370568604,18.273112370568604,17.66078596432181,18.221548080444336,69064707,-0.009807255607118592,7.0857,2780.637939453125,0.016864361397717742,0.6454388514602413,0.6603231588708308
2020-04-03,18.237663964292516,18.237663964292516,17.696238850488083,17.725242614746094,49795605,-0.027237283215847397,7.0908,2763.987060546875,-0.00598815065780367,0.6473485575354532,0.6631860211581591
2020-04-07,18.189324316838103,18.34401721660875,17.918610820197053,18.14420509338379,55770690,0.02363648767713622,7.0448,2820.762939453125,0.020541296924529107,0.5770362284283753,0.6644028278319313
2020-04-08,17.983065844142374,17.983065844142374,17.73813451480152,17.828372955322266,38301681,-0.01740677733943219,7.0649,2815.368896484375,-0.0019122638394404312,0.5764089117922989,0.6657733767637346
2020-04-09,17.986289254783543,18.221552071537147,17.902497725999748,17.928279876708984,39278796,0.005603815986858995,7.0428,2825.904052734375,0.0037420162818291303,0.5717196397154827,0.66558707522189
2020-04-10,18.13775771179237,18.13775771179237,17.451306442726775,17.589885711669922,38870016,-0.018874881883045425,7.0341,2796.631103515625,-0.010358790911681903,0.5658880838284253,0.6659661553958728
2020-04-13,17.63822642083643,18.028180193377416,17.63822642083643,17.97661590576172,30141768,0.021985941263690023,7.0501,2783.048095703125,-0.004856917952255069,0.5654265865501874,0.6670123029666667
2020-04-14,17.983066314262032,18.69207448451366,17.847708649942348,18.659847259521484,69344115,0.03800667252064849,7.0479,2827.282958984375,0.0158943941175671,0.5675003574301878,0.6695356404481916
2020-04-15,19.130369776571392,20.106867813935487,18.814537121455963,19.38819122314453,90888108,0.03903268625370959,7.0664,2811.174072265625,-0.005697656355038716,0.5744791549288727,0.6435274219706472
2020-04-16,19.368855181716206,19.7555873721034,19.03046382359571,19.336627960205078,48550344,-0.0026595190003025904,7.0778,2819.93505859375,0.0031164866005839453,0.5684568306030839,0.6401415184623268
2020-04-17,19.529995069110573,19.652458880244595,18.91122171750213,18.94989585876465,46272630,-0.019999976326602886,7.0711,2838.4951171875,0.00658173263146189,0.5727858003005174,0.6417574414860762
2020-04-20,19.143260741102768,19.143260741102768,18.74363655987445,18.962785720825195,31751829,0.0006802075408021135,7.0721,2852.552978515625,0.0049525754837493885,0.5712699224287511,0.6412622457257786
2020-04-21,18.85321429524736,19.233501451177894,18.627620032161303,19.136817932128906,43441386,0.00917756567341188,7.0914,2827.012939453125,-0.008953396923688461,0.46491160373854035,0.6250786712955347
2020-04-22,18.8209849006714,19.336629711986497,18.653401858363882,19.152931213378906,35934606,0.0008420042092236457,7.0831,2843.97998046875,0.0060017556972722375,0.4587721631410382,0.6245086897634171
2020-04-23,19.33340426590048,19.513879285891957,18.70496423363388,18.772642135620117,34266294,-0.019855398295021587,7.0654,2838.4990234375,-0.0019272136473853507,0.44305624499720425,0.6216189664728312
2020-04-24,18.907998668084787,19.494544810761337,18.85321275888654,18.927335739135742,40025679,0.00824037460460092,7.0813,2808.529052734375,-0.010558386828976474,0.4253586388547258,0.6150998404183919
2020-04-27,19.02079548581969,19.043356016379366,18.33112261144714,18.369796752929688,40749996,-0.02945681282829682,7.0848,2815.4951171875,0.002480324868401329,0.4412676269306968,0.6178677333683943
2020-04-28,18.36979539889579,18.559938944305557,17.64789351180417,18.340789794921875,38186040,-0.0015790571010637633,7.0776,2810.02392578125,-0.0019432430810660817,0.43221393375163913,0.5817760828445142
2020-04-29,18.75652815924717,19.1593739476465,18.550270997565306,18.695295333862305,49001268,0.01932880442469198,7.0755,2822.44189453125,0.004419168333788415,0.36396442875679297,0.5754083095827257
2020-04-30,18.95633911650364,19.523546277342785,18.85643215721219,19.330181121826172,64937532,0.03395965544411128,7.0622,2860.08203125,0.013336018286747242,0.3406019904067322,0.5564904475283415
2020-05-06,19.143262070723143,20.142320749100342,19.04658040049411,20.042415618896484,68492169,0.03684572289217258,7.1031,2878.139892578125,0.006313756434542794,0.35774177756218906,0.5614739013224067
2020-05-07,20.035968597245144,20.035968597245144,19.330182146241384,19.375301361083984,66693492,-0.03328512243721404,7.0825,2871.52294921875,-0.002299034656528698,0.3655324012368095,0.5571842710466794
2020-05-08,19.37208004843839,19.49776732791082,19.111035109436404,19.265727996826172,50892819,-0.005655311482168468,7.0732,2895.340087890625,0.008294253291047049,0.3601663207025523,0.5470513651831912
2020-05-11,19.107809978464932,19.227052171556387,18.727524713284033,18.9692325592041,56781963,-0.015389786343444456,7.0972,2894.800048828125,-0.00018652007919850444,0.35870045670590817,0.5441637229577199
2020-05-12,18.978899326032536,19.05946922302246,18.756528549478393,19.05946922302246,30190698,0.004757001293369534,7.0816,2891.555908203125,-0.0011206786549258219,0.35864239429504535,0.5442177086544431
2020-05-13,19.056248560940386,19.25606068083255,18.853214824909752,19.014352798461914,32821248,-0.002367139610900071,7.0911,2898.050048828125,0.0022458983437174673,0.3497793316479307,0.5410638812313681
2020-05-14,18.98212448892102,18.98212448892102,18.547049587857416,18.5921688079834,35013039,-0.022203437316713037,7.0935,2870.342041015625,-0.009560914182177194,0.35499255232708865,0.5425811702216806
2020-05-15,18.62439426111953,18.878994101555037,18.46647977182107,18.682405471801758,30472818,0.004853477006921958,7.1013,2868.458984375,-0.0006560391109202701,0.3288371439665191,0.5397421399103025
2020-05-18,18.498708220397262,18.820984139846114,18.176430456863773,18.427806854248047,30925347,-0.013627721437584062,7.1086,2875.41796875,0.002426035865566334,0.2981924215020278,0.5393834668976181
2020-05-19,18.692072607393882,18.88543962609788,18.611504553004348,18.753305435180664,27845949,0.017663446524434523,7.098,2898.575927734375,0.008053771394647802,0.3065396911723603,0.533873484271376
2020-05-20,18.917665441221327,19.43331017139612,18.90799690659658,19.0175724029541,48961755,0.014091754047672156,7.0928,2883.738037109375,-0.005119027755328687,0.30290001668314936,0.4922361059124119
2020-05-21,19.04980006899386,19.133593423011654,18.37301738206772,18.418136596679688,35998767,-0.0315201011765992,7.1138,2867.924072265625,-0.0054838423741158104,0.3233135782014796,0.49578372422879635
2020-05-22,18.42135964738096,18.585721048038035,17.889601306862456,18.05396270751953,27419583,-0.019772569676012042,7.1269,2813.764892578125,-0.018884453814955737,0.32722652122217194,0.4958598895849775
2020-05-25,18.05719059975219,18.22477550112157,17.825151243761045,18.215106964111328,17909109,0.008925700091575006,7.1269,2817.969970703125,0.001494466768027225,0.3296383897659455,0.47294184828410774
2020-05-26,18.305341590476257,18.81453947209722,18.305341590476257,18.78875732421875,29027304,0.03149310960609064,7.134,2846.547119140625,0.01014104079695688,0.3434744442837217,0.47730576985541506
2020-05-27,19.207715138832587,19.32051224592528,18.39235324596495,18.479368209838867,33583926,-0.01646671512336151,7.1681,2836.803955078125,-0.0034228009074521726,0.34704371657212885,0.4763205488900797
2020-05-28,18.482594453190732,18.766198071314726,18.17643030379944,18.530935287475586,25567569,0.0027905216807824207,7.1447,2846.221923828125,0.003319922313680168,0.33041561143362863,0.4574049365619218
2020-05-29,18.408472210259145,18.69852091577283,18.308565233677538,18.49226188659668,18250170,-0.0020869643263523585,7.1348,2852.35107421875,0.0021534337640058965,0.33046581108758455,0.454577965015825
2020-06-01,18.611505026350738,19.236721627103623,18.511598054648402,19.1142578125,47667393,0.033635470323624794,7.1263,2915.430908203125,0.02211503154521477,0.34480128359743767,0.45911876433804777
2020-06-02,19.19804997477584,20.03919231443796,18.975677336903228,19.6524600982666,60471330,0.028157111358759535,7.0992,2921.39794921875,0.0020467098015719554,0.33806821231498313,0.4617485255223538
2020-06-03,19.591226377268327,19.67501973669742,19.169043496607728,19.314067840576172,43151385,-0.017218824309953806,7.1115,2923.37109375,0.0006754110756386211,0.31586735114306796,0.462831009379028
2020-06-04,19.491318357877585,19.723357642604185,19.243165464444395,19.365631103515625,31112196,0.0026697256820815696,7.1075,2919.2509765625,-0.001409371939234294,0.293086407906325,0.46095295137409176
2020-06-05,19.65890424820195,20.393696346359462,19.442980384584207,20.3679141998291,78151866,0.05175576726397124,7.0808,2930.799072265625,0.003955842027917544,0.3443971042821179,0.434452563621665
2020-06-08,20.303458697528463,20.57094868435255,20.126205296816092,20.229333877563477,50958933,-0.006803854381259522,7.07,2937.77099609375,0.002378847425639208,0.3396296382677465,0.43403279155190116
2020-06-09,20.303461981033866,20.757872132929343,19.881279054812662,19.971515655517578,60587859,-0.012744770717925014,7.0765,2956.112060546875,0.0062431906630953105,0.34437577083152277,0.4316806908515162
2020-06-10,20.06497583875686,20.116540137783986,19.5557779248428,19.681467056274414,55287825,-0.014523114031309459,7.0599,2943.7529296875,-0.0041808735955323195,0.34935040211518387,0.4280600848863198
2020-06-11,19.939284983376783,20.690190645120357,19.823264409284644,20.242225646972656,83332656,0.028491706898418068,7.064,2920.89697265625,-0.0077642239607643715,0.34920285727446565,0.42829999487624165
2020-06-12,19.787810912792807,19.95861921201496,19.539658033964987,19.807147979736328,51866430,-0.021493568682819042,7.0825,2919.740966796875,-0.0003957708437499763,0.3611562257983632,0.4257212236328315
2020-06-15,20.14232040674821,20.58706382739814,19.739474588720324,20.15521240234375,58233684,0.017572667350368,7.0887,2890.030029296875,-0.010175881298331246,0.35888226668309076,0.4247942517850434
2020-06-16,20.56128152454178,20.773983775537733,20.345355813650205,20.6418514251709,63550479,0.024144574272537023,7.0854,2931.75,0.014435826022636489,0.36269701758628714,0.4247296616646293
2020-06-17,20.625735462729885,20.657964528640004,20.097202386086384,20.57094955444336,41459754,-0.003434860045600341,7.084,2935.8701171875,0.0014053439711776416,0.36224057069728577,0.4237148138217675
2020-06-18,20.561281358695574,21.515220786714224,20.284122820614954,21.50877571105957,82198608,0.04558983308641862,7.0869,2939.320068359375,0.0011751034733034071,0.3648527941854013,0.43106530302154994
2020-06-19,21.49266431821823,22.133996436207635,21.36697703159917,21.58934783935547,63736761,0.003746011831555318,7.0707,2967.6298828125,0.00963141604001172,0.3503419000961902,0.3912111935014415
2020-06-22,21.463658200381797,22.166221232538305,21.363751229991742,21.898731231689453,58187631,0.014330372303789751,7.0678,2965.27197265625,-0.0007945432042945066,0.350808699243345,0.38757973512575267
2020-06-23,21.77626673817419,23.23296086156871,21.592568242739233,22.88812255859375,77260815,0.04518030366401127,7.0575,2970.6201171875,0.0018035932557172174,0.36526628667097794,0.3852012773342026
2020-06-24,22.913904080143197,23.54556571394642,22.804328580249503,23.110492706298828,58117794,0.009715525908069012,7.077,2979.551025390625,0.003006412079233023,0.35151239780462656,0.3788259893138479
2020-06-29,23.042814491194985,23.342533561874976,22.656082288477617,22.746320724487305,51292890,-0.015757863168026187,7.0794,2961.51611328125,-0.006052895874475106,0.3635494374505242,0.38107004483725593
2020-06-30,23.013808546780744,23.47788714604584,22.839778611035225,23.142719268798828,50316603,0.017426930232491866,7.0651,2984.674072265625,0.007819629574365772,0.3611465279255671,0.3793364441167967
2020-07-01,23.593909207486217,24.31580929636404,22.891344345068497,23.355422973632812,69886773,0.009190955581471094,7.0703,3025.98095703125,0.01383966348267629,0.35159186304478357,0.35659919814129093
2020-07-02,23.40698774963382,24.04509818220834,23.139497748517645,23.236181259155273,62968254,-0.005105525796392452,7.066,3090.569091796875,0.021344527835030158,0.34900046018929787,0.3407600298789462
2020-07-03,23.622910970118,25.572689056396484,23.60035228578131,25.572689056396484,136451841,0.10055472416839595,7.066,3152.81298828125,0.020139946603874748,0.46453859266119885,0.3926100437068623
2020-07-06,25.566245582690645,26.294592627655398,24.94747404691611,26.06577491760254,137366544,0.019281736860704557,7.0159,3332.881103515625,0.057113477996847184,0.4626542694290772,0.3873497523271252
2020-07-07,27.316208410818223,28.521526033864333,26.771561732537002,26.813457489013672,138197907,0.028684455911042628,7.0127,3345.3369140625,0.0037372501928545354,0.445509988530992,0.3884272095316457
2020-07-08,26.407389255492003,27.161516589496834,26.381607108653505,26.665210723876953,94830864,-0.005528819444395094,7.0041,3403.43994140625,0.01736836343732895,0.44473493650730794,0.386018400965557
2020-07-09,26.668429390140716,27.812514104157923,26.252693470903402,27.196964263916016,97552956,0.019941846533502616,6.9923,3450.593994140625,0.013854821458930022,0.4333950837341272,0.38691162051100453
2020-07-10,27.222747492593395,29.76551500228417,26.765113957568982,28.679441452026367,117930993,0.054508921426839274,6.999,3383.322021484375,-0.019495765879869675,0.43836643697879063,0.394889783933603
2020-07-13,29.842863272010337,31.55093002319336,29.74295630138515,31.55093002319336,173285784,0.10012358769156249,6.9959,3443.285888671875,0.017723369755147322,0.5236257843656227,0.43657404228575164
2020-07-14,31.550930602722836,31.554154062638677,29.191863223512343,31.141639709472656,160025607,-0.01297236922714573,7.006,3414.618896484375,-0.008325475465691623,0.5148365954940889,0.4349946011580235
2020-07-15,31.2608823037449,31.354344201637783,29.871867960108844,30.455190658569336,115363785,-0.022042803696509128,6.9885,3361.303955078125,-0.015613731143215404,0.5393628125667224,0.434951029371768
2020-07-16,30.422961393598417,30.777466379042902,27.409671783447266,27.409671783447266,167350089,-0.09999999373719692,6.9881,3210.09912109375,-0.04498398121834257,0.68992328597075,0.4876162644476992
2020-07-17,26.755445329977228,27.50957445209512,25.804729427401686,26.284921646118164,128357796,-0.04103479042782043,6.9912,3214.12890625,0.001255346020242909,0.7157970047222997,0.49431985346286306
2020-07-20,26.974594830573032,28.77934684259902,26.301035594220323,28.08967399597168,128454831,0.06866112724821627,6.9829,3314.14892578125,0.03111885753454291,0.7340562034258054,0.5105950717868603
2020-07-21,28.972711893234187,29.43356889038647,28.257256904233454,28.382946014404297,94498302,0.010440563264446423,6.98,3320.89501953125,0.002035543332866263,0.7331461111705067,0.5106238621897884
2020-07-22,27.71583366678914,28.837357976234053,27.554695710080033,28.09934425354004,80069640,-0.00999197760233661,6.9988,3333.1640625,0.003694498891591458,0.7384085201933824,0.5116721186146772
2020-07-23,27.735171019936313,28.682665386845077,27.580478137342418,28.656883239746094,96702468,0.019841708090245325,7.0034,3325.110107421875,-0.0024163092266403785,0.7294424012272804,0.5092634872135269
2020-07-24,28.2894870022624,28.405505737644656,26.587863515951366,26.79734230041504,114442122,-0.06488985294646199,7.0168,3196.76806640625,-0.03859783191213928,0.7793111659245421,0.5304674249969743
2020-07-27,26.910139083862305,27.458011064585122,26.52340689727918,26.910139083862305,62373066,0.004209252625978488,6.995,3205.22705078125,0.0026461051284554227,0.7742517476818543,0.5252203827161898
2020-07-28,27.7093867247726,27.92853403608308,26.749000436722323,27.042272567749023,64279101,0.004910174691960645,6.9998,3227.9599609375,0.007092449238723653,0.7738407136283947,0.5249402858824777
2020-07-29,26.848910908657476,28.19925116518446,26.594311039982102,28.00910758972168,85505535,0.03575272823504183,7.0014,3294.552001953125,0.0206297605365231,0.7796771904974579,0.527656438367722
2020-07-30,28.044555207646315,28.24114383770757,27.167962255588375,27.396778106689453,66630402,-0.021861799097695256,7.008,3286.822021484375,-0.0023462918369986374,0.7862996729590708,0.5280112799635082
2020-07-31,27.380663979598257,27.92853410327707,26.897248296783076,27.519243240356445,76862220,0.004470056047834792,6.9744,3310.007080078125,0.007053944035363191,0.708756694010691,0.5241846766601126
2020-08-03,27.525691113149612,27.87697264617793,27.200191727903967,27.760953903198242,83173608,0.008783332475049033,6.9799,3367.966064453125,0.017510229728460835,0.7068544155805249,0.5178282175295764
2020-08-04,28.021999457607187,29.327220487313582,27.999438925248025,28.682666778564453,114289539,0.03320177248160139,6.972,3371.68994140625,0.0011056753191276414,0.7091164577752669,0.5200409142351191
2020-08-05,28.68266692966827,28.68266692966827,27.902757398994346,28.389394760131836,56224452,-0.010224712391519675,6.9353,3377.56005859375,0.0017410014827909936,0.7101771455567537,0.5191905655088221
2020-08-06,28.621430060452425,28.876029893400137,28.03810926372904,28.592426300048828,60700098,0.007151668488618812,6.952,3386.4599609375,0.0026350093527147678,0.7078383243353054,0.5191643601800994
2020-08-07,28.23147665558054,28.605316838942443,27.01004545212194,27.516019821166992,72956448,-0.037646559532445,6.967,3354.034912109375,-0.009574909847494095,0.69514810423126,0.5269476674452668
2020-08-10,27.003601216053067,27.18407623806382,25.78216997463518,26.420278549194336,100504452,-0.03982193933185585,6.9611,3379.251953125,0.007518419359494821,0.5949999076567523,0.5322876398030632
2020-08-11,26.394496901536524,26.81345816503513,26.08833460351946,26.107669830322266,57293841,-0.01183215075836519,6.9451,3340.2900390625,-0.011529745222598642,0.5948911769135417,0.5335945497292476
2020-08-12,26.16245534305656,26.420276785864523,25.28263897794273,26.41383171081543,65533800,0.011726894145779987,6.9363,3319.26611328125,-0.006294041994973187,0.5964656727948918,0.5321096218710758
2020-08-13,26.910142468112312,27.006825987938253,26.31392958061789,26.362272262573242,40352937,-0.0019519867017656622,6.944,3320.72607421875,0.00043984449805289927,0.4831983125801753,0.5318809750128229
2020-08-14,26.458956884214295,26.61687324503653,25.782174061334587,26.40094566345215,35740293,0.0014669980073687139,6.9501,3360.09912109375,0.011856758430236702,0.4600816535152067,0.5317142600234485
2020-08-17,26.49118153772938,26.82312784042662,26.21080137428484,26.71999740600586,44888982,0.012084860391777141,6.9318,3438.801025390625,0.023422494831419227,0.38715938620753276,0.5260407554141185
2020-08-18,27.09411021733854,27.255366723025165,26.38136281044905,26.50714111328125,48082650,-0.007966179393294581,6.9215,3451.089111328125,0.0035733634620818133,0.3846882310353431,0.5240502986173807
2020-08-19,26.25235559029431,26.329758039465197,25.646035482412408,25.68796157836914,55593075,-0.030904107365304023,6.9192,3408.12890625,-0.012448303620184453,0.3966132379937561,0.5297363806209159
2020-08-20,25.684736355165544,25.800840954212426,25.188071089968307,25.333200454711914,36492153,-0.013810403856877373,6.9143,3363.89892578125,-0.012977789774218595,0.38746897958323356,0.5286653324874517
2020-08-21,25.80084147003318,26.007248009869762,25.446079768334048,25.66861343383789,33148644,0.01324005546498519,6.9179,3380.68310546875,0.004989501782846295,0.32357673434953926,0.5268873719017519
2020-08-24,25.76859113454282,26.536165922617364,25.70086421874507,26.268482208251953,50943183,0.02336973814188492,6.918,3385.637939453125,0.001465631007047108,0.33534864253009294,0.528033693378361
2020-08-25,26.123354311816147,26.729672639346205,25.962097808006316,26.14592933654785,43108902,-0.004665395995570809,6.9116,3373.577880859375,-0.003562122946819901,0.3348351418531054,0.5282365347797896
2020-08-26,26.44586268219518,27.513373612800578,26.342659409251826,26.903827667236328,95347047,0.028987240075993626,6.8855,3329.739013671875,-0.012994769569787623,0.3255930649250241,0.5272953215006996
2020-08-27,27.897159692042408,28.235796118565016,27.316642212769434,27.545623779296875,75050100,0.023855197111678272,6.8925,3350.110107421875,0.006117925058497509,0.3286771475982128,0.5266052717770237
2020-08-28,27.41339345543279,27.75525567073073,26.77482276215214,27.535947799682617,55311729,-0.00035127102917631436,6.8647,3403.806884765625,0.016028361940937152,0.32834541699233905,0.5245345340845198
2020-08-31,28.06486786481124,28.451880159468654,27.374695477983803,27.445648193359375,63398181,-0.003279335324868793,6.8474,3395.677978515625,-0.002388180800262929,0.3269689930481412,0.5248598155926661
2020-09-01,28.055188278807957,30.15473175048828,27.83588226618821,30.15473175048828,118169289,0.09870721718951359,6.8272,3410.60693359375,0.0043964578421689104,0.46830240238275755,0.5504022460401721
2020-09-02,30.922305895475148,30.961008041328355,29.55163688378547,30.409515380859375,118140324,0.008449208982499679,6.8375,3404.802001953125,-0.001702023057376545,0.46604319388229454,0.5496383158903199
2020-09-03,29.954778190571894,30.690102446196853,29.719345027913086,29.8580265045166,67659891,-0.01813540496899524,6.8474,3384.98095703125,-0.0058214970827979995,0.47226274754539516,0.5505923502177128
2020-09-04,28.638935305607447,29.21622883186501,28.387376871876768,29.02594757080078,65826324,-0.02786784764860306,6.8409,3355.366943359375,-0.00874865000654168,0.46238886449823197,0.553523891701594
2020-09-07,28.85824137406888,31.444776579594812,28.83244055635276,30.55464744567871,122133975,0.05266666561527722,6.8409,3292.591064453125,-0.018709095000917886,0.4651531351362121,0.559699570258022
2020-09-08,30.922308684614073,30.922308684614073,29.251705273556045,29.338783264160156,83116782,-0.03979310131724367,6.8435,3316.4169921875,0.007236224380124279,0.49060934839655596,0.5649786024611967
2020-09-09,28.3841507036258,28.542181401863278,27.368243290202063,27.67462730407715,78197568,-0.05672205098279981,6.8308,3254.6279296875,-0.018631270628982066,0.5383889500615281,0.5794747570693669
2020-09-10,28.32932609624297,29.08077377376177,28.026164175282464,28.119693756103516,64437603,0.016082111861387194,6.8335,3234.822998046875,-0.006085159984025146,0.5400502625607781,0.5786282701815265
2020-09-11,28.33255063677198,29.39361000061035,28.12936988101192,29.39361000061035,60473031,0.04530334702632843,6.833,3260.345947265625,0.007890060517734776,0.5596319974170599,0.5838984743382685
2020-09-14,29.445210824576115,30.4772453921738,29.445210824576115,29.799972534179688,66492651,0.013824859673952972,6.808,3278.81396484375,0.00566443496390745,0.5599184773401331,0.5784480534200102
2020-09-15,30.31921587317443,32.8154455787456,30.154735420978792,32.68644332885742,172554687,0.09686152533754977,6.7819,3295.679931640625,0.005143923070267453,0.6426467207785785,0.6075768360322
2020-09-16,32.341354501072,34.78920816295534,31.928541429810508,33.957130432128906,146678919,0.0388750495270207,6.7529,3283.924072265625,-0.003567051297104551,0.6294787928129345,0.6108036779122266
2020-09-17,34.02808147828989,37.391868591308594,33.91197873037767,37.391868591308594,180229140,0.10114924657855884,6.7628,3270.43505859375,-0.004107589997526584,0.6896208055515197,0.6355997375675677
2020-09-18,36.76297708918997,37.088712204993904,35.95992404407501,36.89198303222656,139155885,-0.013368830655289154,6.7675,3338.090087890625,0.020686859113467904,0.6997442794441726,0.6372455543655785
2020-09-21,37.41122307943497,38.48196174765293,33.65075117102682,34.06356430053711,174719490,-0.07666757108770006,6.8043,3316.93505859375,-0.006337465059321756,0.7776016400985909,0.6590446357649412
2020-09-22,34.34737124088039,35.685787963978385,33.54431825434952,34.54087829589844,137232369,0.014012450110918229,6.7779,3274.302001953125,-0.012853147826988098,0.7744128324240153,0.6588640620916365
2020-09-23,35.15364236626239,35.80189037383893,34.28286625314542,35.66965866088867,111897042,0.032679550164312676,6.8089,3279.7109375,0.001651935448730324,0.7753994409635205,0.6608720523871031
2020-09-24,34.79243495241947,35.48583308127764,34.189340608193085,34.2893180847168,78098010,-0.03869789137302293,6.8273,3223.176025390625,-0.017237772836306564,0.7977307461909259,0.667255722798526
2020-09-25,34.895637115109324,35.40842765842075,33.476590341693566,33.870052337646484,96502065,-0.012227299068311992,6.822,3219.41796875,-0.001165948310306586,0.8013121458494386,0.6394300360952072
2020-09-28,34.24739378135795,34.86338761080823,34.07323780084026,34.315120697021484,62330361,0.013140468604481814,6.8106,3217.534912109375,-0.0005849059236493481,0.7993876835872606,0.6389877458039517
2020-09-29,35.021420998821206,35.318131347321284,33.62172514961638,34.79888916015625,79763709,0.014097821989498494,6.815,3224.35888671875,0.002120870416570275,0.731809810684714,0.6374130188896756
2020-09-30,35.018194398744576,38.13042165565152,34.540880169207874,37.47249984741211,131598399,0.07683034578922898,6.7896,3218.052001953125,-0.0019560120281905125,0.771327175980324,0.6536658550821303
2020-10-09,39.70104568075895,40.68147675521426,38.44325535414877,38.7883415222168,166371417,0.035114862370079214,6.6933,3272.075927734375,0.016787772773237064,0.7672475072375408,0.6557337512360193
2020-10-12,39.92680547805622,41.61353426118537,38.8463968678492,41.442604064941406,156537576,0.06842938982591784,6.6933,3358.465087890625,0.02640194239504301,0.7732313521381042,0.6606649165692905
2020-10-13,41.05559108124698,42.53268742523835,40.31381342418362,41.697383880615234,137074338,0.006147775252602017,6.7452,3359.75,0.0003825890922635189,0.7640075638377607,0.6315138821589289
2020-10-14,41.65223457422376,42.6745936029766,41.31359999110948,42.081172943115234,91714470,0.009204152078193584,6.7136,3340.778076171875,-0.00564682605197564,0.7351612578274035,0.6303881311536209
2020-10-15,43.40991884548766,44.41937845425412,42.355309186286675,42.42626190185547,119339004,0.008200554656751624,6.7233,3332.18310546875,-0.0025727451830543924,0.6803048417008237,0.6277242170284187
2020-10-16,42.751993900420345,43.16803277998389,40.3138138472247,41.1684684753418,123144576,-0.029646576675157466,6.6962,3336.35791015625,0.0012528737333337148,0.7049017987375293,0.5924011588636232
2020-10-19,41.281343497145045,41.86509043328897,40.75887926740619,41.294246673583984,65283951,0.0030552071257525792,6.6803,3312.669921875,-0.0070999541773204555,0.7008580892634935,0.5838088619531219
2020-10-20,40.69437930515701,45.25790002754826,40.69437930515701,45.083744049072266,160492803,0.09176816822553713,6.6754,3328.10009765625,0.004657927335095513,0.7476709337681262,0.5958250585799416
2020-10-21,44.503224690493575,45.05471736862199,43.27123340754172,44.30649185180664,113311095,-0.01724018742586264,6.6503,3325.02001953125,-0.0009254764083475031,0.7044947774738732,0.598155087206787
2020-10-22,44.258119929989185,46.76402696797042,42.59396805698141,46.3737907409668,127939017,0.04665905159168804,6.6821,3312.5,-0.003765396736773674,0.708342751961736,0.6020768812912005
2020-10-23,45.8029430531672,47.01558326701348,44.022684879632,44.732208251953125,118808736,-0.03539892820457935,6.6861,3277.9970703125,-0.01041597877358491,0.6561631353196077,0.6084687353618018
2020-10-26,44.02268422201898,46.07062421984552,42.92614677541559,45.112770080566406,92278842,0.008507557383927278,6.7119,3251.118896484375,-0.00819957225451784,0.650486407258546,0.5891180208454478
2020-10-27,44.319393923925645,45.63523367472962,43.80659971482518,45.24177169799805,88169784,0.0028595366057384553,6.7044,3254.31591796875,0.0009833603710500682,0.5640001463919682,0.5891751264200331
2020-10-28,44.993444032598426,49.49891523034729,44.835413334022086,48.818416595458984,152649654,0.07905625184919995,6.7279,3269.239990234375,0.00458593223332171,0.6082064296384492,0.6061349292504249
2020-10-29,47.70253279619347,53.78185583958195,47.70253279619347,51.07921600341797,184040685,0.04631037968096008,6.714,3272.72998046875,0.0010675234136374723,0.6144249235533822,0.608388547069765
2020-10-30,51.60168297528098,54.92354238023798,49.73112462944544,51.53718185424805,199807014,0.008965796397490289,6.6919,3224.532958984375,-0.014726855491289825,0.5774384991158731,0.6045945377600133
2020-11-02,51.89516657536808,54.42365033563796,51.76293854145121,54.175315856933594,157473279,0.051188945684815135,6.6899,3225.1201171875,0.0001820909293202,0.5726169643997328,0.6099033389466434
2020-11-03,55.47180900982482,55.61694022225414,51.46622888418421,52.91752624511719,198484992,-0.02321702406199133,6.6759,3271.073974609375,0.014248727412345064,0.5961280153136008,0.6141494736465243
2020-11-04,53.859257704275734,54.93321839270779,52.56921677491902,54.191444396972656,138284469,0.02407365276212281,6.6504,3277.43994140625,0.0019461396612514559,0.5953043838736886,0.6130576242436592
2020-11-05,56.439342565845415,59.609622955322266,55.149301652214035,59.609622955322266,202227633,0.09998217649744512,6.6027,3320.133056640625,0.013026360817478988,0.6278322221495368,0.6375843421459733
2020-11-06,61.115745238437626,64.13122077409224,58.01642119404021,61.418907165527344,242300055,0.030352216982837632,6.608,3312.158935546875,-0.00240174744738042,0.6269611626453778,0.6384143767094339
2020-11-09,61.793017935154964,62.460613426343514,59.38064046631264,61.58338928222656,157504836,0.0026780371760104504,6.628,3373.72998046875,0.018589399277033403,0.6082740354091769,0.629880313369486
2020-11-10,60.26432072359312,60.27076862157596,57.045664397144066,58.883975982666016,190604850,-0.04383346436471003,6.6146,3360.14892578125,-0.004025531019412831,0.6486405581826532,0.6314036190471977
2020-11-11,57.05211241623604,58.66144047876546,52.99493064781048,53.00460433959961,241702545,-0.09984671627468134,6.6146,3342.202880859375,-0.0053408480749711496,0.7723527377489922,0.6714039850293532
2020-11-12,54.18176797264124,55.89107350191261,53.465792986176005,54.6107063293457,175991883,0.030301178732621503,6.6114,3338.679931640625,-0.0010540800018232765,0.7746169123687907,0.6723627381039508
2020-11-13,58.051894111113484,58.703364284602905,55.8878475678475,56.72959899902344,182758176,0.03879994990174884,6.6039,3310.10498046875,-0.008558757280406115,0.7616601135138863,0.6736649892472167
2020-11-16,55.15897177326185,55.31055087876758,52.73046921854258,54.83323669433594,162769617,-0.03342809288534099,6.583,3346.968994140625,0.01113681103451114,0.7814316574879236,0.6801423821052147
2020-11-17,55.95557248353997,56.497391471258,53.04007839623037,53.8592529296875,170522802,-0.017762653152828545,6.5556,3339.89990234375,-0.002112087625923742,0.7348415088084441,0.6830857016266323
2020-11-18,53.49804150148878,54.562328403344914,52.327329231202945,53.8592529296875,125109948,0.0,6.5588,3347.302978515625,0.002216556300588479,0.728904871037724,0.6822534166209527
2020-11-19,54.1817667618736,54.407524369437404,51.44687649981835,52.124149322509766,141016320,-0.03221551567829739,6.5823,3363.087890625,0.0047157105916879605,0.7312244288506866,0.6826172745029129
2020-11-20,53.10135897457557,57.161770453908346,52.64017002961258,56.78120422363281,212258082,0.0893454370316582,6.5608,3377.72998046875,0.004353763660047916,0.7686975476025306,0.6980295032316044
2020-11-23,57.05211289620251,59.67089680884495,55.494386455403784,59.40644073486328,181207992,0.046234252110803675,6.585,3414.489990234375,0.010883051628811202,0.7773208918146083,0.7010478272049213
2020-11-24,61.84784534566696,62.886329681053255,58.28088078097688,59.40321731567383,194025627,-5.426043286849147e-05,6.59,3402.822998046875,-0.003416906249796625,0.7779926145757808,0.7015009951992782
2020-11-25,59.01942702095192,61.82527010975945,58.24540248671402,59.19035720825195,142157292,-0.0035833094071440197,6.575,3362.326904296875,-0.011900734705638127,0.7420013689185992,0.7013773040418361
2020-11-26,59.21615870760105,59.599943327498245,55.22347807810388,56.703800201416016,148961457,-0.04200949485889027,6.575,3369.73291015625,0.0022026430118708973,0.7519688369449101,0.7102178243387349
2020-11-27,56.53931839544115,57.37462193875035,54.6107068244623,56.14908218383789,119242845,-0.009782730885896984,6.575,3408.306884765625,0.011447190515638361,0.754028929327479,0.7114623004512941
2020-11-30,55.310555035250445,57.00051326324489,53.53997409354275,55.52018737792969,113763849,-0.011200446765080474,6.576,3391.760009765625,-0.0048548665244789735,0.736044215485868,0.7126726275169254
2020-12-01,54.407524692989064,57.084361749301436,53.8592541051651,57.0230827331543,120469293,0.02706934947813311,6.5705,3451.93994140625,0.017742980478381076,0.7346177929720253,0.7124743155681678
2020-12-02,55.18155237758198,55.63306762140395,54.18177020519341,54.74616241455078,147720414,-0.03992980052058237,6.5622,3449.381103515625,-0.0007412753217203027,0.7473161251305489,0.6979429841415775
2020-12-03,54.74615770683642,56.00717374860682,53.84635309089439,55.178321838378906,109674243,0.00789387611419623,6.5418,3442.135986328125,-0.0021004107606770184,0.6518437501754015,0.6979523342073612
2020-12-04,55.34281024471502,57.664883953562466,54.955796114486965,55.42666244506836,118346964,0.004500691547250302,6.5301,3444.5810546875,0.0007103346204468952,0.6406374933609924,0.6954649755039366
2020-12-07,55.24605245668014,56.974709098831234,54.539754837039766,56.53287124633789,96655767,0.019958062644776176,6.5295,3416.60400390625,-0.008122047452818082,0.6460620620275598,0.6908532555344292
2020-12-08,57.439121974969375,58.6969122666706,56.98761044502638,57.39719772338867,133722972,0.015288918782924377,6.5307,3410.179931640625,-0.0018802507572666105,0.6309898748860865,0.6857046966289575
2020-12-09,57.72937810297157,58.384077727183104,55.79431506732248,55.87171936035156,94714341,-0.026577575622920957,6.541,3371.964111328125,-0.01120639411367208,0.5222492199045482,0.6820097614887218
2020-12-10,54.18176056612342,55.36215010238262,53.54318996422769,54.671974182128906,111130884,-0.021473210274499555,6.5419,3373.27587890625,0.00038902180889710536,0.5188643470107428,0.6706387318779853
2020-12-11,54.6171558300147,54.6171558300147,52.50471099665228,53.8592529296875,106463454,-0.014865408915617051,6.5445,3347.19091796875,-0.007732827635182238,0.5010614465435081,0.6728840956323376
2020-12-14,53.79475878372579,55.11060243098119,52.56921892793388,54.89129638671875,90639675,0.019161859864238462,6.548,3369.1201171875,0.0065515232791255595,0.49218743901374706,0.6694422765424557
2020-12-15,54.907418214867114,56.455467296130834,54.343022321848764,56.34259033203125,108665406,0.026439418283872973,6.5388,3367.22998046875,-0.0005610179076452892,0.4954326087319331,0.6701422111980213
2020-12-16,56.761851011298226,56.987612319957435,55.117050255410796,55.42988586425781,71446155,-0.016199192518391525,6.5323,3366.98291015625,-7.337494437065217e-05,0.49992438112455495,0.6483595900940308
2020-12-17,55.207354091522355,55.7717462911695,54.50750436838699,55.404083251953125,56931780,-0.0004655000078455096,6.5321,3404.873046875,0.011253438977803398,0.48362535866502004,0.6457937609524368
2020-12-18,55.633064102392375,58.08091774182885,55.22025103491639,56.76184844970703,146545530,0.02450659081532658,6.5395,3394.89990234375,-0.002929079702517323,0.3730881845306848,0.6175655236198503
2020-12-21,56.923110570418984,62.43804168701172,56.6006012522532,62.43804168701172,200339289,0.10000014785166811,6.5493,3420.569091796875,0.007561103476247943,0.49112934750186604,0.6441628428076025
2020-12-22,62.23807697376947,62.23807697376947,59.232279231455685,59.3419303894043,176043123,-0.049586937930045205,6.5426,3356.781982421875,-0.018648098507342725,0.525402857306748,0.6309258787739382
2020-12-23,59.306460147943035,61.535007869049515,59.00652771610163,60.24174118041992,128123835,0.015163153357348191,6.54,3382.320068359375,0.007607907237119571,0.5276996338851253,0.6309610780020013
2020-12-24,59.664446866418885,59.664446866418885,58.05189664246606,59.01942825317383,78136062,-0.020290132776629943,6.54,3363.113037109375,-0.005678655733878157,0.5093173014746036,0.6321942794394719
2020-12-25,59.12262943275848,60.03533358012416,58.40665444222099,59.73540115356445,63399207,0.012131139212656183,6.54,3396.56298828125,0.009946127532075355,0.5082580823368442,0.6242797327965898
2020-12-28,59.43869315019223,61.39632955728363,58.89042252886015,60.609405517578125,91015293,0.014631262988706206,6.5346,3397.284912109375,0.00021254539680715112,0.5065655749870874,0.6226117396143054
2020-12-29,59.98695834875979,59.98695834875979,57.55522989694655,57.600379943847656,108353346,-0.049646181942137324,6.53,3379.035888671875,-0.005371649393447253,0.5344001054659518,0.6346504990546656
2020-12-30,58.26475253048721,61.905895416657465,58.26475253048721,59.98695755004883,153129324,0.041433365691819324,6.5208,3414.452880859375,0.010481389767488025,0.5297060315887472,0.6379704477430168
2020-12-31,60.90933604021743,63.157230986492216,59.425784502930696,62.663787841796875,151535826,0.04462353820019449,6.525,3473.069091796875,0.017167087373233025,0.5480042031802997,0.6268562553788927
2021-01-04,60.9544887563843,68.10132065594853,60.338494937861256,66.6822738647461,176850483,0.0641277229058419,6.4601,3502.9580078125,0.008605908844779409,0.5841690088989033,0.6347175712390873
2021-01-05,66.4371723057197,71.3490091732713,65.15035341121602,70.92007446289062,163591791,0.06355213091173528,6.455,3528.677001953125,0.007342078918235684,0.6138478461121566,0.6328708769371216
2021-01-06,70.86200323645853,71.65537875152356,68.37222184449071,69.75901794433594,130395642,-0.016371338120382495,6.4617,3550.876953125,0.00629129590483557,0.6218995329500597,0.6350994430250637
2021-01-07,69.85577940536395,73.63560575562563,69.08175854508646,72.57777404785156,128580762,0.040407049677288365,6.476,3576.205078125,0.00713292105988339,0.6143181507299563,0.6382718676367365
2021-01-08,75.1449513490888,75.57066761263737,71.17807328955068,73.3743667602539,128027508,0.010975711543276923,6.475,3570.110107421875,-0.00170431241217317,0.6001976729739175,0.6382654602051121
2021-01-11,75.65774558433786,79.01508155990916,74.49348477330267,75.74482727050781,160276398,0.032306384571593405,6.4795,3531.498046875,-0.010815369662298235,0.5918576118338199,0.6344637680385895
2021-01-12,74.75793741492159,77.3218976218312,70.95231953303593,76.43177032470703,129937374,0.00906917447637623,6.461,3608.340087890625,0.021759049557912746,0.5926435253863628,0.6342622479027648
2021-01-13,76.75750056484807,80.58892437433622,74.07743420738221,77.1767578125,144104361,0.009747091878521408,6.4677,3598.652099609375,-0.0026848878002830867,0.5922062186965402,0.6115682575679681
2021-01-14,74.8224530819923,75.93510861907829,71.70699986211716,72.22624206542969,133786506,-0.06414516348429056,6.4736,3565.905029296875,-0.009099815543729406,0.64905194412627,0.6277414114385171
2021-01-15,71.59734643421,73.82911652421753,69.82353584127054,72.62937927246094,113115138,0.005581589121943287,6.48,3566.3779296875,0.00013261721407031857,0.6476043612948521,0.6228247831754883
2021-01-18,70.95231153538535,72.24234859744438,69.74611558839062,71.49735260009766,79136799,-0.015586346512980742,6.48,3596.219970703125,0.008367604781089444,0.6549108030176919,0.6181997934768705
2021-01-19,71.61668557926039,72.6293709147464,68.87535097488657,69.72677612304688,82875039,-0.024764224305675375,6.4777,3566.3798828125,-0.00829762587764915,0.5789178937563962,0.6219667957793422
2021-01-20,70.92006667255033,72.98413204292552,70.31051706227889,71.59733581542969,114420324,0.026826992389291426,6.4777,3583.092041015625,0.004686028620693561,0.5437870922224783,0.6230541436192055
2021-01-21,70.95231038799682,77.27351551123834,69.92349621455031,75.95767211914062,175712961,0.06090081780349221,6.4595,3621.263916015625,0.010653333646762908,0.5730102524774386,0.6153271773869303
2021-01-22,76.02218383703077,78.58291827679473,74.66441231700993,78.3442611694336,127166034,0.03141998673352675,6.481,3606.75,-0.0040079696902053374,0.5633495499965606,0.6121290974453564
2021-01-25,79.49884516337785,84.80414745083706,79.01507935633562,83.85273742675781,167816682,0.0703111647885879,6.4784,3624.238037109375,0.0048486967794760805,0.5964893930626355,0.6253612310114983
2021-01-26,82.88520344921675,84.68803858487783,80.94691448198071,81.9886245727539,118366632,-0.02223079306900555,6.4635,3569.428955078125,-0.015122925555674738,0.6131800349053262,0.6222502822672467
2021-01-27,80.69214034687636,83.67213957317112,75.628720821381,82.88520812988281,156405300,0.010935462837692977,6.4822,3573.340087890625,0.0010957306789747268,0.5629004831460055,0.6189350611356257
2021-01-28,79.32791218879852,81.43390553454672,78.36360640288258,78.80867004394531,97938525,-0.049182938402585474,6.4491,3505.176025390625,-0.01907572770109267,0.6052192466047464,0.6290600776231098
2021-01-29,80.30511374824573,80.76630631791065,76.59624057240549,79.66009521484375,100794807,0.010803699268413736,6.4282,3483.069091796875,-0.006306939632592767,0.5946516458495947,0.5985862827290048
2021-02-01,79.01508411123292,80.66956238507734,77.08002076661758,79.6246337890625,79138350,-0.00044515921912480216,6.4669,3505.283935546875,0.00637795092905824,0.5640188852002084,0.5964576132706657
2021-02-02,81.27265731305722,86.43282849190676,80.7888914957176,86.27156829833984,141329991,0.08347836835125744,6.457,3533.68505859375,0.00810237446355222,0.5930325207035982,0.6177058777747775
2021-02-03,86.46507485164999,88.16470671853966,83.94948681840961,84.82026672363281,115208856,-0.01682247817366922,6.4614,3517.30810546875,-0.004634525390193489,0.5933057635491332,0.610770041420039
2021-02-04,83.20771234052687,85.42981203845221,82.34983565557694,83.82048034667969,93105270,-0.011787116635823547,6.4715,3501.85888671875,-0.004392341610898187,0.5872831773870226,0.5704094188139263
2021-02-05,84.49776174721843,86.52312503159551,79.82135657804558,80.30512237548828,144165153,-0.041939129394772734,6.4664,3496.330078125,-0.0015788210697805782,0.6130427797403321,0.5776706126341907
2021-02-08,80.30190634525628,81.58872529452357,77.40576279699944,80.69214630126953,111738531,0.004819417670165693,6.4475,3532.447021484375,0.010329958142494267,0.6046441520951629,0.57388832368965
2021-02-09,81.62742142541752,83.53667835226626,79.82136039352002,82.88520812988281,112486284,0.027178132310737402,6.4344,3603.489013671875,0.020111268974572605,0.6101097088993301,0.5692908500041182
2021-02-10,84.17524315534394,87.29069586469095,81.595161534514,86.09417724609375,125681613,0.03871582383170735,6.4576,3655.087890625,0.014319143684733193,0.6218068304296357,0.5703382913544366
2021-02-18,86.710180110419,86.710180110419,82.34661075596668,83.5270004272461,141793674,-0.02981823975748754,6.4869,3675.35693359375,0.005545432442469744,0.580890451643014,0.5754809694783329
2021-02-19,82.20792764504574,83.09805486105385,79.25050938585201,82.99807739257812,114776106,-0.006332359978958757,6.4555,3696.16796875,0.00566231675787221,0.5830618536613542,0.5701803033003217
2021-02-22,82.75620172940775,82.77554911332071,77.22514563285667,77.24771881103516,128139279,-0.06928303356165666,6.4625,3642.43994140625,-0.014536143324114237,0.6394717696986296,0.5666692663057925
2021-02-23,74.04519496456099,75.79642486458955,71.88760354878227,72.56487274169922,142953066,-0.06062115673332957,6.464,3636.360107421875,-0.0016691651975537791,0.6731206169678605,0.5763058950021533
2021-02-24,72.56487084751227,73.72268003407248,65.66314732201921,67.40147399902344,202945554,-0.07115562320429247,6.4556,3564.080078125,-0.019877027346480447,0.7153533264186267,0.5965007555834551
2021-02-25,69.58809625573947,69.61389522821773,66.3726658649988,67.4853286743164,110859666,0.0012441074403533037,6.4541,3585.050048828125,0.005883697965102019,0.6759811354835238,0.5963622135904125
2021-02-26,63.37331622124416,65.79214508465043,62.56703747288211,63.62165069580078,151084806,-0.057252117673779135,6.473,3509.080078125,-0.021190769910718,0.6857639997915597,0.6020535264703828
2021-03-01,64.82462149848247,68.04650371172686,63.69583701752688,68.0174789428711,133288053,0.06909327562229461,6.4648,3551.39990234375,0.012060090757849862,0.6838958685432381,0.6166350892375341
2021-03-02,69.22688787415554,69.59777301336976,66.18561349290253,68.17872619628906,116378505,0.002370673772743137,6.4702,3508.591064453125,-0.012054074187019426,0.6834114293177255,0.6158386892414109
2021-03-03,66.11466340752683,67.82396533901556,65.137454400806,67.6465835571289,78918540,-0.007805112662681579,6.4675,3576.89990234375,0.019469022361336963,0.6796426300372257,0.6144444437941856
2021-03-04,66.11466453928934,66.14691510184984,63.63132693204639,64.01834106445312,104054973,-0.05363526584622946,6.4694,3503.489990234375,-0.020523334203809696,0.6832873775278486,0.6192134828309254
2021-03-05,60.428799288326225,64.34407957135018,60.04501464294234,63.33139419555664,97595727,-0.01073046969781477,6.496,3501.987060546875,-0.0004289807282706892,0.6790799916558621,0.6198065004749873
2021-03-08,63.33139334690875,63.64100317093063,56.99728775024414,56.99728775024414,177398469,-0.10001526929525428,6.525,3421.409912109375,-0.02300897948632541,0.7479408013335961,0.6547819172877444
2021-03-09,55.604044949020704,57.600383574683335,52.256382644467294,55.04610061645508,179761485,-0.03423298214362325,6.505,3359.2900390625,-0.018156220576498128,0.651842966266337,0.6575998223143803
2021-03-10,58.051893748912526,58.658213872546234,56.69090018761175,57.14563751220703,129452151,0.038141428225423324,6.505,3357.739990234375,-0.00046142155339390367,0.6853020317220841,0.6614661825469664
2021-03-11,57.068239383347766,59.66444648207326,56.14908362092836,59.0097541809082,110348370,0.03262045450631246,6.4932,3436.830078125,0.02355455994825384,0.7089241141939897,0.6621338356438864
2021-03-12,60.041787289325946,60.62875636801176,57.697133078068084,58.59371566772461,90554466,-0.007050334626172661,6.5081,3453.080078125,0.004728194187844537,0.7030677357144784,0.6606296577066435
2021-03-15,57.58425013385402,58.37439988293043,55.47180535243931,56.200679779052734,88680717,-0.04084116976370622,6.4996,3419.949951171875,-0.009594369723135543,0.7049446848906699,0.6655895789554023
2021-03-16,57.27141872637004,57.76163610516493,55.91365093368691,56.91343307495117,59116920,0.01268228958618578,6.5052,3446.73291015625,0.007831389162638924,0.6947075391594661,0.6649904947442066
2021-03-17,56.12328037904901,58.04222197838195,55.30410579432684,57.04566192626953,64111584,0.0023233328965452937,6.503,3445.551025390625,-0.00034290001471903864,0.6669702006197554,0.6629558222428743
2021-03-18,57.66165200709197,58.25507262590406,57.174664138119326,57.584251403808594,60319311,0.00944137484521046,6.5054,3463.068115234375,0.0050839734238921075,0.67345363125393,0.6621860151075353
2021-03-19,55.79432038274564,56.558671240446905,54.71713760162843,55.19767761230469,77468166,-0.041444904350116496,6.507,3404.659912109375,-0.01686602780582247,0.6772180352664294,0.6680035246819811
2021-03-22,55.57823792316445,56.59414533490167,54.830012376138555,56.052330017089844,55704873,0.015483484844924567,6.507,3443.43994140625,0.011390279880509002,0.6608991868432593,0.6668913603692983
2021-03-23,56.69734715443673,56.81990149481781,53.63349971742934,54.49460220336914,67994691,-0.027790598771643693,6.516,3411.510009765625,-0.00927268434587114,0.6408576947719238,0.6363076236810343
2021-03-24,54.178539352730645,54.581678716543,52.24670210580012,52.48535919189453,74480790,-0.036870495980065865,6.523,3367.06005859375,-0.013029406639474828,0.6107440971382299,0.6327241194293616
2021-03-25,50.63415508138851,52.714349603649886,50.182639819618274,51.98870086669922,76857192,-0.009462797489476094,6.5452,3363.590087890625,-0.0010305639468083383,0.6089110454447879,0.6320064722135489
2021-03-26,52.572442256845484,55.47181130444184,52.536965900821485,55.14607620239258,98559096,0.060731952963952285,6.5412,3418.326904296875,0.016273331463102503,0.6366486211944637,0.6435182642231877
2021-03-29,54.83001361018213,54.98159641401973,53.14973649930098,54.214019775390625,70418592,-0.016901591032174146,6.5696,3435.300048828125,0.004965336846489032,0.5713188788572637,0.6438696570414971
2021-03-30,51.924198171302535,54.5042839050293,51.311430070182226,54.5042839050293,101679270,0.005354041829793044,6.5716,3456.679931640625,0.006223585278902544,0.5723179003408861,0.6432001626125625
2021-03-31,54.572004227733295,55.678215423217054,52.427308751522745,53.05620574951172,81045909,-0.02656815302886606,6.5518,3441.909912109375,-0.004272891856735961,0.5750150265096967,0.6374518455519961
2021-04-01,54.181773088981515,55.439563511807656,53.86248586881806,54.526859283447266,89987340,0.027718784507108962,6.5645,3466.330078125,0.007094946305744365,0.5683072054954572,0.63420309159508
2021-04-02,55.14607324138197,57.4713762607466,54.368822935764726,56.71992492675781,104859600,0.04021991495806354,6.5646,3484.39208984375,0.005210701609963175,0.5925714880246444,0.6329188171208266
2021-04-06,57.01986170325578,57.806785709681506,55.729817144980096,56.79087829589844,76772955,0.0012509425785074413,6.537,3482.969970703125,-0.0004081398143366277,0.4739671492388983,0.6182853574573361
2021-04-07,57.1327410672156,57.43267719625116,54.665536189740486,55.14607620239258,84511050,-0.02896243451168201,6.5415,3479.6298828125,-0.000958976941724976,0.4692283336480792,0.6053756988320041
2021-04-08,54.504276207043674,55.31055127021522,53.897956089889725,54.98159408569336,48012918,-0.0029826621951405397,6.5505,3482.550048828125,0.0008392174208093905,0.4476900991242594,0.6047780544698936
2021-04-09,55.439558621742634,55.5040597426494,53.53674602827243,53.76895523071289,61498731,-0.02205536007359976,6.5522,3450.679931640625,-0.00915137377515196,0.4342014029115636,0.5990433979207241
2021-04-12,53.7721847120786,54.63006148965135,52.44021580531651,52.71757507324219,60380400,-0.01955366536246461,6.5475,3412.949951171875,-0.010934071318173921,0.43751277047735426,0.5989893552457907
2021-04-13,52.72402067750791,54.06244111491099,52.72402067750791,52.89495086669922,47028882,0.003364642497508674,6.5431,3396.469970703125,-0.004828661628363928,0.417022631274826,0.5942511931389178
2021-04-14,53.859255606598566,55.14930017655164,53.859255606598566,55.133174896240234,88647435,0.04231451193104552,6.5292,3416.719970703125,0.005962072438346233,0.44391823338507763,0.6015396252962916
2021-04-15,54.343014611576116,54.39139413730906,52.73046463676091,53.37226104736328,74249967,-0.03193927888591519,6.522,3398.989990234375,-0.005189181618855732,0.45676574423026817,0.6033214515707161
2021-04-16,53.34324375792532,53.66575677305858,51.70811657494278,53.31099319458008,70379832,-0.0011479343685446564,6.5203,3426.6201171875,0.008128922718957377,0.4545019588683055,0.5908126199633399
2021-04-19,53.21423840009194,57.08436482918954,52.94977862891262,56.77798080444336,152205150,0.06503325866034992,6.5085,3477.550048828125,0.014863022424098649,0.49208160334806944,0.6074173057593085
2021-04-20,56.439344104958366,56.439344104958366,54.75584112811495,55.226707458496094,112703109,-0.027321742055079645,6.4981,3472.93994140625,-0.0013256768003752084,0.499764156646547,0.6088994022316752
2021-04-21,54.504275455127114,55.01706968045919,53.91408062592826,54.372047424316406,69146664,-0.015475484118295135,6.4903,3472.929931640625,-2.8822167368325324e-06,0.4926333604630692,0.6078150229771011
2021-04-22,54.82678652242443,55.400856090719024,53.93021135182055,54.41075134277344,59252532,0.0007118348543138087,6.491,3465.110107421875,-0.002251650442903097,0.4726425907388183,0.6046131300666847
2021-04-23,53.917312029220355,55.271857800786336,53.623827481131755,54.58490753173828,68648397,0.0032007679487406904,6.4945,3474.169921875,0.002614581982177011,0.47062550513509965,0.5895971052781319
2021-04-26,54.8267944514888,55.794326161701434,53.93989284435427,54.0205192565918,95854230,-0.010339639667216072,6.4844,3441.169921875,-0.009498671838765405,0.4195347869794248,0.5848283792169273
2021-04-27,53.536745621120325,53.98826084571402,52.698219983189205,53.19488525390625,76691763,-0.015283710968490904,6.483,3442.610107421875,0.00041851625452138386,0.4187448800455152,0.5633454204620566
2021-04-28,53.16908923731108,54.35592689680052,52.55631748677779,53.375492095947266,65523594,0.003395191871905734,6.4771,3457.070068359375,0.004200290037586818,0.41843164900172064,0.5628211334581578
2021-04-29,52.56921823793118,53.19166369570112,52.31121004487942,52.55309295654297,82756212,-0.015407804351966647,6.471,3474.89990234375,0.00515749858458503,0.4110992017688484,0.5619227110472768
2021-04-30,52.08222793000994,52.311207653422635,50.54062674022622,51.14049530029297,107969742,-0.02687943899739831,6.4749,3446.860107421875,-0.008069238167972226,0.4076540607437062,0.5565961218071644
2021-05-06,50.63415574705548,50.63415574705548,48.376583099365234,48.376583099365234,126947424,-0.054045471884819674,6.4635,3441.280029296875,-0.001618887320951834,0.4127236186348077,0.5637686780017899
2021-05-07,47.77026050263771,48.36368117153415,46.2447845765747,46.425392150878906,113394114,-0.04033337667686432,6.431,3418.8701171875,-0.00651208617682697,0.4270354889347958,0.5675040663646775
2021-05-10,46.42539680978712,47.844443810273056,45.61589582019713,47.409053802490234,78221625,0.021188009536128538,6.4156,3427.989990234375,0.002667510825002495,0.43405618913835764,0.5380619268171699
2021-05-11,46.34476912285117,47.97667054493678,45.46431543836937,47.267147064208984,80891988,-0.0029932413094014843,6.4285,3441.85009765625,0.004043217005113675,0.43405483462376854,0.5379889279624297
2021-05-12,47.81540733626534,49.98912752540806,47.81540733626534,49.57954025268555,115397742,0.04892178462422003,6.4566,3462.75,0.0060722872149434615,0.4731485279327655,0.5509376652639122
2021-05-13,48.61846797109904,48.69909438256198,47.91217027233021,48.05084991455078,63808827,-0.030833088212268378,6.4506,3429.5400390625,-0.009590631994079835,0.47983027434764564,0.54849018103513
2021-05-14,47.69930672022238,49.69887102499105,47.18651615782373,49.51504135131836,90083598,0.03047170735525717,6.4367,3490.3798828125,0.01773994269115775,0.494904210621953,0.5535333907688469
2021-05-17,50.12780962819749,51.88549091401309,49.81174824745228,51.53072738647461,108900768,0.04070856006873913,6.4388,3517.6201171875,0.007804375251283524,0.49299003137129793,0.5578321072052914
2021-05-18,51.601679774792515,52.18220090060348,50.59544610939204,51.18241882324219,58485636,-0.006759240183437543,6.425,3529.010009765625,0.0032379541276992274,0.48129410826728425,0.5495409882611303
2021-05-19,51.56943597315052,56.116835445712525,51.562984384266024,55.72337341308594,178947261,0.08872098455381483,6.4342,3510.9599609375,-0.005114762717639221,0.5784689687776962,0.5821980849796886
2021-05-20,54.82679056624212,57.26497074609957,54.53653181191534,55.77497482299805,149966544,0.0009260281054699337,6.4339,3506.93994140625,-0.0011449915624148765,0.5297522076162423,0.58237358808724
2021-05-21,56.120059663471515,57.40365269323922,54.859043503324905,55.85882568359375,100489653,0.0015033778296056344,6.4339,3486.56005859375,-0.005811300778743256,0.5200958332002696,0.5673631095379341
2021-05-24,55.44278689268014,56.60059978071043,54.82034145193995,55.94590377807617,81516861,0.0015588959026038296,6.4177,3497.280029296875,0.003074655397575121,0.5164103390103629,0.5553986893448996
2021-05-25,56.439336644427584,57.40686815085114,55.69756273555884,56.9295539855957,99456861,0.01758216671986279,6.41,3581.340087890625,0.024035838677364918,0.5193498994564669,0.5389100677709964
2021-05-26,57.406875796257594,59.528994543223284,56.76185347579168,56.816680908203125,103673397,-0.0019826798119855216,6.3905,3593.360107421875,0.0033562910073501317,0.5196180869809753,0.5388614347814303
2021-05-27,57.72938339533819,57.948693118466025,56.278085985553034,57.229496002197266,70207830,0.007265737586134469,6.3824,3608.85009765625,0.004310725830784845,0.5175996062858863,0.5268463281036255
2021-05-28,57.22949624438692,59.664446860879195,56.784428898464135,58.59371566772461,111358461,0.02383770189894685,6.3674,3600.780029296875,-0.002236188298487707,0.5175121246936616,0.5089062642588493
2021-05-31,56.52319240959794,57.764861120123435,54.88483959481597,57.63262939453125,131265948,-0.016402548673368322,6.3674,3615.47998046875,0.004082435209113777,0.5232398266973223,0.5096750241279651
2021-06-01,57.642305218443965,61.567255120590026,57.642305218443965,61.102840423583984,154081236,0.06021260986197552,6.3796,3624.7099609375,0.0025529059816709054,0.5533486571441038,0.5253521194226507
2021-06-02,61.27700053781685,61.87364699716484,59.72895144316942,60.14821243286133,88304892,-0.015623299737047902,6.3805,3597.139892578125,-0.0076061446726745086,0.5452860602465678,0.5148036381973152
2021-06-03,60.1804685171374,60.470727269864696,58.10995140595168,59.309688568115234,75240171,-0.013940960684111325,6.4036,3584.2099609375,-0.0035945034184805547,0.50085545314674,0.5151174956527522
2021-06-04,58.57113742117753,61.922021623654445,58.219599664760345,61.083492279052734,95954517,0.02990748651293873,6.3945,3591.840087890625,0.0021288169600224283,0.4668319817883182,0.475267388623962
2021-06-07,61.59950595553186,62.20260396544363,60.309465124741855,61.38987731933594,76355406,0.00501584026799784,6.3963,3599.5400390625,0.0021437344045003304,0.4671568364166199,0.4694023730871958
2021-06-08,62.56702915006008,66.30815259625618,62.325146295895316,65.4083480834961,167771568,0.06545819831593724,6.4,3580.110107421875,-0.0053978929056962555,0.49749263088627443,0.4815074374263497
2021-06-09,65.43738027307943,65.63089100738503,63.54101936696291,65.14712524414062,94966746,-0.00399372323272873,6.3865,3591.39990234375,0.0031534770113550437,0.48757589586255773,0.47762045001870507
2021-06-10,65.16324592930123,69.6783905297605,64.82461137606072,69.05272674560547,132300096,0.05995048111222867,6.3929,3610.860107421875,0.005418556999298607,0.4828795187364913,0.4916756008644286
2021-06-11,69.11400005298206,74.1612897911326,68.39802882105323,73.2163314819336,162025533,0.06029602207697171,6.3967,3589.75,-0.005846282269004188,0.5036632147655254,0.49664024271504614
2021-06-15,74.67409126042502,76.69300302308699,72.52294407322901,74.92565155029297,155430225,0.023346158346941426,6.4052,3556.56005859375,-0.009245752881468117,0.49803119617180036,0.4978342067291075
2021-06-16,72.88738663523677,74.71279506560681,67.94007352725191,68.04972839355469,185452770,-0.09176994813482398,6.3969,3518.330078125,-0.010749145196177534,0.6308377572334266,0.5359388387666043
2021-06-17,68.0368231128848,74.85469818115234,67.99489516799424,74.85469818115234,155993274,0.0999999551540045,6.4477,3525.60009765625,0.002066326743033864,0.6492979147774731,0.5712003545509504
2021-06-18,76.11247362712643,81.37584721702247,75.67708741573726,79.01506805419922,171568803,0.05557927523772199,6.4525,3525.10009765625,-0.00014181982815697491,0.6617151486548658,0.572105710725397
2021-06-21,78.65386854929308,80.48572843291868,74.86436495279666,78.23460388183594,129157905,-0.009877409354731359,6.4659,3529.179931640625,0.0011573668467137477,0.6667809526221157,0.5727892755962114
2021-06-22,78.37006347266119,79.66010813030225,76.1124871672095,76.71881103515625,94928424,-0.019374966721492082,6.4811,3557.409912109375,0.007999019890047476,0.6776052027720667,0.570912555332813
2021-06-23,75.14495992664932,80.56313599582865,74.98370710311696,78.4668197631836,118350180,0.022784617024712794,6.4727,3566.219970703125,0.002476537371687293,0.6779390255866619,0.5646819184196388
2021-06-24,78.69256215101738,81.23071567620715,77.46056725447782,78.9795913696289,93685512,0.006534884528172302,6.4701,3566.64990234375,0.00012055668022648014,0.6754396501308669,0.5635995925215747
2021-06-25,79.66010019927698,80.19546391771274,76.7575055448298,79.01184844970703,88950708,0.00040842298014887035,6.4545,3607.56005859375,0.011470191179436151,0.6772485455842062,0.5527671365609921
2021-06-28,79.01185176372525,82.24018532542858,78.53776335048441,81.79834747314453,104181594,0.035266850201728595,6.4555,3606.3701171875,-0.000329846596293093,0.6799624079752904,0.5536323184103887
2021-06-29,83.01422030059604,83.72374008100758,80.6276416873704,81.69192504882812,91877262,-0.0013010339157688566,6.4635,3573.179931640625,-0.009203211114881094,0.6719864358049188,0.5539088544173872
2021-06-30,80.62763629253062,82.72395231160175,79.33759169065898,80.95014190673828,85622193,-0.009080250485546393,6.4566,3591.199951171875,0.0050431324131432476,0.6597654133615014,0.5504827489502309
2021-07-01,80.95013116025274,81.43389689902253,75.98347154399733,76.30598449707031,126780861,-0.0573705900975251,6.4679,3588.780029296875,-0.0006738477132720577,0.700813487958475,0.5646704751519803
2021-07-02,75.14495201346027,78.53131262280453,73.81943844207805,77.0929183959961,112278039,0.010312872628699177,6.4721,3518.760009765625,-0.01951081397010801,0.6937493162893725,0.5602911403563003
2021-07-05,76.12537330524258,80.62762173057261,75.97379052676574,80.48249053955078,97470348,0.04396736060948925,6.4721,3534.320068359375,0.004422028939332634,0.6997661417038094,0.5656449900633007
2021-07-06,82.24018439561307,84.18169914631726,77.72503947759044,80.78888702392578,155375010,0.0038069955628974306,6.4786,3530.260009765625,-0.0011487523810017608,0.7000036083085449,0.5608500123235245
2021-07-07,78.6925726402835,83.40122101649375,77.68633888988869,82.26921081542969,115915968,0.018323359140540063,6.4718,3553.719970703125,0.0066453918047406635,0.6742356729497748,0.5609313602036315
2021-07-08,81.5951665337291,84.34940429406811,80.98884270213566,81.25975036621094,118172985,-0.012270209464917192,6.4898,3525.5,-0.007940966349563428,0.6775351705613684,0.559096129360828
2021-07-09,80.91144397077238,82.23696499741143,78.00884900164687,80.24707794189453,109484097,-0.012462165090990629,6.4788,3524.090087890625,-0.0003999183404835849,0.6580068806990769,0.5578174006427558
2021-07-12,81.69191533207496,88.01634679761837,81.1113978750271,85.9426040649414,168017124,0.07097487247038337,6.4751,3547.840087890625,0.0067393282826704315,0.6701664032862719,0.5726227957551291
2021-07-13,85.94582510470275,86.99076089859275,83.92368042680376,85.4975357055664,83194173,-0.005178669697263216,6.4685,3566.52001953125,0.005265156032365326,0.6696542279102211,0.5689947277002158
2021-07-14,84.17524170271882,84.17524170271882,79.01507116842905,79.10860443115234,183815058,-0.07472649616962124,6.4688,3528.5,-0.010660256867490392,0.6381483270454903,0.5882419713532897
2021-07-15,77.08001520064845,78.54744157580288,74.1774203933226,76.24149322509766,165569601,-0.03624272260484529,6.46,3564.590087890625,0.010228167178864878,0.5565677016434385,0.5947429260281809
2021-07-16,76.0318665723859,76.0318665723859,71.28450830042196,71.89405059814453,168822444,-0.0570220026268059,6.4785,3539.300048828125,-0.007094795878048843,0.5549825050776593,0.5961807290577081
2021-07-19,70.95231416496766,74.81921446390112,69.11400279447207,72.23268127441406,111656169,0.004710134892278228,6.4893,3539.1201171875,-5.083819911921861e-05,0.5553930211708872,0.5924506062656134
2021-07-20,70.95231083189002,74.00325487547047,70.66527422976372,73.37113952636719,74024898,0.015760985635132174,6.4845,3536.7900390625,-0.0006583778023481202,0.5559897388434335,0.5912598852011606
2021-07-21,74.56443214195212,79.01185010126989,74.18064383112936,77.7992172241211,141453357,0.06035176400882536,6.4664,3562.660888671875,0.007314782422377819,0.5926605771934369,0.6016589801900222
2021-07-22,79.43434431470553,80.44702967133142,77.45735313499745,80.29222106933594,112431981,0.032044073631654735,6.47,3574.73388671875,0.003388758690242799,0.6030807145723841,0.6038464996703541
2021-07-23,79.8020145412599,84.49776740903235,79.04088943877234,83.42703247070312,138168681,0.03904252939596886,6.4808,3550.39990234375,-0.006807215626709495,0.6175599949470508,0.6062100748858934
2021-07-26,80.81467667461574,83.76887640319812,77.72824892468918,80.15998077392578,121328472,-0.039160588600878565,6.4825,3467.43994140625,-0.02336637089324367,0.6231794829972334,0.6120708285315968
2021-07-27,79.3375904019014,83.16901461355744,76.49949675289389,76.98648834228516,113312160,-0.039589485938011704,6.5104,3381.179931640625,-0.0248771460279833,0.6386434267262799,0.6196204083855075
2021-07-28,74.17418609959263,77.75728284135637,72.2391231164427,76.27373504638672,99659589,-0.009258160896097878,6.4905,3361.590087890625,-0.00579378919373108,0.6386691949570321,0.6188037228542695
2021-07-29,79.64075067888707,82.98195759297779,78.31201129600484,82.94970703125,128655315,0.08752648576607935,6.4562,3411.719970703125,0.014912550757774312,0.6785144369263947,0.6362456591795455
2021-07-30,82.9464917987459,86.52958175401045,81.31458673870277,85.37176513671875,137398197,0.029199115851684443,6.4609,3397.360107421875,-0.004208980632806947,0.6837506675070352,0.62383323071878
2021-08-02,89.01290755871317,93.90861511230469,88.14212763886795,93.90861511230469,186677709,0.09999617510443404,6.462,3464.2900390625,0.019700570302927156,0.7506749337409223,0.6412650387375033
2021-08-03,96.43064683937324,96.43064683937324,88.69361984704109,90.32875061035156,146804559,-0.03812072510782949,6.47,3447.989990234375,-0.00470516286001732,0.7688994110894485,0.6493424023368822
2021-08-04,91.27370878496467,99.36227416992188,90.94797735355712,99.36227416992188,160291917,0.1000071793147892,6.4655,3477.219970703125,0.008477397136168241,0.8369425228761633,0.673312561059973
2021-08-05,97.07566368048695,98.76884381804382,95.09867272606701,96.57899475097656,110646873,-0.028011430315952324,6.4608,3466.550048828125,-0.0030685208197634983,0.8445231102128713,0.6744029392198456
2021-08-06,100.99571415795896,102.38318878064152,96.31699661760506,97.92389678955078,136087881,0.013925409371281727,6.4825,3458.22998046875,-0.0024001004578565466,0.8404020181414923,0.6684587885576142
2021-08-09,95.18766308873366,95.96206674399164,91.31562265645067,94.71978759765625,102486237,-0.03272040121912745,6.4857,3494.6298828125,0.010525587525794355,0.8231926946315116,0.6738451536959369
2021-08-10,94.72300459056252,97.54636463410121,90.99294017130865,94.21964263916016,99310548,-0.005280258446319297,6.4852,3529.929931640625,0.01010122674270586,0.8232112777705355,0.6719902568892905
2021-08-11,93.25162526311098,96.42346924730656,92.33523879195185,95.18441772460938,79198185,0.010239638555455954,6.4783,3532.6201171875,0.000762107350279484,0.765781154498978,0.6709762566007276
2021-08-12,94.54230282532127,101.1183186730462,93.37101166994937,99.69857025146484,114833694,0.04742533110740843,6.4782,3524.739990234375,-0.0022306748791881548,0.7557597732998337,0.6557789820632638
2021-08-13,97.76901221338848,100.83437482100835,96.15243724927015,96.80745697021484,74071938,-0.02899854304788807,6.4768,3516.300048828125,-0.002394486240015925,0.726540878571081,0.660509442251601
2021-08-16,95.83299332537567,95.83299332537567,91.96095319101705,92.09001922607422,91520103,-0.04873010707834269,6.4742,3517.340087890625,0.00029577654012968857,0.7614362272729347,0.6712289005671995
2021-08-17,91.46081825787769,93.73564791994662,89.7022675463853,90.44763946533203,81617520,-0.017834503397271217,6.4854,3446.97607421875,-0.020004893446079253,0.769283706613855,0.6733495553295779
2021-08-18,92.0932470666567,92.95800279937104,89.76357410407368,91.52857208251953,66516906,0.011950921257616764,6.4841,3485.285888671875,0.011114035499015795,0.7474797273070803,0.673138731321984
2021-08-19,91.5285758834343,96.3750810552062,89.88618909362381,94.77464294433594,108501537,0.03546510983357032,6.4942,3465.554931640625,-0.00566121622773641,0.7489646353411661,0.6749447153745607
2021-08-20,93.25164132714262,94.73592297589686,90.99294865063362,91.98999786376953,74151960,-0.029381752271036454,6.5012,3427.333984375,-0.011028810109649845,0.7523650573513396,0.6796120935815236
2021-08-23,90.83160853227916,95.00695670747986,88.91171807080939,93.509765625,88748061,0.016521010941658476,6.4805,3477.1298828125,0.014529047552563013,0.7338358352676171,0.6790872850829309
2021-08-24,94.47455016390424,97.4463406638111,93.59043748662057,96.236328125,82319718,0.02915805083860734,6.471,3514.470947265625,0.010739047925043765,0.7141243964631121,0.6783097694632397
2021-08-25,96.09112350514891,96.7364684384002,93.89697141101948,95.5748519897461,53743614,-0.006873455670448281,6.4756,3540.3798828125,0.007372072763052184,0.7132256540362453,0.6707657210416782
2021-08-26,95.83299152294575,96.40411388706333,91.1542739868164,91.1542739868164,79104477,-0.046252522613416724,6.4809,3501.6640625,-0.010935498899554252,0.6834778919510096,0.6783359648282631
2021-08-27,90.66704027793222,95.51999984202723,90.34760259032865,92.97736358642578,78866790,0.020000045196707283,6.4711,3522.156982421875,0.005852337504713256,0.6800336967235135,0.6772464691368609
2021-08-30,89.52157127320099,92.92896334635529,88.39867608780725,90.98326110839844,125727702,-0.02144718242278132,6.4658,3528.15087890625,0.001701768692959682,0.5853649666555132,0.6784593273495647
2021-08-31,92.56757460270323,92.56757460270323,86.00769478187271,89.37960052490234,98900502,-0.017625885948245767,6.4604,3543.93994140625,0.004475166465923497,0.57248190482694,0.6804045772539293
2021-09-01,89.37959261859103,89.69258291302444,83.11979411525301,85.92701721191406,86302266,-0.03862831443318371,6.4586,3567.10009765625,0.006535143550093547,0.4499025159075465,0.6757434016024912
2021-09-02,86.15611282613827,87.76300550065935,84.7654035257874,86.15288543701172,49573329,0.0026286054424606853,6.456,3597.0400390625,0.008393356111851658,0.4438986384851742,0.6754848396353421
2021-09-03,86.15611336210613,87.44356837440593,80.79656471568514,81.99366760253906,86389239,-0.04827717392603814,6.4528,3581.72998046875,-0.004256293626839991,0.46264192891358646,0.6746700062943871
2021-09-06,83.89096759594172,90.02492726034625,83.57152991851386,89.57318878173828,119336643,0.09244032375695932,6.4528,3621.860107421875,0.011204118448893574,0.5751381891595696,0.6892369825122842
2021-09-07,89.57318754434439,90.70575742175289,88.17602345356087,89.04077911376953,62290059,-0.005943850779568272,6.4662,3676.590087890625,0.015111014463700112,0.5751905295857062,0.6883897722132826
2021-09-08,89.66999384868896,90.11527757644353,86.67239162084512,86.98860931396484,54773418,-0.02304752743888938,6.4612,3675.18994140625,-0.00038082746536971523,0.5777664880649229,0.6615255260670752
2021-09-09,87.76624059392557,90.21208479346087,85.76568750898426,87.67266845703125,64876923,0.00786377835513452,6.4547,3693.1298828125,0.004881364417150591,0.5474499270565871,0.6312292089518525
2021-09-10,87.67266266688529,87.93724949837538,84.7460484185207,85.70437622070312,71627208,-0.022450465703491074,6.444,3703.110107421875,0.0027023757425435058,0.5442618594571522,0.6238937817632423
2021-09-13,86.58204091034875,87.75978685860082,83.62960756677701,84.3330307006836,64047537,-0.01600088094087615,6.4511,3715.3701171875,0.0033107332512347654,0.521734162341452,0.62452185665665
2021-09-14,84.34271003102484,89.05692146742138,82.94555324073045,86.87244415283203,106407000,0.03011173001906431,6.4382,3662.60009765625,-0.014203166270604695,0.532383988564922,0.6255216435359551
2021-09-15,86.44007700017825,87.12090850178329,83.89420572512546,84.2652816772461,65642733,-0.030011386245783922,6.432,3656.219970703125,-0.0017419665764787373,0.5391276852975295,0.6276801261928523
2021-09-16,84.26527949036031,85.43334339849586,80.83852295864966,80.99017333984375,66242913,-0.03886663964343828,6.4566,3607.090087890625,-0.013437343268778212,0.5322351341564638,0.633134617379305
2021-09-17,81.63551361460752,82.92618870928055,80.82560875209607,82.31957244873047,41826321,0.016414326010989244,6.4655,3613.969970703125,0.0019073221474552593,0.5318647454162093,0.6338997428275399
2021-09-22,80.02216253381476,81.13214819087706,78.74116215996071,79.76403045654297,49023858,-0.031044160169552915,6.4611,3628.489990234375,0.0040177476982259375,0.5331182894332177,0.6333591328273463
2021-09-23,81.90332886272546,83.09397705851396,80.30611084330465,80.64168548583984,44935254,0.011003142948939004,6.459,3642.219970703125,0.0037839378104120858,0.5203517074897942,0.633724055256361
2021-09-24,80.9772651230844,83.08752721215777,79.6994922223364,81.2386245727539,47480100,0.0074023637194300385,6.466,3613.070068359375,-0.008003333839862181,0.5233298384522456,0.6335539895369482
2021-09-27,81.95817951116294,83.08430207252752,79.63495397817101,81.47417449951172,53997282,0.0028994819643564096,6.456,3582.830078125,-0.008369610791441495,0.5038861181829236,0.621838409846391
2021-09-28,81.28056914216388,81.90009491818003,79.47038788032715,79.65431213378906,48733314,-0.022336677565644614,6.4595,3602.219970703125,0.005411892876670432,0.49826157798723,0.6235344965476084
2021-09-29,78.40881623765384,79.0154325378956,75.82745849407591,76.1501235961914,73666443,-0.043992452432605855,6.4702,3536.2900390625,-0.01830258345598923,0.5129932445254796,0.6238772249101163
2021-09-30,76.8599899664678,80.57068977686986,76.53731752782558,80.50938415527344,67511403,0.05724561370639791,6.4434,3568.169921875,0.009015064505554893,0.5616206398813992,0.6348504849073544
2021-10-08,83.24241386147283,83.88775885200927,80.6675108345849,81.6355209350586,58231185,0.013987646180639635,6.4435,3592.169921875,0.006726137074601013,0.5503159879708042,0.6343988427838748
2021-10-11,81.66777653156717,84.89447151169405,80.02215514949228,82.5228500366211,63591819,0.010869399636322274,6.4435,3591.7099609375,-0.00012804542866939883,0.5520098575275858,0.6341596504459835
2021-10-12,82.28085550031534,84.82994670129575,81.63873792313505,82.9294204711914,63495402,0.004926761913699007,6.4485,3546.93994140625,-0.01246482038309249,0.5239147548654768,0.633580814428369
2021-10-13,82.92941925776066,88.28251365562483,82.06466351413553,87.50811004638672,96593430,0.05521188438529956,6.4262,3561.760009765625,0.004178268762424997,0.44913468608806606,0.6269677866343604
2021-10-14,87.44356899757742,89.05368908271603,86.52072771364146,88.06954956054688,53339796,0.0064158569287182665,6.438,3558.280029296875,-0.0009770395701026446,0.4493955424163,0.6269257163601567
2021-10-15,88.73425698141267,92.76763733420255,87.44358176761118,91.42210388183594,86353515,0.038067122382455354,6.434,3572.3701171875,0.00395980298757137,0.46035789313715436,0.6109556223265865
2021-10-18,91.71894901431192,93.13224275140627,90.36050612552003,92.25780487060547,64864134,0.009141126196895222,6.429,3568.139892578125,-0.0011841507096429504,0.46056337011754767,0.6055197182274132
2021-10-19,92.92896658392715,95.15861269999479,91.63828403070681,91.89319610595703,58157355,-0.003952064165842817,6.3822,3593.14990234375,0.007009257069109598,0.4516265134918521,0.5923442531172962
2021-10-20,92.28361713755989,95.18764697001461,92.03838726241071,93.76789855957031,65113527,0.020400884211837278,6.3936,3587.0,-0.001711562977024239,0.4488549379222295,0.5932098405782814
2021-10-21,93.89696736545766,94.41323885861686,91.6415023562618,92.60951232910156,54187725,-0.012353761236664984,6.3925,3594.780029296875,0.002168951574261113,0.4434951202718119,0.5938354679270924
2021-10-22,94.284177914444,97.12367497255967,93.25163487246202,96.8010025024414,100964604,0.045259823401777144,6.3839,3582.60009765625,-0.003388227246552078,0.4483555702978656,0.5885615113828923
2021-10-25,97.80450246627532,102.81879448834036,97.52055129489179,102.39932250976562,100556928,0.05783328542680155,6.3856,3609.860107421875,0.007609001569407248,0.4475849631336909,0.5960770477888776
2021-10-26,103.99976868342003,104.86775176542493,102.53161674668155,102.93495178222656,93973302,0.005230789221382315,6.382,3597.639892578125,-0.003385232247262171,0.44793870204867214,0.5917784168052648
2021-10-27,103.83520625543584,105.42597690349406,102.56066068866303,103.81584930419922,65720331,0.008557807690397823,6.3915,3562.31005859375,-0.009820280806108417,0.419047806765659,0.5848931021205139
2021-10-28,103.12856448257787,104.48055264357262,98.54342629142816,99.37591552734375,89480142,-0.04276739829816989,6.3917,3518.419921875,-0.012320695278298155,0.46445892126485994,0.5859625016528768
2021-10-29,98.45630293336164,101.24094187539572,94.7907712862485,100.45040130615234,104147874,0.010812335897554037,6.405,3547.340087890625,0.008219645937035613,0.46427579220319937,0.5853317943377014
2021-11-01,97.25596318757023,99.51464820144905,94.80689913706446,97.44633483886719,85435761,-0.02990596780324828,6.3972,3544.47998046875,-0.0008062681758759238,0.48602947274420644,0.5639151226723425
2021-11-02,100.02770167616879,103.18986371249069,99.2662002852074,101.27965545654297,87026220,0.03933776087129792,6.3995,3505.6298828125,-0.010960732708416132,0.48184782443863555,0.5662820999389391
2021-11-03,101.03764824021648,101.26997594498037,96.75581865697897,97.77223205566406,59174442,-0.03463107556071687,6.4061,3498.5400390625,-0.0020224165091586865,0.4682404427082922,0.5345875679051271
2021-11-04,100.39232314747228,106.15843487017835,99.71471905480486,104.86775970458984,104989302,0.07257201252075474,6.397,3526.8701171875,0.008097685837144653,0.49010545935915073,0.5477637740068626
2021-11-05,104.5450848754369,105.51309492057983,100.9989371758071,101.3183822631836,58254978,-0.033846221673894505,6.3961,3491.570068359375,-0.010008888236654134,0.5183941739044005,0.5142474229984019
2021-11-08,99.41139885339265,103.1285611759073,99.05969465082688,101.64105224609375,50954841,0.0031847131359834524,6.3902,3498.6298828125,0.0020219598389563664,0.5192074845686958,0.5107353110271527
2021-11-09,101.65718711933246,106.4714257482197,101.65718711933246,103.47705078125,60991512,0.018063553009181055,6.3916,3507.0,0.002392398586835265,0.5192718963512315,0.5112404876210813
2021-11-10,101.31838029737487,101.83465181907889,97.31081937906544,100.1115951538086,82463550,-0.03252369102165431,6.3882,3492.4599609375,-0.004146004865269504,0.5149832861131035,0.5111845296620136
2021-11-11,100.99571492249117,102.2831626410083,99.39849690650965,100.66981506347656,41655450,0.00557597657704223,6.3882,3532.7900390625,0.01154775676058839,0.5150098464707636,0.5110602510399089
2021-11-12,101.89918600191574,102.20250152496791,98.57569127400537,98.98870849609375,44665146,-0.016699211837458927,6.3787,3539.10009765625,0.0017861402811882865,0.5081229445128901,0.5120978964968644
2021-11-15,98.9887057689663,98.9887057689663,93.71627416841922,95.16828918457031,67611672,-0.03859449597399478,6.3824,3533.300048828125,-0.001638848483535682,0.5300742212527859,0.5092394827523253
2021-11-16,94.86498357292587,96.05563916731514,92.92896350000902,94.70687103271484,45542544,-0.004848444327506973,6.3919,3521.7900390625,-0.0032575806205427105,0.5302189916055349,0.5058148272871579
2021-11-17,96.80099747300875,97.84645001819645,94.86497752354857,95.78458404541016,49013325,0.011379459599325514,6.3775,3537.3701171875,0.004423908850951008,0.5270314019540561,0.49591963166517
2021-11-18,95.12311262283447,96.43960682143444,93.57429809075515,95.31671905517578,38729166,-0.004884554178494649,6.3851,3520.7099609375,-0.004709757729068564,0.52507520223608,0.4945126069336236
2021-11-19,95.41997861147765,96.80100590179225,92.92896566572055,95.77491760253906,52547592,0.004807116232127706,6.3863,3560.3701171875,0.011264817803804394,0.4998544749220386,0.49407477211180617
2021-11-22,96.28473307507892,100.5149322498062,96.22020005671813,100.35037231445312,86106135,0.047772995544636876,6.3842,3582.080078125,0.006097669686838447,0.4854670337859491,0.49834314557178466
2021-11-23,99.34362503597276,99.94056643799878,98.08521660924667,99.5372314453125,45108771,-0.008103017959839809,6.391,3589.089111328125,0.001956693611046667,0.48566095578531093,0.494617604239002
2021-11-24,98.55309458309964,99.89862787652334,97.12367132491387,97.83354187011719,42581451,-0.017116103697653595,6.3917,3592.702880859375,0.0010068765135544666,0.48734098829593125,0.4951412460250373
2021-11-25,97.83353532891505,98.24977989162565,93.99376213823471,96.15565490722656,51291432,-0.017150426436754906,6.3917,3584.179931640625,-0.0023722944817277103,0.4673554786189292,0.4930741429810735
2021-11-26,95.18765849834877,98.34013859153623,94.88111557828906,96.04595947265625,36748179,-0.0011408110596943244,6.3924,3564.090087890625,-0.005605143752033692,0.4651881081846096,0.4928501855702569
2021-11-29,94.15510863770524,99.08228372223037,93.55171973287356,98.2401123046875,60047025,0.022844821834029583,6.3875,3562.699951171875,-0.00039003972527884567,0.4606360631929427,0.48510696999167224
2021-11-30,99.05969512562437,99.3823602107478,97.76901262913947,98.31755065917969,39536478,0.0007882559646512632,6.364,3563.889892578125,0.00033399989405746844,0.43760965362409243,0.4836071366620818
2021-12-01,98.47887972726885,99.22102416752963,96.92361043878871,98.5176010131836,32483592,0.0020347369585862474,6.3641,3576.889892578125,0.0036476996741883205,0.4193512869396252,0.48126147445405965
2021-12-02,98.41434587453354,101.33774016089862,97.80127485431886,99.64049530029297,54021633,0.01139790530383622,6.3763,3573.840087890625,-0.0008526414787964898,0.3261735273390409,0.47993869691909724
2021-12-03,99.05647442382296,99.96317149809691,96.43316796241153,99.02743530273438,63098145,-0.006152719290595354,6.3758,3607.429931640625,0.009398809942228192,0.3048233370701563,0.4726823892591074
2021-12-06,97.12368198554701,100.51493732205458,97.07850591628254,97.36568450927734,53640258,-0.01678071120772673,6.3756,3589.31005859375,-0.005022931391666541,0.309419515383977,0.4743826021337915
2021-12-07,98.74025099995984,98.8499600840955,93.92278516355042,95.12311553955078,68303580,-0.023032436746366014,6.3657,3595.090087890625,0.0016103454988616317,0.30852082294390626,0.4655867658715789
2021-12-08,95.51354864285457,97.12367623974211,95.02631623460448,97.05591583251953,46314528,0.0203189338575136,6.3435,3637.570068359375,0.011816110147513603,0.300692864789375,0.42830982180789146
2021-12-09,96.80100387035736,97.00428509224545,95.84267599993336,96.6396713256836,33887133,-0.004288708248904816,6.3772,3673.0400390625,0.009751006863524925,0.29970378663613056,0.42819719603679257
2021-12-10,95.50709778764579,97.4560275007124,94.47778207932862,97.25920104980469,43461819,0.006410718451568709,6.3685,3666.35009765625,-0.0018213635939448025,0.29574052491891156,0.4251645783939849
2021-12-13,97.7657831301221,97.76901051943673,96.15566297264192,96.28472900390625,42882372,-0.010019330154680484,6.3659,3681.080078125,0.004017614269342662,0.26275436858667095,0.42572829902839676
2021-12-14,95.34898312187637,95.85557245165009,94.119613695637,94.67137908935547,47133384,-0.01675603110941226,6.3671,3661.530029296875,-0.005310954506070664,0.2694118220848576,0.42449456407843045
2021-12-15,94.67460750110888,95.34899158961655,94.12606944790984,94.6552505493164,29445108,-0.0001703634212810723,6.3673,3647.6298828125,-0.003796267236143458,0.26610687791086834,0.42286266172810444
2021-12-16,94.54230414300503,94.70041667158284,90.02492676701053,92.34815216064453,83599548,-0.02437369691890312,6.3674,3675.02001953125,0.007509023009108384,0.2790798475368184,0.4222837480081545
2021-12-17,91.63828076745294,92.2449044261435,89.89909452666159,90.01847839355469,45335445,-0.025227075069539584,6.3748,3632.360107421875,-0.011608076114593913,0.2903067333663999,0.42087696245011097
2021-12-20,90.09914689022297,90.82192701461946,86.56590884621531,87.28223419189453,65353509,-0.03039647248532107,6.3756,3593.60009765625,-0.010670750867026624,0.23689647636863406,0.4177584079948926
2021-12-21,87.2822317164138,89.3086038270036,86.93052013960146,89.12467956542969,44895915,0.021109053756397156,6.3716,3625.1298828125,0.008773871410125311,0.25670557240170927,0.4185802042938043
2021-12-22,90.35082141694767,92.01902716853338,89.38281142818437,90.09591674804688,43332690,0.010897511074967392,6.3695,3622.6201171875,-0.0006923243321292905,0.2589757079380351,0.4133754766139409
2021-12-23,90.92196042559641,91.06393602619977,89.43122400459198,90.3443832397461,36906402,0.002757799694674823,6.3696,3643.340087890625,0.005719609021332062,0.25516537200376355,0.4129844837219777
2021-12-24,90.98648837032444,90.9929431491428,85.49464586344095,87.12090301513672,62990643,-0.03567991843007279,6.3696,3618.053955078125,-0.006940371253439492,0.28008444725817055,0.4200549480783635
2021-12-27,86.79823015757974,87.61781720127952,85.83022012836759,86.1625747680664,32156985,-0.010999980646479446,6.3705,3615.969970703125,-0.0005759959361786304,0.2610303290056677,0.4208232199137785
2021-12-28,86.52396161105722,87.44357557499599,85.89798100100212,87.39517211914062,35562852,0.014305484189535145,6.3684,3630.112060546875,0.0039110086528180155,0.2702210180787521,0.4187369604748735
2021-12-29,87.81463111322324,87.83721545043471,84.86219799123943,86.7982177734375,42480912,-0.006830518565594579,6.368,3597.0,-0.009121498178182086,0.26866923754438854,0.40813829072730634
2021-12-30,86.4755632663907,88.08245604097036,85.8302183368326,86.19483947753906,35198019,-0.0069515055882067855,6.3726,3619.18994140625,0.006169013457395067,0.2605222785277573,0.39225836462335806
2021-12-31,88.08890845085452,88.47288653187037,86.15288848490167,86.5142822265625,34887591,0.0037060542250522133,6.3726,3639.780029296875,0.005689142660090463,0.2633294870335202,0.3914180858678136
2022-01-04,89.05692054616442,90.17013353005751,85.57854078049337,87.44357299804688,73398267,0.01074147236234091,6.3721,3632.330078125,-0.002046813574422046,0.2673088849646728,0.3914047641806932
2022-01-05,85.36235335007916,85.98510657674967,81.22249893356906,81.71940612792969,90512673,-0.06546126460597668,6.364,3595.179931640625,-0.010227635067667551,0.33790491594342176,0.41449077532054346
2022-01-06,80.66750280202054,82.12919259074799,79.98666397865325,80.6739501953125,52772352,-0.012793239478277041,6.3822,3586.080078125,-0.002531126032257358,0.32201829220063494,0.39900334186040837
2022-01-07,81.2483012994781,81.62259719316339,79.0541420065238,79.53814697265625,48580065,-0.014078934028970425,6.3769,3579.5400390625,-0.0018237292308094233,0.3219933167997825,0.3995767757291396
2022-01-10,79.05415316851966,80.49649348868198,77.12781519921688,79.47362518310547,48642546,-0.0008112055913618299,6.3756,3593.52001953125,0.0039055242618297736,0.31826191859874065,0.39103308740118525
2022-01-11,79.4671692395103,79.4671692395103,76.73092640154914,77.14717102050781,63732441,-0.029273286039708912,6.3735,3567.43994140625,-0.0072575296598463845,0.32564907083478156,0.39425542954453435
2022-01-12,79.37682809302723,82.60353088378906,78.83151741143715,82.60353088378906,97080672,0.07072663574184457,6.358,3597.429931640625,0.008406585878654838,0.43438407700407006,0.42195450717401595
2022-01-13,83.16496805080729,83.42956229307609,80.2189965692483,82.3808822631836,65131170,-0.002695388662243725,6.3595,3555.260009765625,-0.01172223578396936,0.43399298545726767,0.4194983066414596
2022-01-14,80.92564027863499,83.02299296602897,80.66750819911854,81.6806869506836,44864445,-0.008499487906224124,6.3524,3521.260009765625,-0.009563294922624088,0.4289832503185042,0.41915897120679746
2022-01-17,81.64195696289838,86.3109920913834,81.64195696289838,85.98832702636719,72343398,0.05273755934844693,6.3524,3541.669921875,0.005796195694941941,0.46944827437541314,0.4230035792303133
2022-01-18,85.96251526542116,86.78532971491407,84.63634622558217,85.85604095458984,37516329,-0.0015384189500137202,6.3525,3569.909912109375,0.0079736369727601,0.45721032277347706,0.4044509706674268
2022-01-19,85.8140893544085,86.43684256287494,80.76753067035182,81.6258316040039,69564540,-0.04927095756515654,6.3447,3558.179931640625,-0.003285791730755161,0.4808729031919943,0.41521469983694864
2022-01-20,81.34511124072748,81.86461016789677,79.69949709910914,81.01276397705078,44995941,-0.0075107060461856445,6.3406,3555.06005859375,-0.0008768171106615652,0.4777636036789009,0.41452292884941744
2022-01-21,81.01598798808348,82.51962647096906,79.48330300104172,80.79656982421875,33718296,-0.002668643090529277,6.3385,3522.570068359375,-0.009139083362554201,0.47700206408530066,0.4064872829957874
2022-01-24,79.40263060631888,81.59679002178152,78.81859870234548,81.1192398071289,32513058,0.0039936099219577414,6.3304,3524.110107421875,0.0004371918890508919,0.4639242178660633,0.4057282866359032
2022-01-25,80.02216332495841,80.99017339495924,77.44080560006644,77.54083251953125,51831669,-0.044112929264447764,6.3257,3433.06005859375,-0.025836323512245296,0.4857249506792768,0.41073068528818263
2022-01-26,79.05414966717572,81.11278835992934,78.18616655603212,80.50293731689453,52333752,0.038200580276426255,6.3206,3455.669921875,0.006585921275875206,0.5052148686604099,0.41023071926627375
2022-01-27,79.69949630091499,80.44163339782108,77.76347620765657,77.85059356689453,39794889,-0.032947167375511066,6.3677,3394.25,-0.017773665675127392,0.5158107869544182,0.4096989695527528
2022-01-28,77.43433945398267,78.08613172225448,70.90995460782082,73.18154907226562,97311933,-0.05997442383810403,6.3605,3361.43994140625,-0.009666364762097701,0.5516652624451174,0.3943950014303979
2022-02-07,77.69571347040508,80.4351762073825,76.798683862643,78.86054992675781,75337359,0.07760153927439095,6.361,3429.580078125,0.02027111532751169,0.6286916526646836,0.4253155512828782
2022-02-08,78.4088063247383,78.4088063247383,74.42060265295879,76.46310424804688,59711859,-0.0304010773566451,6.366,3452.6298828125,0.006720882487777136,0.6329471917028007,0.4285116442194116
2022-02-09,77.13426727583868,79.5058889075245,75.83712998852965,79.11223602294922,59978592,0.034645883147884415,6.3619,3479.949951171875,0.007912828564502927,0.6073155015244808,0.433538691065444
2022-02-10,79.62527873672748,80.02215900362363,76.82773037632398,77.47952270507812,43885380,-0.020637936682733504,6.3526,3485.909912109375,0.0017126570844769873,0.6099798494152214,0.43088654110432417
2022-02-11,76.16624970017737,77.47951641921087,73.73008790672226,74.27540588378906,59831778,-0.04135436963757988,6.354,3462.949951171875,-0.00658650438949715,0.6250410634370123,0.4371657137728417
2022-02-14,74.27862448464099,75.82744626635998,72.60074406821819,74.85298156738281,39959847,0.007776136349862961,6.3567,3428.8798828125,-0.009838452429220212,0.626125662802263,0.4371701691282936
2022-02-15,74.91751636323791,77.42788596230997,74.91751636323791,76.8954849243164,47557284,0.027286867058126774,6.3385,3446.090087890625,0.005019191592097627,0.625949431160645,0.4359283069860994
2022-02-16,78.08613790856029,79.05092052383846,77.56663900915434,77.6343994140625,38617473,0.009609335196641977,6.3366,3465.830078125,0.005728228145787773,0.5702062782124777,0.4366979741760597
2022-02-17,78.16357868541485,80.26093118539356,77.11812613199909,79.18643951416016,57319158,0.019991654624902377,6.3381,3468.0400390625,0.0006376426101926125,0.5757565776305266,0.4382577919845837
2022-02-18,77.76347652692165,79.17999770402923,77.44080404827696,78.39590454101562,29731398,-0.009983211494225208,6.3251,3490.760009765625,0.006551242329159157,0.5760248421366225,0.43848619558481206
2022-02-21,77.76347274036526,79.31228726884785,77.32463641829752,78.05064392089844,32861412,-0.004404064499779481,6.3251,3490.610107421875,-4.294260944048833e-05,0.5392996747672996,0.4382028503897521
2022-02-22,77.1181231189225,77.1181231189225,75.60157519053989,76.61798858642578,37635633,-0.018355458232024335,6.326,3457.14990234375,-0.009585775565990717,0.5414631889104254,0.4262495584232303
2022-02-23,78.05388154377164,81.48063829156621,77.12136531511177,81.31285095214844,87344670,0.06127624141981758,6.3134,3489.14990234375,0.009256179484235183,0.5636587610489491,0.4467137886044601
2022-02-24,80.05765238626829,81.24185317128718,77.95061765512051,79.00897979736328,71465964,-0.028333419967539353,6.3283,3429.9599609375,-0.01696400070587123,0.5723152388315763,0.4488167058149158
2022-02-25,80.63523716228771,81.43545247212887,79.96730788897447,79.97053527832031,43804059,0.012170204999775391,6.3169,3451.409912109375,0.006253703079966089,0.5740387181766373,0.44893681523674245
2022-02-28,79.667226166199,80.7288083026613,79.37682021129389,80.5384292602539,35487270,0.007101290243427316,6.3084,3462.31005859375,0.0031581720983449024,0.5744239808847149,0.4493747739511585
2022-03-01,82.28084959541604,82.80034848980375,80.42549956631574,81.24185180664062,52955874,0.008733998823265532,6.3116,3488.830078125,0.007659631599262751,0.5504105510460674,0.4468939680602953
2022-03-02,80.34484058371311,80.46100445773409,78.71858327407531,80.21577453613281,36372741,-0.012629909925612304,6.321,3484.18994140625,-0.0013299979118627236,0.5365721525319275,0.44728300857005454
2022-03-03,80.51261950705539,80.94500106071838,78.73148460356052,79.12191009521484,29890020,-0.013636525324894122,6.3195,3481.110107421875,-0.0008839454898179611,0.5249263478965593,0.44768277407705087
2022-03-04,76.57281650350664,78.04096844215748,74.21409714208868,75.44024658203125,87511902,-0.046531529746350886,6.3188,3447.64990234375,-0.009611935286616302,0.505930976019665,0.4552596055643353
2022-03-07,73.21059939539329,73.46873886216963,70.99385543492488,72.1522445678711,70838760,-0.043584189648490756,6.3194,3372.860107421875,-0.021692978417278463,0.44493598175784527,0.46234465054787593
2022-03-08,71.3358949628654,72.7588636249565,67.76070789377147,69.7580337524414,87449802,-0.03318276277846821,6.3178,3293.530029296875,-0.023520121083716594,0.4472236063041741,0.4653647758727752
2022-03-09,70.01939826722386,72.14901748966273,67.76070561817444,72.14579010009766,75340566,0.03422912343157436,6.3174,3256.389892578125,-0.011276695942766035,0.44674564833889463,0.4707171491627754
2022-03-10,75.15307562297194,75.32086295587187,73.89143954395024,73.9237060546875,74502849,0.02464337769567848,6.3212,3296.090087890625,0.01219147479943472,0.4535414540916649,0.47176023912341636
2022-03-11,71.63274867311273,74.79169111277946,70.99385845079902,74.16571044921875,55834812,0.0032737048431015214,6.3389,3309.75,0.0041442775364544104,0.42913599429327315,0.47200150504139704
2022-03-14,72.6007539932042,72.6007539932042,70.66473388671875,70.66473388671875,45252183,-0.047204786973585544,6.3645,3223.530029296875,-0.026050297062655825,0.4596767510273018,0.47969241509499094
2022-03-15,68.12530613901409,71.63273199507732,67.57676818502362,68.66416931152344,59461086,-0.028310650379047342,6.3696,3063.969970703125,-0.04949854884043181,0.454263618603188,0.48199143064866257
2022-03-16,71.31006136868287,74.2140911174346,69.11590949735731,74.0301742553711,100129881,0.07814854526969595,6.351,3170.7099609375,0.034837152862134735,0.5408999313078798,0.5106366364187376
2022-03-17,77.56341427047313,77.72475420030537,75.71774632831556,75.7951889038086,94753290,0.023841827554653472,6.3459,3215.0400390625,0.01398112052856848,0.5431280897329286,0.5136847514621837
2022-03-18,75.79518058449911,77.07618078763223,74.8755667184501,75.66610717773438,45164568,-0.001703033239194629,6.3609,3251.070068359375,0.011206712469864488,0.5422349963612667,0.5117883837481485
2022-03-21,77.44079928244268,80.30288058038586,76.85031259708765,79.17676544189453,83753304,0.046396707787726754,6.3552,3253.68994140625,0.0008058494562674934,0.567669836711338,0.5193806643477863
2022-03-22,79.05415704648854,79.82856809376317,78.09260170943212,78.9896240234375,34523721,-0.0023635900937929444,6.366,3259.860107421875,0.0018963595569152503,0.5631395432825813,0.5159112052220369
2022-03-23,80.667500253089,80.99016532070092,79.46393517930755,79.75434112548828,44550288,0.009681234864770127,6.372,3271.030029296875,0.0034265034409204365,0.5193271588470633,0.5143347470968801
2022-03-24,78.63467501998825,80.66750191445999,78.21521042345377,79.72530364990234,34104381,-0.00036408645819352436,6.367,3250.260009765625,-0.00634968781858436,0.5088022893911761,0.5137079807894971
2022-03-25,79.73175435062006,80.33191578924183,75.50800301517495,75.92747497558594,62407119,-0.047636427839695794,6.3658,3212.239990234375,-0.011697531710391229,0.5349060598603892,0.5222244910463123
2022-03-28,75.79519292902887,75.79519292902887,73.85271797168163,74.34317779541016,42931062,-0.020865927395652295,6.3714,3214.5,0.0007035619295245876,0.537761201031323,0.5190609095622452
2022-03-29,75.15629182860721,76.31145342002856,73.82688815100119,74.5367660522461,41576193,0.0026039814624105873,6.3635,3203.93994140625,-0.0032851325536631393,0.5363570196521138,0.5188153238796368
2022-03-30,73.24609066833688,76.479248046875,71.70373085808636,76.479248046875,75377988,0.02606072274811777,6.347,3266.60009765625,0.01955721935989141,0.5453778378093139,0.5209377723165993
2022-03-31,75.57253479706334,75.82744683533868,73.21058820901541,74.1495590209961,48519429,-0.0304617145876096,6.3393,3252.199951171875,-0.004408297940940775,0.5534215316623087,0.5241738219178081
2022-04-01,73.17832645534354,77.29882369574545,73.11702082991997,76.13721466064453,54884415,0.026806034531987155,6.3625,3282.719970703125,0.009384422848986551,0.5373166758878349,0.5273919459663984
2022-04-06,79.05414766402154,79.37682012631174,77.31496148174959,78.05387115478516,61587990,0.02517371436141258,6.359,3283.429931640625,0.00021627215962261026,0.5166817433599706,0.5301296716259359
2022-04-07,77.4407958984375,79.15094286901876,77.12135084287729,77.4407958984375,36809859,-0.007854514417765301,6.36,3236.699951171875,-0.014232062642311472,0.49976684416572315,0.5297149036609152
2022-04-08,77.44403618177328,79.538161568452,77.15040280500655,78.72503662109375,51515691,0.01658351657878776,6.3643,3251.85009765625,0.00468073862666496,0.4902434326427942,0.5138355078854786
2022-04-11,77.44080629277721,77.91835655298759,74.0527710174682,75.18211364746094,57921021,-0.04500376405901241,6.3692,3167.1298828125,-0.026052927502658085,0.5146250167590967,0.5214153677414936
2022-04-12,74.85944806785457,76.9761577150488,74.60130860203559,76.84709167480469,38666601,0.02214593267690046,6.3651,3213.330078125,0.0145874015345,0.5198985787081453,0.5227134001463999
2022-04-13,75.83389583858661,78.07000384217827,75.18533094541635,76.47278594970703,32901753,-0.004870785828585578,6.3678,3186.820068359375,-0.008250011396617518,0.4871365489007807,0.5228050365080014
2022-04-14,78.08613333575408,79.05091589453357,77.72151960339336,77.85704040527344,39491250,0.0181012688157689,6.3775,3225.639892578125,0.012181366812697103,0.47346750381643504,0.5205286652597749
2022-04-15,76.95679748559435,77.44080250122701,75.10144738744593,76.21465301513672,38771793,-0.02109491166871369,6.3705,3211.2451171875,-0.004462610790418986,0.4002931682665796,0.501414394645442
2022-04-18,75.75969618985425,77.76347670374656,74.21410158657595,77.15039825439453,33177714,0.012277760276255156,6.363,3195.52001953125,-0.004896884878729635,0.3938852329544358,0.5021178599734352
2022-04-19,78.46043439022694,80.95790199237666,78.45075960754974,79.00897979736328,62334462,0.02409036874755066,6.393,3194.030029296875,-0.0004662747300182568,0.4019394908252151,0.5043658473088043
2022-04-20,79.91245856054852,80.12864935882943,77.71830622200885,78.0151596069336,39234279,-0.012578572625270845,6.4188,3151.050048828125,-0.013456348273034657,0.3696766623649377,0.4927922495108564
2022-04-21,76.72124258428693,77.68925252505774,74.89170438705648,75.51768493652344,46214628,-0.032012684239746014,6.45,3079.81005859375,-0.02260833345407165,0.38628965660034725,0.49683608868274187
2022-04-22,74.21732647936618,76.04041004806452,73.91079095766737,75.9565200805664,32007480,0.005811024853474178,6.501,3086.919921875,0.0023085395352258065,0.3849846934324138,0.487016434828753
2022-04-25,74.21409497534717,76.29209049135517,73.12347376102655,73.40742492675781,48566751,-0.03355992548243114,6.5585,2928.510009765625,-0.051316495444804544,0.4006512522025097,0.4914691294231024
2022-04-26,73.88820188201781,76.10171818338125,73.70750501581205,74.79812622070312,47452860,0.018944967696835624,6.5552,2886.429931640625,-0.014369108517531703,0.3728019772472976,0.4931812486647947
2022-04-27,73.12025697878798,76.08882032218708,70.60343217767407,75.83068084716797,76302501,0.013804552047442131,6.5595,2958.280029296875,0.024892375480395135,0.3679446609068941,0.4939987972719211
2022-04-28,75.698372860997,75.98877879140171,74.21409147462428,74.85298156738281,43911639,-0.012893188731295302,6.6243,2975.47998046875,0.005814172763071168,0.3712843127201554,0.4863507178604068
2022-04-29,75.4402503296503,78.67662771748678,74.45610333952685,78.4088134765625,74448930,0.04750421205304578,6.608,3047.06005859375,0.024056649211171344,0.3977439636557018,0.48984363452079865
2022-05-05,79.44135236314916,81.43867797274478,78.01192171463566,80.2802963256836,75977637,0.023868271513641792,6.6535,3067.760009765625,0.006793417515186251,0.3863470762546741,0.4873407818341358
2022-05-06,77.76991695056398,79.37681703550949,77.47306361425373,78.11195373535156,43646598,-0.02700964856352084,6.6651,3001.56005859375,-0.021579247060115603,0.391884141758302,0.47423872112375376
2022-05-09,74.53676581011118,76.43729180633596,74.53676581011118,75.09498596191406,52534905,-0.03862363734568952,6.7295,3004.139892578125,0.0008594977058642428,0.40609608541873754,0.4539858537231969
2022-05-10,72.31034428452763,75.39507116871692,71.72308498106045,75.28858947753906,62908992,0.0025781150784580653,6.7343,3035.840087890625,0.010552170153865559,0.4056595350771494,0.4496924783637625
2022-05-11,74.85944096065717,82.81647679742127,74.69810104033897,81.53870391845703,137857713,0.08301542749426294,6.7186,3058.699951171875,0.007529995855985128,0.5013204640029951,0.47571963240123555
2022-05-12,80.6642716075021,83.15205690522474,80.25125441912776,81.98721313476562,72346818,0.005500568377406756,6.786,3054.989990234375,-0.0012129208476557851,0.46924315131892363,0.47366692549050854
2022-05-13,83.82965865356994,87.60489886631116,82.57447017661781,87.1467056274414,110136183,0.06293045336465974,6.788,3084.280029296875,0.009587605575183122,0.5098703285674584,0.48163249608434616
2022-05-16,87.47906733043258,88.08891097848783,85.60435293560016,86.19161224365234,60710640,-0.010959604002383716,6.7852,3073.75,-0.0034140963845217254,0.5121700183162949,0.48238801458325764
2022-05-17,86.79178152422436,91.96095146141258,86.63689637680449,91.1542739868164,88046709,0.05757708452111632,6.7361,3093.699951171875,0.006490427384099329,0.5423259494397067,0.4928355976648163
2022-05-18,91.15427797381379,92.92896554141633,90.02493536824707,90.80579376220703,61590810,-0.003822971862622482,6.754,3085.97998046875,-0.0024953844344861587,0.5332316880705019,0.4928708219330333
2022-05-19,88.8342706682297,92.07388254926603,88.50837821636094,91.8028335571289,52090953,0.01097991387568098,6.7109,3096.9599609375,0.003558020641171611,0.5331561712037439,0.4918954602527498
2022-05-20,92.60951539902818,94.09379691422983,90.73480101547517,92.83216094970703,53605008,0.011212370606595412,6.6921,3146.570068359375,0.01601896958553417,0.5303565196081502,0.4914359286462213
2022-05-23,94.44551970401261,96.15567436215142,92.86766586745385,95.252197265625,76676448,0.026068943038275894,6.649,3146.860107421875,9.217626056279293e-05,0.5276100272661127,0.4933633141871424
2022-05-24,93.57430299654463,94.52941088039768,90.67027282714844,90.67027282714844,87148959,-0.04810308391836027,6.653,3070.929931640625,-0.02412886915505663,0.5475392462536856,0.5027452093345325
2022-05-25,90.7541664464537,93.13869759042525,89.71194124538948,92.67082214355469,69257319,0.022064004596302977,6.6916,3107.4599609375,0.011895429107807498,0.5490293383484982,0.4896838601146692
2022-05-26,92.72568292478913,93.9679619878794,91.15427660663748,92.4901351928711,42928497,-0.0019497717458867303,6.738,3123.110107421875,0.005036314765469507,0.5263399313367484,0.48552229903667904
2022-05-27,94.52618808453164,96.02982670341159,92.49336834423298,93.21292114257812,45956055,0.007814735573689058,6.698,3130.239990234375,0.00228294314553823,0.5259123906846701,0.48525617939534754
2022-05-30,94.21964794215924,96.70420610196543,93.92278719216498,96.19438934326172,65557050,0.03198556771033001,6.698,3149.06005859375,0.006012340401403415,0.530869714622975,0.4888184241492261
2022-05-31,96.80099903275746,97.11076193424908,94.7068665194262,95.48127746582031,53103357,-0.007413237739851142,6.6715,3186.429931640625,0.011866992801516485,0.5277420850581508,0.48918968953550235
2022-06-01,96.15566525647101,98.34981738139967,94.58103157339158,96.79454803466797,65073525,0.013754220761423852,6.6858,3182.159912109375,-0.0013400638403655574,0.5116243508011143,0.4885405726252335
2022-06-02,95.5103170157727,98.41434699988739,95.25863973458715,97.13011932373047,53318331,0.003466840807421434,6.6596,3195.4599609375,0.004179566456579797,0.5099799587892345,0.4872191324941883
2022-06-06,98.09168796578116,103.40606109608251,97.62381250068552,102.68328094482422,88427187,0.057172395748689375,6.6534,3236.3701171875,0.012802587655643016,0.5163408439001939,0.48773998862376466
2022-06-07,102.60905653640847,103.21245276405706,100.38585804661845,101.60555267333984,60066267,-0.010495654809311028,6.6675,3241.760009765625,0.0016654129110575955,0.48694641798904326,0.4781038708712772
2022-06-08,102.80266130569017,105.85512173915329,100.9989346859165,105.6453857421875,87154020,0.03975996353108435,6.6825,3263.7900390625,0.006795700246320147,0.4915535182416595,0.4758293615750046
2022-06-09,107.78146509274183,108.02992238942889,103.57707754224883,104.03204345703125,92262516,-0.015271299109015368,6.6915,3238.949951171875,-0.007610810619962605,0.4388693837178512,0.47471152237555025
2022-06-10,103.73841192600173,112.93450775819984,103.59643632538513,112.54730224609375,131474700,0.08185226884041352,6.7081,3284.830078125,0.014165123773068888,0.5016501734494294,0.4979332361877909
2022-06-13,111.64383256495402,115.79336933740733,109.90141145314203,112.54730224609375,108204396,0.0,6.753,3255.550048828125,-0.008913712003510432,0.4732124909971079,0.4980972861075161
2022-06-14,110.3531439127783,111.25339354011155,105.58730892697841,110.8661880493164,121436802,-0.014936956845944205,6.7395,3288.909912109375,0.010247074313374016,0.47611685743323257,0.4872453754903371
2022-06-15,110.98880723864134,111.71804215739355,107.29422918879308,108.09445190429688,91184361,-0.02500073461339347,6.7128,3305.409912109375,0.0050168598231434824,0.46384296498767064,0.4862382921916374
2022-06-16,108.25578934617548,110.57900747835136,107.58140529253589,108.41712188720703,57051735,0.0029850744161765697,6.703,3285.3798828125,-0.0060597716560040205,0.46198090505231065,0.4638365893688319
2022-06-17,106.51337072159983,110.09500490916682,105.53567851502724,109.06246185302734,78644277,0.005952380533507329,6.716,3316.7900390625,0.009560585798410237,0.46208271533459305,0.4624749767457512
2022-06-20,109.08827516973182,112.502121852376,108.10090084736859,110.41121673583984,73624671,0.012366811273984313,6.716,3315.429931640625,-0.0004100673861947568,0.46217266488020436,0.46230862873293493
2022-06-21,109.6303565356769,110.28860361095415,107.19096727451353,110.03046417236328,59348217,-0.003448495313546962,6.688,3306.719970703125,-0.002627098481067902,0.45967165766169055,0.45527357047042977
2022-06-22,110.48866228619424,112.16977025147747,109.06245899617834,109.66908264160156,56036349,-0.0032843770448482967,6.6983,3267.199951171875,-0.011951426150804911,0.41273581630864287,0.45534884509102275
2022-06-23,111.22436078437586,114.24132014805271,109.06246764518757,114.06385803222656,96942678,0.0400730569160237,6.698,3320.14990234375,0.016206523005389606,0.4245741783602562,0.4606604512899459
2022-06-24,113.8992807620366,114.96087028671772,111.64704306673121,113.27330017089844,70795065,-0.006930835717522066,6.6878,3349.75,0.008915289528149017,0.42691497049681704,0.46126783081367045
2022-06-27,113.60242884560513,115.19319207269919,112.39564371318863,112.83447265625,65146572,-0.003874059588502954,6.6899,3379.18994140625,0.00878869808381233,0.4299031598260003,0.4479461769420398
2022-06-28,111.96649329693693,115.77400047747713,110.58223863032808,113.87024688720703,80890413,0.00917959030226978,6.707,3409.2099609375,0.008883791693211851,0.4219370297779626,0.44417650248526563
2022-06-29,112.93127418617058,112.93450157558344,106.96188143454408,107.00060272216797,108343806,-0.06032870177091754,6.6997,3361.52001953125,-0.013988560972388986,0.4858627987039803,0.46536492496177445
2022-06-30,106.80377318873003,109.49806721471323,106.48110072475704,107.60721588134766,66043434,0.005669249927075626,6.6981,3398.6201171875,0.011036702872715187,0.4850312914244621,0.46356970702686184
2022-07-01,107.18452404041251,107.44911088233742,103.28666489402467,106.22296142578125,70233789,-0.012863955676473804,6.7,3387.639892578125,-0.0032307890351869206,0.4894923287277064,0.45901863711374136
2022-07-04,107.12643646418717,109.1302168486843,106.54563194707627,108.46874237060547,62853618,0.021142142100729844,6.7,3405.429931640625,0.005251455180190767,0.45390304416134636,0.4580897847830343
2022-07-05,108.73978618767447,109.90139516651952,106.34880044397748,107.73628234863281,52127109,-0.006752728997908575,6.7192,3404.030029296875,-0.00041107947362040154,0.45260570769168007,0.45714928733587806
2022-07-06,107.70724214958297,109.90140159787177,107.12321023687204,108.44938659667969,55030260,0.0066189795350397596,6.707,3355.35009765625,-0.014300676322376638,0.43203152968358444,0.45626585633611527
2022-07-07,108.96565796772482,113.56370546571773,107.56850120106174,112.73444366455078,91394622,0.039512045225365,6.7005,3364.39990234375,0.0026971268046875885,0.44706353214363287,0.4609270031752849
2022-07-08,112.73444817383809,113.54112566752916,109.06246185302734,109.06246185302734,57143271,-0.03257196019390207,6.6945,3356.080078125,-0.002472899910903603,0.3601924986841602,0.4556782271446419
2022-07-11,108.37838739179197,108.37838739179197,102.89300042661081,104.6418685913086,76295232,-0.04053267445655084,6.7175,3313.580078125,-0.012663583410007395,0.3860244565026272,0.46457422051224134
2022-07-12,103.2543999704643,103.57707243984186,96.82681400988373,99.70503234863281,135154407,-0.04717840295797071,6.7234,3281.469970703125,-0.00969045765148513,0.4147545141473238,0.4765729909672763
2022-07-13,99.70502436541206,101.2667483572789,95.75876940524333,99.98897552490234,102320085,0.0028478319457003742,6.7175,3284.2900390625,0.0008593917922614658,0.4086455094066015,0.47578866341753273
2022-07-14,99.6759879568175,104.22240447998047,99.0596895550257,104.22240447998047,81746808,0.04233895719857417,6.7542,3281.739990234375,-0.0007764383771821093,0.4397147375002352,0.47889828416801505
2022-07-15,108.09444108818404,112.8989969045521,107.44910358846832,109.12376403808594,133352352,0.047027887934085744,6.7565,3228.06005859375,-0.016357155594398987,0.4720595540596252,0.4861854192702247
2022-07-18,111.32115536235301,111.64382783967291,105.83576755989797,108.77206420898438,71673468,-0.003222944444793985,6.742,3278.10009765625,0.015501582422323024,0.4700794435635329,0.4851260600034246
2022-07-19,108.77206440832988,108.77206440832988,105.71314911041704,106.83604431152344,47454075,-0.01779887061572405,6.743,3279.429931640625,0.0004056721713061595,0.4740853606147102,0.48608758579155464
2022-07-20,107.44264975345591,107.72660091454225,106.1842412486967,107.02963256835938,30979044,0.0018120125851108781,6.754,3304.719970703125,0.007711718069807416,0.47411143695166075,0.4797780557767097
2022-07-21,106.15843601437268,106.80378098945329,104.20305890779218,104.7064208984375,39600984,-0.02170624727164272,6.7655,3272.0,-0.009900981321622648,0.45376609242896787,0.48319328967989345
2022-07-22,105.19365370197093,107.98474746536124,105.19042631240423,106.3584976196289,42532122,0.01577817966668804,6.75,3269.969970703125,-0.0006204246017343928,0.45887261695793885,0.4765551796461562
2022-07-25,105.19042318330739,105.51309566240046,103.25440307941014,104.20628356933594,34505130,-0.020235468706881865,6.7499,3250.389892578125,-0.005987846463553215,0.4630626152852304,0.4789913258347264
2022-07-26,104.05462740805822,105.73251546278627,103.25440466960815,104.86775970458984,32296848,0.006347756705225693,6.7616,3277.43994140625,0.008322093570956035,0.46213722011775255,0.4787149771852818
2022-07-27,104.545080484142,106.41656747751944,103.58029786897163,105.12588500976562,27316716,0.0024614362498343034,6.757,3275.760009765625,-0.00051257434786256,0.41101751956862353,0.47717773806061164
2022-07-28,106.16488960967914,106.94897540023524,104.54508718159065,105.00650787353516,32719551,-0.0011355636741547936,6.7465,3282.580078125,0.0020819804683624987,0.4103577292197043,0.46950815412385294
2022-07-29,104.25604409931199,105.80535848398918,102.62926214847252,103.40392303466797,34456092,-0.01526176683065461,6.7433,3253.239990234375,-0.008938117941477253,0.4113715149100974,0.46974838844684863
2022-08-01,102.63572100406495,107.18684087037394,102.09991966774709,106.68976593017578,56275128,0.031776772090225114,6.7674,3259.9599609375,0.002065624031211133,0.42060070598729,0.46827158737362357
2022-08-02,104.86932994438844,106.6704103895155,103.70733850910824,105.41804504394531,46992798,-0.011919802008589664,6.7499,3186.27001953125,-0.022604554132333088,0.42201805100619333,0.46062777353565776
2022-08-03,105.45031197036623,108.08092167780704,102.92944674997472,103.93004608154297,56616933,-0.014115220613150625,6.7565,3163.669921875,-0.007092963721754719,0.4236295086185837,0.4624362651436052
2022-08-04,105.86992782384124,106.989949637233,103.96555977147484,105.48259735107422,55991031,0.014938425682146983,6.7485,3189.0400390625,0.00801920485196006,0.4001859238931777,0.43405947959077706
2022-08-05,106.5154652715236,107.12550573122903,102.73254952711594,104.73697662353516,47269155,-0.007068661051807812,6.7607,3227.030029296875,0.011912672706844818,0.38516254607586414,0.43471987560513903
2022-08-08,103.96878163287583,104.86932178537579,102.96495385334565,103.72347259521484,38846358,-0.009676659199006954,6.7505,3236.929931640625,0.0030678060798545737,0.35860395988427446,0.41815557617226556
2022-08-09,103.66860470397886,104.51427637152142,102.69060429607617,103.19735717773438,34831983,-0.005072288888105958,6.7525,3247.429931640625,0.0032438144234645527,0.3137897265239911,0.4174749178217439
2022-08-10,103.19089075251411,103.19089075251411,98.44610945469648,99.52740478515625,77549703,-0.03556246490166848,6.723,3230.02001953125,-0.005361135567466868,0.340725081287552,0.4093526250683131
2022-08-11,100.52155018015851,101.96112750461084,98.63978123832203,101.68031311035156,49633443,0.021631311796410868,6.7445,3281.669921875,0.015990582730581737,0.313419478628493,0.41118154952834657
2022-08-12,101.68030850857228,102.08700214210857,100.05998344839765,100.68293762207031,30401289,-0.009808934077522147,6.7425,3276.889892578125,-0.0014565844252074633,0.2577776005177031,0.41149582684047364
2022-08-15,100.7700873153926,103.03919409108484,100.45376756903478,101.74163818359375,40535778,0.010515193403448864,6.7715,3276.090087890625,-0.0002440743246550081,0.26281394709079636,0.4114306831416273
2022-08-16,101.93206130896205,103.89776186982438,101.8352305522592,102.93911743164062,47172993,0.01176980506138503,6.7875,3277.8798828125,0.0005463204227780238,0.26199388118423395,0.40887216918815783
2022-08-17,103.28449311661763,106.38635770044364,102.22902523299216,105.84732055664062,63261339,0.028251681164172204,6.7805,3292.530029296875,0.004469396990778307,0.2827201833674961,0.39903871836962734
2022-08-18,105.54714468085255,106.51546710911727,104.52717474514158,105.2372817993164,42837132,-0.005763384033871444,6.7855,3277.5400390625,-0.004552726961028264,0.2722585800010409,0.3973997050836586
2022-08-19,104.91127911770839,105.68916846381242,102.31940308722497,103.09083557128906,37286769,-0.020396253032461842,6.8164,3258.080078125,-0.005937367875165966,0.2754074709789127,0.4000566826730414
2022-08-22,101.99662516428648,105.25340995287057,100.77653691277584,104.28508758544922,44300295,0.011584463425309055,6.8476,3277.7900390625,0.0060495630754549,0.2696705095832134,0.40036037910330885
2022-08-23,104.57881307532263,105.07910901257544,102.95848810441525,103.80738067626953,27899925,-0.004580778711896549,6.8476,3276.219970703125,-0.00047900211443197005,0.26914221915254577,0.39572063896300386
2022-08-24,103.82999191763719,104.24314243874763,99.83404387182591,99.89859771728516,56034849,-0.0376541911906455,6.8581,3215.199951171875,-0.01862512898306834,0.29949879542813485,0.4034317626610564
2022-08-25,99.91796635581056,100.40858443699392,97.69082179231077,99.92442321777344,42066219,0.0002585171471711778,6.8477,3246.25,0.009657268381335848,0.29961632057204013,0.4025664208263699
2022-08-26,101.02508681084996,102.6195919603116,100.05999275528859,101.90948486328125,36637965,0.019865630259197076,6.8715,3236.219970703125,-0.003089727931266828,0.3053635770757327,0.404421322797919
2022-08-29,101.2445595882812,102.27744322007334,100.54091680259167,101.20582580566406,25773498,-0.006904745505888821,6.9067,3240.72998046875,0.0013936042068998233,0.2809423718809071,0.3874511472555222
2022-08-30,101.83523826844475,102.80356068427058,100.0599854312399,100.33434295654297,33074211,-0.008610994892670698,6.91,3227.219970703125,-0.0041688168551675675,0.2797114645972103,0.3872512625478025
2022-08-31,93.92727871271728,95.73481594322529,91.66785717458228,92.95249938964844,122417922,-0.07357245135986756,6.889,3202.139892578125,-0.007771418853588674,0.3760116820237723,0.4068105423373258
2022-09-01,91.99062973560675,95.08925851898378,91.67753842635486,92.53934478759766,57774699,-0.004444792821749477,6.9066,3184.97998046875,-0.005358888957084029,0.3683972104454642,0.4058841963196629
2022-09-02,93.1848916606705,93.47539134453139,89.76348623649731,91.02230834960938,48498576,-0.016393420998066066,6.8985,3186.47998046875,0.0004709605740691458,0.3701508044087714,0.3677236132593565
2022-09-05,86.82623923237853,87.43305864046187,84.27632555414515,86.74877166748047,105362481,-0.04695043181847902,6.8985,3199.912109375,0.004215350163371934,0.3967775672753839,0.3783772964908482
2022-09-06,86.7520017292319,88.58535893590866,86.24847732335566,88.09797668457031,56970852,0.01555301580824131,6.9532,3243.449951171875,0.013605949260081074,0.4058548494765739,0.37978632094233655
2022-09-07,87.79457029307285,92.00677166281366,87.34268597019863,91.24825286865234,57261951,0.0357587801972048,6.965,3246.2900390625,0.0008756379575391993,0.41932624796324003,0.3854916227609989
2022-09-08,91.34508332507721,91.98740070625948,89.40843850113716,89.81513214111328,34928733,-0.01570573334266434,6.9562,3235.590087890625,-0.0032960552024381418,0.40990160677936355,0.3862525147063138
2022-09-09,90.69630908131447,90.85770108826347,89.40521735200835,90.2799301147461,22829478,0.005175051937824193,6.924,3262.050048828125,0.00817778526288837,0.41143562243689275,0.3861802311872881
2022-09-13,91.02230263803995,92.53611159956394,90.17341004409396,91.92607116699219,33457233,0.018233743093884147,6.9245,3263.800048828125,0.0005364724556047307,0.41620856013627294,0.38735310643781545
2022-09-14,91.02230572077961,91.60329768400783,89.16957795736538,89.83772277832031,31545318,-0.022717694362007435,6.9612,3237.5400390625,-0.0080458390136533,0.41608263162127507,0.38950777401282694
2022-09-15,90.37676120427888,90.53814581088925,86.151646452567,86.98763275146484,45718569,-0.03172486945031128,6.9934,3199.919921875,-0.011619969709592781,0.40402885436388447,0.3939092410500779
2022-09-16,86.50347363901942,87.61703853317196,85.32857594392709,85.85147094726562,31342908,-0.013061187760395554,6.9799,3126.39990234375,-0.02297558105396924,0.4039762214081109,0.38369595261553235
2022-09-19,86.50347464834216,88.40784262554318,86.07741040634377,87.26199340820312,33284997,0.016429799575640613,7.005,3115.60009765625,-0.003454390041211175,0.41224678684389326,0.38602640306473374
2022-09-20,88.37556054074668,89.56660043463667,87.79779696485573,88.50790405273438,33373506,0.014277815528497051,7.0176,3122.409912109375,0.0021857151879818293,0.4140484282691099,0.387848842419958
2022-09-21,87.73000930533486,87.9914604944565,86.18069491916232,87.14901733398438,25126089,-0.015353280967317362,7.0479,3117.179931640625,-0.0016749820222088374,0.4146895180407902,0.3876164555833359
2022-09-22,86.3388447237696,86.94889252822806,84.3408746298347,86.68098449707031,27839850,-0.005370488976604304,7.0772,3108.909912109375,-0.00265304528856547,0.4000345102379307,0.369538035644901
2022-09-23,86.20974003887856,87.074774794134,85.3027430712426,85.98703002929688,23893236,-0.008005844324448064,7.1266,3088.3701171875,-0.006606751402435718,0.3991853348084494,0.36919316730301827
2022-09-26,85.98703211737454,89.08566084381303,85.07680669685853,88.1011962890625,43081920,0.024587036661753547,7.1384,3051.22998046875,-0.0120258049746228,0.4037530862136381,0.37307760955690267
2022-09-27,88.10443132651035,88.70802235049823,87.16838577667885,88.42720794677734,24928779,0.0037004225986352335,7.176,3093.860107421875,0.01397145650311682,0.40551645944499093,0.36998860657460003
2022-09-28,88.11733989710571,88.11733989710571,85.69653385597644,85.73526763916016,25686054,-0.030442443792157436,7.199,3045.070068359375,-0.015769956419638187,0.4143955299143494,0.37414143102890535
2022-09-29,87.14901585225326,87.73000781372556,85.21237105553652,85.39635467529297,26507004,-0.003953016922902619,7.1196,3041.199951171875,-0.0012709452001493649,0.33283260814719706,0.37354407738026263
2022-09-30,84.88959253104933,85.06711928507585,80.37075723730608,81.3423080444336,64210764,-0.04747329843614856,7.1135,3024.389892578125,-0.005527442740906441,0.3668654616762721,0.3731012892057313
2022-10-10,81.42623219855366,82.75929349180039,80.51278567781195,81.08086395263672,35243550,-0.0032141218768227953,7.1103,2974.14990234375,-0.016611611603935206,0.3649730817647509,0.3687106641684792
2022-10-11,81.33908752609712,83.0756140659936,80.47728111832583,82.31063842773438,39846117,0.015167259142872869,7.1639,2979.7900390625,0.0018963861620779898,0.3369641887576248,0.363194102417856
2022-10-12,81.98463922880542,84.97030285533461,80.67740527780475,84.67657470703125,43461429,0.028743991353852527,7.172,3025.510009765625,0.015343353089907419,0.3493159372537407,0.35769074594727157
2022-10-13,83.92127298736152,84.88959539639922,83.3015472365945,83.33382415771484,28855980,-0.015857402758226002,7.17,3016.360107421875,-0.003024251221849017,0.32285900974489345,0.3585566629942176
2022-10-14,84.5926488690953,86.85851983044114,83.90514082387378,85.38667297363281,43708353,0.024634040699162085,7.1895,3071.989990234375,0.018442719314454736,0.3355103489228187,0.35079291966864357
2022-10-17,84.88959048525274,84.88959048525274,82.85288659076305,84.1343002319336,32903508,-0.014667075060834756,7.1946,3084.93994140625,0.004215492632802187,0.3370276318007298,0.3356145052626979
2022-10-18,90.05398724159632,90.05398724159632,87.95595774334193,88.33360290527344,73242537,0.049911898735279125,7.2001,3080.9599609375,-0.0012901322373672919,0.37990722574968566,0.3534037886416885
2022-10-19,88.33360772686807,89.22769108159883,86.1419683854666,86.34208679199219,40201209,-0.02254539663028232,7.228,3044.3798828125,-0.011872948233273783,0.3797813887260061,0.3543728400998898
2022-10-20,85.21237040762962,85.72235166199997,83.0820641025243,85.05420684814453,38525034,-0.014916015951181527,7.2129,3035.050048828125,-0.0030646089987153013,0.36662146436213877,0.3550006442432865
2022-10-21,85.05743834042697,87.43306114732347,84.57004869656329,85.95475006103516,31435662,0.010587873854357888,7.2399,3038.929931640625,0.0012783587585312173,0.36580134710771683,0.3541239861673827
2022-10-24,85.50287753246434,85.95798289022007,81.84584080089594,82.49139404296875,50223768,-0.04029278213952259,7.2629,2977.56005859375,-0.020194566649236023,0.38742630208230144,0.35999515507243035
2022-10-25,81.6618614363614,84.11171602354088,80.70321690316723,83.2466812133789,33972801,0.009155951104629523,7.2688,2976.280029296875,-0.00042989201617638084,0.38489857214726103,0.35936217786400704
2022-10-26,83.92127266972645,85.22528539627929,82.40100678879992,83.2337646484375,37924581,-0.00015516011873550895,7.171,2999.5,0.007801675405056052,0.38208432216879706,0.35884924241117144
2022-10-27,83.59528187146164,84.15368225446504,82.30741119384766,82.30741119384766,29329746,-0.011129539298175062,7.2239,2982.89990234375,-0.005534288266794474,0.38329901687752416,0.35895132620879033
2022-10-28,81.66186196505555,81.66186196505555,76.11337110636771,77.43029022216797,78949179,-0.05925494315685931,7.2499,2915.929931640625,-0.022451296689675937,0.4333097586337594,0.3764335531829842
2022-10-31,76.65886230012721,81.01631356032271,76.53298303440985,79.61870574951172,56382699,0.028263041776862785,7.3048,2893.47998046875,-0.007699070861844626,0.43680665548072933,0.381789672454699
2022-11-01,79.76072535342777,84.63138624678585,79.72521999881482,84.50872802734375,65784813,0.06141800763775951,7.273,2969.199951171875,0.026169170415638376,0.4955964757779525,0.39815504294344223
2022-11-02,84.24405017162289,87.66545554814772,83.39192910532594,86.3614501953125,56195787,0.021923441651722442,7.289,3003.3701171875,0.011508206445355329,0.49028794018369076,0.4011517119664181
2022-11-03,85.54159325785382,87.71709012496612,85.24464412270287,86.49700927734375,30715191,0.0015696712100674581,7.3,2997.81005859375,-0.0018512731953784778,0.48996706498127207,0.4005831430888978
2022-11-04,86.81979094739117,91.3515327402856,86.50347120948678,90.44131469726562,67466067,0.04560048321757426,7.2996,3070.800048828125,0.024347770141452507,0.47886468713704755,0.41115199600228275
2022-11-07,88.76288592205024,91.03199265443186,88.11411167454487,90.01525115966797,40752618,-0.004710939231962974,7.2266,3077.820068359375,0.0022860555619468315,0.47926550741788315,0.4110618386614566
2022-11-08,90.19923078889245,91.21596485091729,88.27872080332315,89.2179946899414,31690347,-0.008856904351823625,7.2485,3064.489990234375,-0.004331012804171364,0.48053801532863766,0.41100149418609017
2022-11-09,89.77962626762799,90.01525000746581,86.71004601256016,87.02958679199219,33583908,-0.024528772536914545,7.2401,3048.169921875,-0.005325541415172608,0.4820525774382992,0.4135136605429899
2022-11-10,85.41570922978593,85.52545370436563,82.56561087208644,84.00518798828125,46649031,-0.03475138645595888,7.184,3036.1298828125,-0.003949923846467862,0.49570766458207444,0.41323992710606905
2022-11-11,87.3104109685918,88.10766356657726,85.5867980740183,86.7616958618164,49829877,0.03281354330067909,7.184,3087.2900390625,0.01685045048290501,0.5017238116665674,0.41664881234886136
2022-11-14,86.90048975191537,87.96887148308969,84.81213798318561,85.14459991455078,34571091,-0.01863836260002505,7.071,3083.39990234375,-0.0012600489975121976,0.5035916530280354,0.4177199928487646
2022-11-15,85.20914373817602,86.60030194321187,83.95355007966478,86.18069458007812,33854505,0.012168648000779214,7.044,3134.080078125,0.016436458904577123,0.4718655731116632,0.4179528262528479
2022-11-16,85.78691211724983,86.05159175116846,83.95355481710888,84.2698745727539,31064823,-0.022172251182643987,7.0964,3119.97998046875,-0.004498958962364963,0.4716394513914715,0.4188185573586078
2022-11-17,83.89223114656956,83.89223114656956,81.84907011053843,82.95295715332031,33378171,-0.01562738079426762,7.1551,3115.429931640625,-0.0014583583409536471,0.47192860071653003,0.41447175092367833
2022-11-18,83.2014877166595,83.77925125139433,81.82324324338897,82.20411682128906,30355128,-0.009027289173635933,7.1192,3097.239990234375,-0.005838661695296454,0.47076865333273565,0.4145945411149743
2022-11-21,81.61021612155932,82.17830178612626,80.21260097761898,82.04918670654297,24754521,-0.001884700191876143,7.164,3085.0439453125,-0.003937713887309124,0.44833565840253115,0.41315727822866277
2022-11-22,82.30739646795183,82.3880924564718,80.69352841154337,80.8516845703125,24043653,-0.014594929996240569,7.1388,3088.943115234375,0.0012638944504499428,0.4499029165232638,0.4125680181058565
2022-11-23,80.8516988031086,81.17770385742188,79.78977398174577,81.17770385742188,26540643,0.004032312855842157,7.158,3096.906982421875,0.0025781851236506004,0.4502623337059174,0.41288472280195854
2022-11-24,81.77482066162224,82.30740091675719,80.13836089056944,80.49663543701172,25594218,-0.00838984583262381,7.158,3089.31005859375,-0.0024530681325739545,0.4495387631327318,0.40693546131811975
2022-11-25,80.37076690031512,80.37076690031512,79.0796677807105,79.09580993652344,26346492,-0.01740228635499208,7.1642,3101.68994140625,0.0040073293316940095,0.3989790925704156,0.40789025869916345
2022-11-28,77.46579215145664,79.12162257216839,76.56848045304699,79.11516571044922,29732784,0.0002447130125011743,7.2074,3078.550048828125,-0.007460414488636435,0.38610988760651943,0.4050489657821001
2022-11-29,79.49281087040416,80.59024834373629,78.43411456739395,80.14481353759766,37074234,0.013014544277348827,7.1568,3149.75,0.0231277549634048,0.31573794102025066,0.40647018648855904
2022-11-30,80.16418175189814,83.92126990122351,79.55736974697977,83.76634216308594,63862014,0.045187311138846775,7.0879,3151.340087890625,0.0005048298724104061,0.34865075211376945,0.4183913830804406
2022-12-01,86.50348214003121,87.4556625172389,85.50933215593597,86.07096099853516,77395755,0.027512468324835337,7.0424,3165.469970703125,0.004483769576884233,0.36333281226099196,0.3958975293837313
2022-12-02,85.50932632531509,86.36468325608587,84.0762132102746,84.5926513671875,34822614,-0.017175474912761945,7.019,3156.139892578125,-0.0029474543152678834,0.3251608133175517,0.39723141949660173
2022-12-05,85.84178464920049,86.37112912059057,84.53455085001751,85.00579833984375,31569927,0.004883958192336557,6.961,3211.81005859375,0.017638687735780367,0.32632735036322835,0.3961445772639826
2022-12-06,84.09880286286437,87.67514347965263,83.92450452727208,86.37435913085938,36902037,0.01609961694076767,6.9935,3212.530029296875,0.00022416353706811165,0.33201585938143185,0.3857308803713084
2022-12-07,86.39050764602631,89.82159867113552,86.39050764602631,88.356201171875,57799779,0.022944795897276382,6.9702,3199.6201171875,-0.00401861211930854,0.3309387349644227,0.387280430210204
2022-12-08,88.35942358727071,88.76288881231248,87.42983492153579,88.53372192382812,28374195,0.002009148759211543,6.9649,3197.35009765625,-0.0007094653265417028,0.30285722021907485,0.38020912147863084
2022-12-09,88.91781966547045,89.63437617558024,87.61703537215989,88.66605377197266,30297696,0.0014947055796252773,6.9559,3206.949951171875,0.0030024405280679733,0.2813306582835913,0.3788488866523989
2022-12-12,87.7816638423109,88.26905351965863,86.5034784478872,87.11029052734375,24038463,-0.017546323293353594,6.9773,3179.0400390625,-0.008702945956227448,0.2803324947844158,0.3803983572889916
2022-12-13,87.79457238758499,88.76289490431465,86.98764188211995,87.08447265625,18415299,-0.00029638141415277985,6.943,3176.330078125,-0.000852446305866339,0.27739241327369146,0.3784298132703869
2022-12-14,86.95857344932173,86.96825874165111,85.08326149243737,85.98703002929688,28309386,-0.01260204710988011,6.9498,3176.530029296875,6.295037573456064e-05,0.2688921133295659,0.37646995709475195
2022-12-15,85.96443175366697,87.8849417579496,85.05420634742119,87.6202621459961,29137035,0.01899393566846941,6.9716,3168.64990234375,-0.0024807342856661974,0.26833465120964184,0.37280739480954395
2022-12-16,87.17161536049821,87.59122275607976,86.35822801845221,87.31363677978516,16858992,-0.003499480128238197,6.9708,3167.85791015625,-0.00024994625847252205,0.26578798082432475,0.3718474898176661
2022-12-19,86.82301198425498,88.76288523769715,85.73203874998129,86.0193099975586,25211673,-0.014823878949069558,6.9772,3107.1201171875,-0.01917314308006768,0.27291257399002483,0.371663343607182
2022-12-20,85.82564343562115,85.82564343562115,83.49521863305925,84.43771362304688,25472463,-0.01838652710137534,6.96,3073.77001953125,-0.01073344331677717,0.2763733138539799,0.3723428532282722
2022-12-21,84.43125501088758,84.84117704833564,83.79215872499076,84.17948913574219,12589890,-0.0030581653176621204,6.981,3068.409912109375,-0.0017438218825143181,0.2769343388982149,0.3711005626913896
2022-12-22,84.88959438019764,85.05098637158105,83.44033921487335,83.65982818603516,17762985,-0.006173249030640426,6.9829,3054.429931640625,-0.004556099370419342,0.2759455921552064,0.37115096356767246
2022-12-23,82.662457587782,82.7592883503225,80.85492046950458,81.39717864990234,27245604,-0.02704583054009313,6.988,3045.865966796875,-0.00280378500584888,0.2868783334387223,0.3748668910340702
2022-12-26,81.40363064390193,85.0509815832021,81.40040221323893,84.70238494873047,28064259,0.04060590739937253,6.988,3065.56298828125,0.0064668050725451565,0.3184113416812521,0.38086092028370805
2022-12-27,85.03808167094013,85.20592315410782,83.85672703867732,84.6055679321289,16660962,-0.0011430258623787992,6.96,3095.570068359375,0.009788440228706285,0.31682531758801186,0.3807689724331055
2022-12-28,83.11434975384284,83.66306484801878,81.66186601477209,82.18476104736328,30769134,-0.028612855441235374,6.9774,3087.39990234375,-0.0026393090239288375,0.29362955178217004,0.3801715182075046
2022-12-29,81.98140484227804,83.55331833324126,81.38104963943543,82.22994232177734,21676731,0.0005497524582205315,6.9625,3073.699951171875,-0.0044373750097856934,0.2741079348796,0.38010496913287195
2022-12-30,83.43711457765718,84.0407055819388,82.79479717690492,82.94327545166016,22466919,0.00867485869187945,6.8972,3089.260009765625,0.0050623219054994895,0.2706368532867321,0.3675840167983805
2023-01-03,82.76251935581237,84.5410006517116,80.6935383755409,84.07621002197266,36412290,0.013659149149140903,6.9135,3116.510009765625,0.008820882643046701,0.2748608153489472,0.36846422123875167
2023-01-04,83.92127537941785,84.07621051538266,82.79156833257775,83.63078308105469,21802377,-0.0052978950978114225,6.8875,3123.52001953125,0.0022493140543937695,0.2682309866597297,0.3674577257416927
2023-01-05,84.73467306726886,86.3711330194701,84.26341816845587,85.56097412109375,35680800,0.02307991111560348,6.88,3155.219970703125,0.010148790778882866,0.2683945323794752,0.36577952955452075
2023-01-06,86.47442123883184,87.53635344313662,85.56743156474337,85.92247772216797,41656569,0.004225099173866154,6.837,3157.639892578125,0.0007669582144729237,0.2688904202631141,0.3642717794416917
2023-01-09,86.50347019004175,86.50347019004175,84.66042772177067,85.01225280761719,34250646,-0.0105935599005188,6.77,3176.080078125,0.0058398633708098835,0.270606408809482,0.3615577081015423
2023-01-10,84.58295781971394,87.01344904495502,83.05300669703861,86.04835510253906,52053762,0.012187681901179248,6.777,3169.510009765625,-0.002068609165312263,0.26847298565619426,0.36103581945029045
2023-01-11,85.50287317204295,87.47179494575535,84.3763871808251,86.82301330566406,38509125,0.009002591649798442,6.77,3161.840087890625,-0.002419907762199247,0.27057722527989714,0.34663089727466967
2023-01-12,87.63641677583823,91.81311291778606,87.37496555746907,89.50527954101562,67043757,0.03089349393931462,6.7365,3163.449951171875,0.0005091539219252983,0.2872706287346612,0.34911273382419056
2023-01-13,89.54077373833157,90.35416101030287,88.7628844304095,89.91841888427734,38523303,0.004615809764298762,6.701,3195.31005859375,0.010071317047412931,0.280552134524078,0.3476400998184477
2023-01-16,89.91842188976861,89.97974730275966,87.79456496244273,88.37555694580078,49499967,-0.017158463834447413,6.701,3227.592041015625,0.010102926423385172,0.2878385361733924,0.3490745069596519
2023-01-17,88.37878476416645,88.60150217322877,86.80365029685044,87.14579010009766,33499713,-0.01391523729188282,6.7723,3224.239990234375,-0.0010385608647724975,0.2872034260815306,0.3399095692956254
2023-01-18,87.1005904104555,87.95594721747133,86.01607413170575,86.82623291015625,25832451,-0.0036669263033172195,6.7534,3224.409912109375,5.270137319635104e-05,0.2787869463349588,0.3396336313365997
2023-01-19,86.46473771307573,87.4233748349257,86.02575976299578,87.3104019165039,24371589,0.005576298661357892,6.7738,3240.280029296875,0.004921867138510949,0.27858220086079166,0.33975880764171984
2023-01-20,87.4717929400176,87.75582836680027,86.18715080076583,87.1716079711914,31394805,-0.001589661051442981,6.7825,3264.81005859375,0.007570342400992303,0.2772765240663977,0.33886291152535936
2023-01-30,91.99063198870226,92.95895443068859,90.69953293681583,91.01908111572266,84556323,0.044136769231132744,6.7501,3269.320068359375,0.0013814003524503793,0.29240249678940416,0.3261109527251279
2023-01-31,91.9906249739725,93.21716270017833,90.50263607124747,92.24884033203125,56133051,0.013511004519426661,6.754,3255.669921875,-0.004175224878249728,0.2640182667710987,0.32259359613544847
2023-02-01,92.95249670596532,98.2298583984375,92.3585909998556,98.2298583984375,81896091,0.06483569923349464,6.7406,3284.919921875,0.008984326022569933,0.338884669598445,0.32531708642448304
2023-02-02,98.72692084071421,98.8108452659879,96.81932456441436,97.67790985107422,44408979,-0.005618948824342995,6.7266,3285.669921875,0.00022831606792172998,0.31520220681022276,0.3232612810171031
2023-02-03,96.81610228271927,96.81610228271927,94.5082690936772,95.21837615966797,45884484,-0.025180040145783344,6.7733,3263.409912109375,-0.0067748770554901805,0.3366936798467168,0.3281156627162593
2023-02-06,94.14998881346897,94.14998881346897,92.8330697778822,93.5980453491211,30133980,-0.017016996885452107,6.7918,3238.699951171875,-0.007571822603654521,0.347743870639495,0.31733914039928907
2023-02-07,94.24682465882671,94.40498083826745,92.82984635496405,93.28173065185547,23050422,-0.00337950110053864,6.791,3248.090087890625,0.002899353709920671,0.34821048417799305,0.31725270886547735
2023-02-08,93.28173364978166,93.28173364978166,91.28052747768186,92.20366668701172,27870432,-0.011557075081156887,6.789,3232.110107421875,-0.004919808267734305,0.35146230436705755,0.3176513475184875
2023-02-09,91.66786027765473,93.22363165241909,91.11914518290025,93.06547546386719,27194667,0.009346795065980462,6.7782,3270.3798828125,0.011840492470459596,0.3454841170157853,0.3137019700479774
2023-02-10,92.2746753674507,92.28113222947592,90.37676425630791,90.97711944580078,38912433,-0.02243964271022514,6.8106,3260.669921875,-0.002969062092306407,0.35841993641802566,0.30863108647484677
2023-02-13,90.0572134775548,91.43868640253837,89.42780242710545,91.12559509277344,28038432,0.0016320108602811967,6.8198,3284.159912109375,0.007204038064934748,0.3548344016966664,0.3016611316182414
2023-02-14,91.667857790252,91.82924979330465,90.08626639679208,91.01262664794922,22093104,-0.0012397004892994445,6.8255,3293.280029296875,0.0027770015564321238,0.3537794105625416,0.29891979747995623
2023-02-15,91.34508462595473,91.63557692105451,89.91196418523548,90.05398559570312,27249648,-0.010533055550130066,6.851,3280.489990234375,-0.0038836779589711545,0.3561999207550157,0.29900944659995315
2023-02-16,90.37675939636418,90.95452292541398,88.71447212453197,89.41488647460938,31004445,-0.007096844374695266,6.859,3249.030029296875,-0.009590018878628648,0.34060154504180407,0.2956167925863939
2023-02-17,89.2438218222438,89.76348840215189,87.56217125428556,87.68482208251953,30298950,-0.019348728833661455,6.8661,3224.02001953125,-0.0076976850137139285,0.34700870802926065,0.296615896113921
2023-02-20,87.66223649362703,88.21418003414107,86.18070422107435,88.05279541015625,39210444,0.0041965452959511484,6.8661,3290.340087890625,0.020570613072377064,0.34209313334653474,0.29592580632567644
2023-02-21,87.7945713122554,89.26642565677699,87.2393993487855,88.68220520019531,34107018,0.007148095493246132,6.87,3306.52001953125,0.004917404039835205,0.33885800145469885,0.2960876546701917
2023-02-22,87.76229607401112,87.99469879879904,86.79397355053851,87.28459167480469,25526388,-0.01575979670595229,6.8908,3291.14990234375,-0.004648427076415773,0.3437905112155792,0.29636701622448947
2023-02-23,87.1167477976262,87.68805452469874,86.66486347322174,87.29104614257812,30107463,7.394739036503672e-05,6.9075,3287.47998046875,-0.0011150880342418734,0.3432633392179566,0.2963304852526971
2023-02-24,86.83270294310252,87.11028891612081,86.18070022716252,86.36791229248047,20060283,-0.010575355559261368,6.9545,3267.159912109375,-0.006181047026932007,0.34536227011930404,0.2966718924399907
2023-02-27,85.53514821539962,85.82241207332702,83.27572680841406,83.85994720458984,50911143,-0.029038158053392937,6.945,3258.030029296875,-0.0027944401431534427,0.3171724488133327,0.3007426588219166
2023-02-28,84.24404297291524,84.5668195464936,83.13692767365723,84.17948913574219,36099009,0.003810423710055133,6.9325,3279.610107421875,0.006623658447266534,0.31193479372764327,0.30078561885289173
2023-03-01,84.1633535928519,86.03221613787494,83.19825961466059,85.696533203125,43097283,0.018021540436489625,6.8656,3312.35009765625,0.009982891002891847,0.19737217773288263,0.30179832593196043
2023-03-02,85.89664868385033,86.54542290291691,84.56682332568822,85.11876678466797,34471488,-0.006742004569631366,6.9122,3310.64990234375,-0.000513289737610445,0.19732875445654452,0.2879867803675583
2023-03-03,85.53193040207455,85.60939797712223,84.59265637083664,85.14459991455078,19194483,0.00030349511463390044,6.9048,3328.389892578125,0.005358461558202299,0.1862409542359427,0.2824009143977748
2023-03-06,85.21238454575091,85.41573139507294,83.27573944243838,85.29953002929688,33637341,0.0018196117534357015,6.9295,3322.030029296875,-0.0019107927516038847,0.182774710378143,0.2801482953648404
2023-03-07,85.27046934868122,86.17746635032796,84.08266534837362,84.14076232910156,31779864,-0.01358469032358467,6.9605,3285.10009765625,-0.011116676042943974,0.18546464429220866,0.2814087269591816
2023-03-08,83.43711192627917,83.85349085838972,82.3074049096977,82.94972229003906,36269280,-0.014155327407231688,6.9496,3283.25,-0.0005631784728781231,0.18689231688414312,0.2808377566864769
2023-03-09,82.79157161207375,83.86641015033535,81.98786218477649,82.65277862548828,29019429,-0.0035798029981642943,6.963,3276.090087890625,-0.0021807392398919268,0.17900664331665322,0.27660002297279135
2023-03-10,81.33907787752723,81.66185445865993,78.2081649873658,78.47930145263672,85039224,-0.0504940939948576,6.9025,3230.080078125,-0.01404418331952817,0.23302936264146076,0.29453642792721635
2023-03-13,78.0209782052225,78.41798662038627,76.49748362260887,77.62396240234375,50203023,-0.010898912636336022,6.8455,3268.699951171875,0.011956320621404837,0.2309252151938239,0.2950319769729824
2023-03-14,77.46579218887072,78.27272998674268,75.21605608004087,77.45933532714844,59570448,-0.0021208280291337145,6.868,3245.31005859375,-0.007155717235453052,0.23060994820795858,0.2932588116178253
2023-03-15,77.94995145061607,78.2662711777151,76.62980399437299,77.0203628540039,36214377,-0.0056671345202038426,6.9005,3263.31005859375,0.0055464654147097114,0.2305276430898021,0.2933486207523792
2023-03-16,75.85193144925246,77.34314898223974,75.52915482078024,75.78414916992188,35511075,-0.01605047857831232,6.8965,3226.889892578125,-0.011160498194069723,0.23240816852692253,0.2939715269590661
2023-03-17,76.42645967578613,77.78211252714908,76.02299446757753,76.79119110107422,40500786,0.013288292369613819,6.887,3250.550048828125,0.007332185800457136,0.24025833020982257,0.2924651818632945
2023-03-20,76.79119425939379,77.25922071686166,75.72281261125049,76.03590393066406,25896999,-0.009835596499812471,6.877,3234.909912109375,-0.004811535427485136,0.23711485113006933,0.2928890424399119
2023-03-21,76.46196066580049,77.30762481689453,75.78413797264446,77.30762481689453,32661807,0.016725268202113286,6.883,3255.64990234375,0.006411303806865831,0.24703180379368128,0.29418551701100404
2023-03-22,78.17589587199741,79.91242237925461,78.13716947509181,78.49867248535156,46601796,0.0154066002063582,6.8802,3265.75,0.003102329169048179,0.2565007711804373,0.29410651214012373
2023-03-23,78.43089324496076,79.24105954687542,77.3044145672183,79.23783111572266,29238312,0.009416192745285379,6.8188,3286.64990234375,0.006399725130138645,0.26113320374893884,0.29485238170210687
2023-03-24,79.24105592619917,79.92856397603816,78.59227427299523,79.40889739990234,24305478,0.0021588965999064236,6.8675,3265.64990234375,-0.006389484923546185,0.26124375568006547,0.29470301995275655
2023-03-27,79.39921121547924,79.39921121547924,77.56262554295118,78.6439208984375,27748608,-0.00963338525672297,6.8834,3251.39990234375,-0.004363603088552992,0.2452264546312731,0.29018027720617146
2023-03-28,78.91828032677388,79.29592549437567,78.24045756126145,79.08289337158203,24553512,0.005581772476876301,6.8725,3245.3798828125,-0.0018515161813563719,0.24596709024096858,0.2776419716547175
2023-03-29,79.57996831076773,80.77422922782098,79.57996831076773,79.95115661621094,43290786,0.010979153741242698,6.8862,3240.06005859375,-0.0016391992342479345,0.23915962467015175,0.2787235573634084
2023-03-30,80.69354144784467,83.01750946044922,80.69354144784467,83.01750946044922,62780166,0.03835282657582639,6.87,3261.25,0.006539984143209665,0.28065534998956176,0.2839129189020764
2023-03-31,83.58881479761274,84.19885522882949,82.30740113881279,82.63662719726562,50102283,-0.004587975062839589,6.8676,3272.860107421875,0.00356001760732072,0.28086806300511696,0.28409066001958927
2023-04-03,82.63018230575905,83.353195689867,81.42300032391866,82.60435485839844,40107375,-0.00039053310815972964,6.8776,3296.39990234375,0.007192423186219932,0.2806473670240449,0.283547783827588
2023-04-04,82.56884902082923,82.56884902082923,80.0447553592659,80.99048614501953,41323299,-0.019537332095207582,6.878,3312.56005859375,0.004902365225320615,0.284824141139168,0.2849194885054699
2023-04-06,80.04798166682383,80.97757027341376,79.29914824733255,80.69353485107422,24582681,-0.0036664960056369544,6.875,3312.6298828125,2.1078627259640825e-05,0.28117617721152643,0.2848209177590388
2023-04-07,80.7096733345006,81.38104660848111,80.15450141208801,80.46113586425781,20616873,-0.00288001990798048,6.875,3327.64990234375,0.004534167734578709,0.28110950019058994,0.2806027816276248
2023-04-10,80.46113969665218,81.08086549243788,79.40244330911351,81.01631164550781,29417373,0.00689992473119716,6.8807,3315.360107421875,-0.0036932355513779047,0.21323428424472188,0.2808637096572371
2023-04-11,81.38750510231299,82.14279543336426,80.24165588162053,80.63866424560547,26236536,-0.0046613748791078935,6.8866,3313.570068359375,-0.0005399229659827087,0.20947144925806874,0.2802450675995238
2023-04-12,80.30621592632991,80.30621592632991,78.54064079064275,78.563232421875,33698910,-0.025737428107802218,6.873,3327.179931640625,0.004107311147939274,0.2312583809875265,0.28353821772873755
2023-04-13,77.65300892434487,78.43411932244493,76.74601187820758,78.37602233886719,24289392,-0.0023829223574014513,6.8677,3318.360107421875,-0.0026508407720531313,0.23033071180969508,0.282719827512797
2023-04-14,78.56322080588502,79.87691140868901,78.43088469390709,79.42179870605469,31651932,0.013343065085211547,6.869,3338.14990234375,0.005963727347617631,0.2250904534319173,0.2763334871149311
2023-04-17,79.07966635123883,80.59025443630748,78.82467939571832,80.51278686523438,27118155,0.013736633732226444,6.8786,3385.610107421875,0.014217517626995413,0.22538242801461922,0.27787185655149144
2023-04-18,80.82265000168377,81.3971851488003,80.19001048223286,80.37076568603516,23529660,-0.00176395805845031,6.8755,3393.330078125,0.0022802302858799806,0.22132462848820605,0.2759963464923863
2023-04-19,80.37075380180157,81.72640654829024,79.43147995485485,80.96788787841797,33578241,0.007429594421377583,6.8851,3370.1298828125,-0.006836999283405754,0.21600095643257286,0.2753392324794301
2023-04-20,80.67094039053035,80.67094039053035,79.07966374347322,79.08612060546875,30092490,-0.023240908491708456,6.8725,3367.030029296875,-0.0009198023884581241,0.2283535351566057,0.2790228903037731
2023-04-21,78.9182814138907,80.35462296543928,78.43412017822266,78.43412017822266,31215744,-0.008244182699246094,6.892,3301.260009765625,-0.019533541120506315,0.22778175864705377,0.2789836504747719
2023-04-24,78.78916113275986,83.46938073797098,78.49220462153664,81.82000732421875,80105202,0.0431685488190916,6.8958,3275.409912109375,-0.007830373124134926,0.2754488473979376,0.2937054647807704
2023-04-25,81.01631269918703,81.2745354779799,78.17589907103704,78.85372924804688,56225619,-0.03625370093671276,6.932,3264.8701171875,-0.003217855231770761,0.3045657350856357,0.2872035287617136
2023-04-26,78.43412082973407,82.1589324666841,77.78857497271919,81.01631164550781,52347612,0.027425239339767815,6.9261,3264.10009765625,-0.0002358499736930808,0.3191056595320405,0.29183867556256227
2023-04-27,80.6935377880512,83.5952766288355,80.54828794692258,83.57267761230469,72739314,0.031553719428532245,6.922,3285.8798828125,0.006672523667974772,0.33524688807026093,0.2661225858768258
2023-04-28,84.39576483229612,84.8799260858379,81.98463647050365,82.58499908447266,57583440,-0.011818198914409495,6.911,3323.27001953125,0.011379033334214972,0.3103157643804916,0.266730376766393
2023-05-04,82.3074084678848,83.14985166119196,81.14542447989439,81.50692749023438,35437281,-0.013054084957191403,6.9094,3350.4599609375,0.00818168287453358,0.3133867622388352,0.2634945320777071
2023-05-05,81.51662181339474,81.92008708408567,80.03186104750286,80.71614074707031,30731877,-0.009702080148448866,6.9101,3334.5,-0.00476351340519654,0.31508060417367006,0.2621907931096973
2023-05-08,81.66185398805956,83.63077560742471,81.50691886594046,81.99430847167969,36487860,0.01583534238355866,6.9125,3395.0,0.018143649722597077,0.3124399536829939,0.2648065708789087
2023-05-09,80.70644303699623,81.77805307318174,80.37076010162643,80.72904205322266,26965449,-0.015431149332688743,6.9201,3357.669921875,-0.010995604749631793,0.31742135842146907,0.26552117479697934
2023-05-10,81.01631508564721,84.62493290643906,80.43532305089214,83.85350036621094,76107267,0.03870302723186536,6.9321,3319.14990234375,-0.011472247251075651,0.3451578749448801,0.27746213878090786
2023-05-11,84.16981771928332,87.08447049072103,83.49522336067595,85.13168334960938,64271061,0.015243048624282496,6.948,3309.550048828125,-0.0028922627172838222,0.3478953759144945,0.2761091613842232
2023-05-12,85.8579279985308,86.58416989152884,83.766355188308,83.95355987548828,31372059,-0.013838836820398659,6.9575,3272.360107421875,-0.011237159389512308,0.3519748946469508,0.27730722217565656
2023-05-15,83.95354694244918,86.03544152587075,83.50166267501551,85.50286865234375,41077881,0.01845435475461965,6.952,3310.739990234375,0.011728502228545157,0.3401273646228496,0.28022170235617333
2023-05-16,85.33825809997597,86.31626588017956,84.95415605886538,85.57711029052734,24491793,0.0008682941210482742,6.9751,3290.989990234375,-0.0059654337272803115,0.3394551812069879,0.27951870558849434
2023-05-17,85.53191964147912,85.79336343973007,83.6017243092339,84.24404907226562,26866815,-0.015577310495015317,6.9981,3284.22998046875,-0.0020540961187012208,0.34507525303939174,0.2808849921654583
2023-05-18,84.6636617857074,85.17364307871692,82.8109339016062,83.62432861328125,30208995,-0.007356252053516199,7.0355,3297.320068359375,0.003985740331362786,0.3446348798413378,0.27857522115037486
2023-05-19,83.33382435247694,84.21822972375418,82.72701232382533,83.65660095214844,18031746,0.00038592045403951225,7.006,3283.5400390625,-0.004179160351797884,0.3443979386315756,0.2784021343606111
2023-05-22,84.21823255197646,85.85792088938453,82.9787810059223,85.56742858886719,36049563,0.022841325310500427,7.0351,3296.469970703125,0.003937802337356855,0.35175190724572175,0.28212496171723356
2023-05-23,85.54806325230383,86.14196900149341,84.86701202392578,84.86701202392578,27185820,-0.008185551166983829,7.049,3246.239990234375,-0.015237505851763089,0.3407439980470265,0.28079220010099215
2023-05-24,84.43772155510037,85.53515917204916,83.76635560260094,84.53778076171875,20427885,-0.0038793785047388507,7.0585,3204.75,-0.012780937441220885,0.3390541366747138,0.28088572051706956
2023-05-25,84.55391432726533,85.16395479884213,82.3525972298904,82.50106811523438,39623685,-0.024092336327412367,7.0775,3201.260009765625,-0.0010890054557687323,0.31940798264086917,0.28432616341933553
2023-05-26,81.66185809165815,81.66185809165815,78.36956045831825,79.72198486328125,55744020,-0.0336854214792881,7.063,3212.5,0.003511114436217877,0.31558425884884284,0.2864625856570491
2023-05-29,80.69353507657407,80.87105444563979,78.1113371077836,79.05706787109375,37416873,-0.008340447033873932,7.063,3221.449951171875,0.0027859770184825994,0.30064726124068863,0.2867307368255916
2023-05-30,79.38629237936355,82.30740165023624,79.34756598565713,81.40363311767578,50064174,0.029681915985149132,7.0792,3224.2099609375,0.0008567600948203857,0.2980165959486522,0.29097910913888275
2023-05-31,81.40363806729513,82.27512973294763,80.58056547828983,81.87488555908203,35514351,0.005789083648453541,7.11,3204.56005859375,-0.006094485961465224,0.2962030209012922,0.29099938747244897
2023-06-01,81.87489622312111,83.237006143717,81.73611061244551,82.45266723632812,26020713,0.007056885311053751,7.0934,3204.6298828125,2.1789018608942e-05,0.2932759835209461,0.29140612520090303
2023-06-02,83.23699293880675,83.78893641342896,82.50106584340593,83.61786651611328,33203925,0.014131735440958249,7.0827,3230.070068359375,0.007938572152534462,0.2942234698161861,0.2928898498584021
2023-06-05,83.59850968020842,83.61787287916265,81.23257204011301,83.37902069091797,31438356,-0.0028563970255003346,7.105,3232.43994140625,0.0007336909097079847,0.28995718539787807,0.2916127163142699
2023-06-06,83.25958386877159,85.53514740863976,82.68827720146075,84.20531463623047,38694333,0.009910094151567517,7.119,3195.340087890625,-0.01147735277008266,0.28482341985851606,0.2907876454520847
2023-06-07,84.56683435596989,85.03162502009599,82.4687973418686,82.80770874023438,30147084,-0.016597597218581672,7.1287,3197.760009765625,0.000757328424655368,0.2572976005746417,0.2927686354907041
2023-06-08,82.69151323410847,83.54686279214425,82.1363412822405,82.30741119384766,19336278,-0.00604167841373493,7.1109,3213.590087890625,0.0049503646542130575,0.2510386842722084,0.27342883519605476
2023-06-09,83.53394933771017,83.63078749665806,81.50047359094741,83.2757339477539,32245203,0.011764709153902153,7.1273,3231.409912109375,0.00554514537678541,0.2508890664173386,0.2731825899334255
2023-06-12,82.79157158477243,84.88960115066506,82.4687949639758,84.08589172363281,30867363,0.009728617659343408,7.1437,3228.830078125,-0.0007983617227599327,0.2440633152242697,0.27362467138959107
2023-06-13,84.08266815817105,84.56682938098639,82.99491592848221,84.3150634765625,24453441,0.0027254483270857666,7.1585,3233.669921875,0.0014989465635832921,0.24431278489837366,0.2732241202661804
2023-06-14,84.78630740705414,85.66102747985666,84.40543382929926,84.88959503173828,37732800,0.006814103334399801,7.148,3228.989990234375,-0.0014472508801737227,0.23901430281912034,0.2709041551971547
2023-06-15,85.05098740599367,88.76611348042348,84.9832051328566,87.75582885742188,73188321,0.03376425372994141,7.13,3252.97998046875,0.007429564757688745,0.26433863043257333,0.27770172081183697
2023-06-16,88.39493139708064,89.04047725262853,87.1490229461047,87.49761962890625,45689046,-0.0029423598623304903,7.125,3273.330078125,0.006255832430090091,0.26496258900026703,0.2767646991945982
2023-06-19,87.49761104791017,88.75965414295476,86.46473482524327,86.8940200805664,37069425,-0.006898468220047804,7.125,3255.81005859375,-0.005352353448353053,0.25535685091221855,0.27580835012033067
2023-06-20,86.82946888489377,86.89079429642024,85.50287190898923,86.58415985107422,30709848,-0.0035659557378620033,7.1811,3240.360107421875,-0.004745347822455059,0.2536998199698864,0.27463633326106607
2023-06-21,86.18392712321746,88.20771751269496,85.93861807786956,86.43246459960938,32343528,-0.0017519977294433442,7.1779,3197.89990234375,-0.013103545183410947,0.2532554279564705,0.2742637774852177
2023-06-26,84.70562456744226,86.72618655427827,84.66366235099407,84.85409545898438,30453666,-0.01826129970881485,7.2364,3150.6201171875,-0.014784635729717,0.2462722346394317,0.277261036388533
2023-06-27,84.57327660121263,85.16395386832157,82.97877894959554,83.93741607666016,29708595,-0.010803006942279092,7.2193,3189.43994140625,0.012321328111560392,0.2141902572633932,0.2774675107208539
2023-06-28,83.92128000977337,84.72821788073273,83.30801106945569,84.0019760131836,17180853,0.0007691437208940943,7.2436,3189.3798828125,-1.883045138117989e-05,0.2103891194647286,0.27732079765019724
2023-06-29,84.00197393808267,84.17304384642355,82.38164876159804,82.5333480834961,25045515,-0.017483254554119143,7.2515,3182.3798828125,-0.0021947840198411894,0.1976409229026246,0.27914295602879713
2023-06-30,82.02659455916249,83.92127725992864,81.88780157496473,83.36287689208984,22717308,0.010050831910448421,7.2513,3202.06005859375,0.006184106393940958,0.19964723360754774,0.2686582514871914
2023-07-03,83.55976530784268,86.91338819942388,83.55976530784268,86.33562469482422,48769518,0.03566033123571888,7.24,3243.97998046875,0.013091547662416492,0.234055266976615,0.27808546515061033
2023-07-04,86.66486383933389,88.7628934622584,86.0225390113822,87.63318634033203,47136006,0.015029272679665917,7.24,3245.35009765625,0.0004223568566232849,0.23467252071060074,0.2795760642360761
2023-07-05,87.63640662748628,87.9494979343916,85.7578587860544,86.18069458007812,27909939,-0.01657467702490023,7.2465,3222.949951171875,-0.0069022280525457,0.2436670759395713,0.27870487399550975
2023-07-06,86.18069021061909,87.7945583512431,86.11613637151973,86.5357437133789,25113555,0.004119822136857687,7.25,3205.570068359375,-0.005392538846649031,0.24196077802179133,0.2785825593763885
2023-07-07,86.18069883755034,86.39373096053134,85.24788173253162,85.34148406982422,18657450,-0.013800767085451748,7.2205,3196.610107421875,-0.0027951224732035707,0.23937994208762045,0.28017962629795934
2023-07-10,86.18070340673967,86.98764129446789,84.8089156465447,85.06713104248047,20663286,-0.0032147674760293343,7.2315,3203.699951171875,0.0022179257124723684,0.23838892950333976,0.2800573997367466
2023-07-11,85.53515437528384,87.3717401232438,85.1478239079476,86.9327621459961,30721560,0.02193128039764236,7.209,3221.3701171875,0.005515549609807158,0.24663867942759077,0.2830617774361896
2023-07-12,87.31040330655044,87.52020699222525,85.42540595414422,85.73204040527344,26109585,-0.013812073964774574,7.1656,3196.1298828125,-0.007835248188443722,0.25130133140134575,0.2792057328345026
2023-07-13,86.34207708601068,86.98763026946018,85.53836773136702,86.44859313964844,24825903,0.008358050630635994,7.15,3236.47998046875,0.012624673944959586,0.2525802744964879,0.2794176654875036
2023-07-14,86.43892073449507,86.43892073449507,85.05099817489273,85.34471893310547,30816609,-0.012769140207519403,7.1403,3237.699951171875,0.0003769436889728972,0.256516243358229,0.2799289885357802
2023-07-17,86.1807031204568,86.1807031204568,84.67980027956531,85.37053680419922,23677989,0.00030251281410853537,7.1711,3209.6298828125,-0.008669755932514733,0.22424392886504127,0.278741697162945
2023-07-18,85.61584722116841,86.36468813175307,84.08267481926991,85.6900863647461,29536944,0.003743089507329378,7.1786,3197.820068359375,-0.0036794941735700526,0.22484260560943753,0.2787261715037221
2023-07-19,85.69330249210446,85.82563860395311,84.80567610330847,85.48027038574219,15075000,-0.0024485443754930225,7.226,3198.840087890625,0.0003189733973285591,0.2238333572961519,0.27852122848347605
2023-07-20,85.69653922366943,86.98763832237898,85.21237798511763,85.51901245117188,27381153,0.0004532281572677821,7.1761,3169.52001953125,-0.009165843728909051,0.2236115759507684,0.2738876644750565
2023-07-21,85.2123785656386,85.47059395451112,84.42158285564516,85.31566619873047,22586109,-0.0023777899979552375,7.1861,3167.75,-0.0005584503395916762,0.22366814200052607,0.27326398398991414
2023-07-24,84.24728490336099,84.81536319414079,83.11112093408708,83.11434936523438,28785111,-0.025802023609221347,7.1855,3164.159912109375,-0.0011333242492700402,0.23299222495765268,0.26482139004190547
2023-07-25,84.78630421961304,86.17746236353733,84.77662631508193,85.40280151367188,52164852,0.027533779256109225,7.134,3231.52001953125,0.021288464961611187,0.2505334331837173,0.25932246955300453
2023-07-26,85.13490838019702,85.13490838019702,84.11494580512127,84.59587860107422,19759464,-0.009448436096894053,7.1503,3223.030029296875,-0.0026272435829151064,0.25325975355707214,0.2545198153972447
2023-07-27,85.37376322120305,85.7836853226183,84.17950227171433,84.44740295410156,33795207,-0.0017551167908879117,7.173,3216.669921875,-0.001973331729479,0.24447104491387497,0.24637944496875488
2023-07-28,84.28919798437326,86.76924858126708,83.71214401957663,86.55852508544922,51992475,0.024999254654344716,7.1488,3275.929931640625,0.018422782319885034,0.25703666418792476,0.25017487753274303
2023-07-31,87.53109784774495,89.66426618819555,87.49219424717802,88.17947387695312,64518048,0.018726622131138848,7.1426,3291.0400390625,0.004612463556052715,0.2335891995830098,0.25107742529110655
2023-08-01,88.1016600597227,88.4258517600328,86.39643145356439,87.04480743408203,36101979,-0.012867693500353883,7.1775,3290.948974609375,-2.767041787521407e-05,0.23260738591775773,0.2517600463663069
2023-08-02,87.75801827462561,88.17946524941235,86.3510407222798,86.8827133178711,26218053,-0.001862191680229608,7.192,3261.68994140625,-0.008890758692664869,0.22462584351954626,0.25002703947128196
2023-08-03,86.64928921026114,87.03831774641883,86.07547787000776,86.957275390625,19850964,0.0008581922675585663,7.1651,3280.462890625,0.005755589757454382,0.22422682072731734,0.24764787420462578
2023-08-04,87.20365925650384,87.55378422431262,86.44505763295241,86.97997283935547,26415945,0.0002610183981559544,7.1709,3288.083984375,0.0023231763333704247,0.21793458357257092,0.2351015664024879
2023-08-07,86.86001878978607,86.86001878978607,85.97174345761883,86.55528259277344,19261140,-0.004882621053083125,7.1895,3268.8310546875,-0.0058553643334507965,0.21844631495198516,0.23340249173249267
2023-08-08,85.97498905329364,86.39643606013713,85.1029191948426,85.35902404785156,27513564,-0.013820745644723353,7.216,3260.6201171875,-0.0025118879999092014,0.20960177257397472,0.2333977865366009
2023-08-09,84.93757376859537,85.42385757372072,84.36375502009442,85.22933959960938,21749811,-0.0015192822280803986,7.2085,3244.489990234375,-0.004946950694470487,0.20397026726872983,0.2303620247883823
2023-08-10,85.26176028446446,85.86799747469715,84.52909197278585,85.16450500488281,18004830,-0.0007607074633118049,7.2165,3254.56005859375,0.0031037446223243226,0.20143896408829304,0.23036149226392888
2023-08-11,85.16126270996646,85.16450529464043,83.96824383341969,84.04605102539062,25837584,-0.01313286538127667,7.2367,3189.25,-0.020067246392118987,0.20173259907016192,0.22970800230451444
2023-08-14,82.66825449439666,83.31338790277579,78.93683325307244,79.69219970703125,75867105,-0.05180316344719227,7.2585,3178.429931640625,-0.0033926686084110314,0.2711700853797119,0.2527450598621533
2023-08-15,79.69219108709727,79.79268894707579,78.42136507684918,79.27722930908203,34506387,-0.005207164559075439,7.2817,3176.179931640625,-0.0007078966811889797,0.26994727050376666,0.2529044208247653
2023-08-16,78.86874901664609,79.58845441332214,78.52186665702375,79.16700744628906,23993808,-0.001390334447275432,7.2985,3150.1298828125,-0.008201691777162345,0.27004068040872925,0.24807093356272708
2023-08-17,78.89793492766796,79.86077484677159,77.93508758846184,79.75379180908203,26050665,0.007411981098200293,7.291,3163.739990234375,0.004320490877577354,0.2725745682552157,0.24824751582732738
2023-08-18,79.60790797964339,79.60790797964339,77.80541661943738,77.89942932128906,29539950,-0.023251088703494127,7.28,3131.949951171875,-0.01004824643005664,0.28151872375759074,0.2523758136237424
2023-08-21,77.74056896508567,77.76650222059787,75.8764761707261,75.9931869506836,38363760,-0.024470556295648205,7.2865,3092.97998046875,-0.01244271821410925,0.2802119290892739,0.2525232542160918
2023-08-22,77.14730072925721,77.31912060152185,74.85528329086377,76.03533172607422,33634767,0.0005545862343945274,7.293,3120.330078125,0.008842636495857592,0.2547434362648884,0.24331684056165653
2023-08-23,76.03534319133533,76.03534319133533,74.57324905437211,74.59269714355469,24371265,-0.01897321350180703,7.2771,3078.39990234375,-0.013437737268630845,0.25882901386570795,0.2457119030436752
2023-08-24,74.89094793753904,76.83284055696332,74.89094793753904,76.15204620361328,32043177,0.020904848862853154,7.2786,3082.239990234375,0.0012474298377223025,0.27586315081844465,0.24167888206319088
2023-08-25,75.62686145374947,75.96725864233245,75.04980010538765,75.40641021728516,20032578,-0.009791411045403375,7.289,3064.070068359375,-0.0058950380024166416,0.25230071656262737,0.24191962959140723
2023-08-28,80.39891990748181,80.39891990748181,75.94132331092342,76.35628509521484,40058208,0.012596739125925849,7.29,3098.639892578125,0.011282321698752762,0.24492119849470168,0.24299673144800335
2023-08-29,76.77125166101582,80.23683277662965,76.77125166101582,79.98072052001953,63967038,0.04746741437571367,7.2796,3135.889892578125,0.012021403354814275,0.31073319064212135,0.26090307168880716
2023-08-30,80.83009564554547,81.52386035126229,80.34705441923627,80.98246002197266,45656205,0.012524762160680769,7.2839,3137.139892578125,0.00039861093431836636,0.31621898200960485,0.26223781297232024
2023-08-31,81.21264354393466,81.36825051366652,80.39892542230594,80.85279083251953,26620188,-0.0016012009195317534,7.2582,3119.8798828125,-0.005501829805696246,0.3159082153560181,0.26137349713516356
2023-09-01,82.0198797531859,82.49643585579953,80.39892861514994,80.76202392578125,23331549,-0.0011226193407015694,7.2606,3133.25,0.004285458956659216,0.3157311079643099,0.25922905412205643
2023-09-04,81.56601526154681,82.01988069499615,80.68421765424736,81.8415756225586,28953480,0.013367070862035701,7.2606,3177.06005859375,0.01398230546357615,0.3212782432018386,0.26043723237538036
2023-09-05,81.76052595263526,81.76052595263526,80.62262349251485,80.73284912109375,22371150,-0.013547228203158346,7.3018,3154.3701171875,-0.007141804368751226,0.3211529965950739,0.26073507498370496
2023-09-06,81.04730469101573,81.79293591403028,80.8203682874185,81.19318389892578,19778568,0.005701951347481415,7.316,3158.080078125,0.0011761336811064727,0.32249162259952346,0.2601980431704251
2023-09-07,81.18347140638005,81.18347140638005,80.43459010629978,80.52861022949219,18273906,-0.008185091870037908,7.3287,3122.35009765625,-0.011313829790523644,0.32312037800342536,0.26058952513955913
2023-09-08,80.07797500692179,80.07797500692179,78.67748262168574,79.11837768554688,20290320,-0.017512192746483524,7.343,3116.719970703125,-0.0018031696565197208,0.3253802605402992,0.2623828082480509
2023-09-11,79.00490691977066,80.56102106199079,78.51862310535242,80.07797241210938,22954032,0.012128594577310192,7.2882,3142.780029296875,0.008361373122613536,0.27257357951095085,0.25372916884849483
2023-09-12,80.62586345135071,82.13982409723153,80.1071611750241,81.69244384765625,35859720,0.020161242685294845,7.2911,3137.06005859375,-0.00182003533489572,0.2804375035936741,0.25751856281356234
2023-09-13,81.69569133461815,82.43484490527452,81.17698902716714,81.5498046875,27443691,-0.0017460508394417928,7.27,3123.070068359375,-0.004459586355718748,0.28049146819676546,0.2572320366122515
2023-09-14,80.00990033274415,80.05853168669906,78.4537934675239,78.98222351074219,45774075,-0.031484823128600015,7.277,3126.550048828125,0.0011142819061302767,0.3029421553336964,0.2647094988702242
2023-09-15,79.10216955682591,80.02286325082015,78.2949366446989,79.19618225097656,24676785,0.002708948048357751,7.2744,3117.739990234375,-0.002817821066722459,0.290637735286911,0.2648415445124632
2023-09-18,79.26425776658216,81.43632189910767,79.19617833278916,80.19792175292969,28921566,0.012648835757998578,7.2915,3125.929931640625,0.002626884035199506,0.27706951157693804,0.26397047905062454
2023-09-19,79.75055148512523,80.48970501554295,79.0373312136425,80.12985229492188,18719079,-0.0008487683535929325,7.2964,3124.9599609375,-0.000310298287017563,0.2772677538376331,0.2631470061993085
2023-09-20,79.42635712768899,79.84131893721285,79.1021728515625,79.1021728515625,16349130,-0.012825175810594946,7.287,3108.568115234375,-0.005245457832428468,0.27167572072431184,0.26430870995221706
2023-09-21,78.77798356898097,79.0600290919242,77.33533752565886,77.70167541503906,27889386,-0.017704917400328646,7.3066,3084.700927734375,-0.007677871809542269,0.2726392472421163,0.2643686214207906
2023-09-22,77.6498025150536,79.64032670651268,77.3191330548332,79.44257354736328,29029188,0.022404898260240946,7.298,3132.431884765625,0.015473447231821869,0.27937711399235526,0.2677389307372152
2023-09-25,80.01961910229225,80.06825045078644,79.21562879051474,79.68570709228516,19436040,0.0030604943176584243,7.311,3115.60693359375,-0.005371210545296101,0.2769625327042304,0.25696784486190766
2023-09-26,79.42635742702107,79.42635742702107,77.254293088378,77.31912994384766,35538789,-0.029698891241521252,7.31,3102.27294921875,-0.004279738959118262,0.24339365560051227,0.26121218736802837
2023-09-27,77.51687522108547,78.52510380344054,77.08895053443274,77.10191345214844,22720101,-0.002809349922289206,7.3105,3107.31591796875,0.0016255722280240636,0.23762693778462482,0.2594380673368327
2023-09-28,77.41639014894153,77.64332657761567,76.52487219940028,76.735595703125,25577304,-0.00475108505900812,7.301,3110.47509765625,0.0010166908582520673,0.23775914285136102,0.2592217926840259
2023-10-09,76.7355891323844,77.32237082355803,74.45329180162751,77.14730834960938,27537213,0.005365341113362954,7.296,3096.922119140625,-0.004357205278973986,0.2393685554309397,0.2584286807259113
2023-10-10,77.1440663172319,77.81189779078808,76.83284496355073,77.12785339355469,19180983,-0.0002521793238271508,7.2948,3075.239990234375,-0.0070011863624993564,0.23241847291800974,0.25841850729801036
2023-10-11,78.44083351996763,78.61589601269436,77.15704438000583,77.34831237792969,23005119,0.0028583575799792094,7.2992,3078.9560546875,0.0012083819360197978,0.229691901269417,0.2539492232598932
2023-10-12,77.93508959542349,79.58845913495598,77.48122417477758,79.24805450439453,41802282,0.0245608736384908,7.3019,3107.90087890625,0.009400856558080317,0.2472086963713984,0.2583472892343377
2023-10-13,78.42137353926027,78.70341906258132,77.74057911752168,77.92212677001953,19933569,-0.016731360065141754,7.3049,3088.10009765625,-0.006371110927118284,0.25226874719290493,0.2595053881475262
2023-10-16,77.93508318264576,78.15553441513795,76.67074973067528,76.99817657470703,19806663,-0.011857353406683258,7.3105,3073.81298828125,-0.0046265046219983175,0.24828225054523664,0.2593444124964589
2023-10-17,77.00142144241599,77.80216920111715,76.67075200397537,77.15703582763672,14749077,0.0020631560381894065,7.3105,3083.5,0.0031514642418655203,0.24362071727042972,0.2594241538353127
2023-10-18,79.62087182710643,81.37148910623988,79.1021695866111,80.74580383300781,92358852,0.046512517839437884,7.3161,3058.7099609375,-0.008039578097129851,0.2888115325440586,0.27734195317240523
2023-10-19,80.05852724077738,80.38920410508092,77.91563876267706,77.99992370605469,44325984,-0.03400647459813444,7.3126,3005.39306640625,-0.017431170399336726,0.3124975453602628,0.28554324342050086
2023-10-20,77.80542115073027,78.38896032534011,77.22512456121135,77.54606628417969,25697583,-0.0058186905872545935,7.3155,2983.06005859375,-0.007430977352724466,0.2931000992139956,0.2856618358054715
2023-10-23,77.80541218006177,77.80541218006177,76.57348969116303,77.36775970458984,22061049,-0.002299363309241409,7.3158,2939.291015625,-0.014672531598101113,0.2928538634643779,0.2856608172701942
2023-10-24,77.578471956721,77.96750048251712,76.07748179101655,76.36276245117188,33233676,-0.012989871456215218,7.309,2962.243896484375,0.0078089854789333835,0.2911338876535472,0.2821850769035125
2023-10-25,77.14731465725647,77.80866101067906,76.5799810078681,76.9625244140625,25102719,0.007854115587739852,7.3165,2974.114013671875,0.004007137022575158,0.2933353233109535,0.27643297015153206
2023-10-26,76.5281087095595,77.41638400359923,76.41139791949709,77.35478973388672,21959805,0.005096835411918299,7.315,2988.299072265625,0.0047695073317775005,0.29133589585199215,0.27627263455967455
2023-10-27,77.15703748290667,78.94007326118206,77.0014230943475,78.43758392333984,30961668,0.013997765273205731,7.3171,3017.783935546875,0.009866771219420034,0.28888792657286416,0.27805239750249316
2023-10-30,77.64655734360898,79.4231153921677,77.38396733512847,79.29668426513672,35188641,0.01095266196159872,7.3133,3021.552978515625,0.0012489439433864824,0.2801664827124312,0.27388443482360325
2023-10-31,78.94008100283685,79.0989379917453,76.99494547570244,77.33210754394531,38161425,-0.024775017258258147,7.3166,3018.77099609375,-0.0009207127730859188,0.29332070371419033,0.2747979070221065
2023-11-01,77.1570328299285,77.1570328299285,76.32062409211896,76.573486328125,28017126,-0.009809912595350023,7.3175,3023.076904296875,0.0014263778897758428,0.2757856328331517,0.2743542955897886
2023-11-02,77.11164439811255,77.11812956728976,76.11962127685547,76.11962127685547,25624248,-0.005927182802212716,7.316,3009.406005859375,-0.004522180172812917,0.2763770316497582,0.2744728532324747
2023-11-03,76.34980328640266,77.52985183993087,76.14556496984227,77.36775970458984,27203826,0.016397065655315846,7.3005,3030.798095703125,0.007108409367861723,0.28219416584468904,0.2770128604984832
2023-11-06,77.9707527584373,78.91738722417918,77.80541802595684,78.74556732177734,43064358,0.017808550001296775,7.2695,3058.410888671875,0.00911073324478373,0.28839331373551097,0.2798886890703763
2023-11-07,78.77798443029823,79.19943142688554,77.97075145099026,78.11988067626953,28353879,-0.007945674490489996,7.2788,3057.27001953125,-0.00037302677179529287,0.2901880889864527,0.2801169509596496
2023-11-08,77.92212308215603,78.08421521773126,77.53957970611664,77.80541229248047,24038442,-0.004025459090141514,7.28,3052.373046875,-0.0016017468607502083,0.29056806917357325,0.2790019647224995
2023-11-09,77.8054123622596,78.04855427589168,77.26725459950349,77.57847595214844,21954822,-0.0029167166350709817,7.2835,3053.279052734375,0.0002968201610555887,0.27635339325838865,0.2790194049095151
2023-11-10,77.48122395442333,77.48122395442333,76.39843063367462,76.81987762451172,24570570,-0.009778463914457802,7.2835,3038.969970703125,-0.00468646389147942,0.27214764605858777,0.27954072455877943
2023-11-13,77.11813438133001,77.21538966475323,76.21688873209033,76.87174987792969,20921538,0.0006752451972329432,7.289,3046.532958984375,0.0024886683166205348,0.26887187699170256,0.2785305944669304
2023-11-14,76.93009582760287,77.2218690762187,76.70316684986985,77.03707885742188,16564965,0.0021507117992594083,7.253,3056.070068359375,0.003130479631567651,0.2688807372970276,0.25796296840138744
2023-11-15,77.77299384552079,77.80541227262756,77.2542915917101,77.36451721191406,23607501,0.0042503994095908215,7.2466,3072.8349609375,0.005485768389834389,0.20669520440859354,0.2579438832197936
2023-11-16,77.74057919947637,77.74057919947637,76.90417038325708,77.2542953491211,18507021,-0.0014247082094631658,7.2416,3050.926025390625,-0.007129877076180735,0.16877287113103157,0.25794452613107177
2023-11-17,76.83285022856282,77.34830993528482,76.50865851372447,76.75504302978516,17838687,-0.006462453862011941,7.212,3054.3701171875,0.0011288676841760825,0.16906089573170205,0.2577448841849492
2023-11-20,76.44381090027865,76.67074729476981,76.0483046323226,76.18446350097656,23031282,-0.007433772509086833,7.168,3068.319091796875,0.004566890741525276,0.170776051035659,0.2537920988221633
2023-11-21,76.40815875802447,76.72910787999857,75.75005500979015,75.92511749267578,24715902,-0.003404185005482896,7.1352,3067.93310546875,-0.00012579732308704017,0.1649276281227481,0.24882717287886974
2023-11-22,75.6981818742071,75.6981818742071,74.52461111444327,74.56351470947266,31671324,-0.01793349589922566,7.155,3043.611083984375,-0.007927820017007425,0.1733380541798882,0.251554349943248
2023-11-23,74.72561972567517,74.97848198171238,73.62985607580448,74.18421936035156,31729182,-0.005086875941926472,7.155,3061.85595703125,0.005994482390631495,0.17194155308418052,0.24872254253685883
2023-11-24,74.17449597775219,74.17449597775219,69.83036698040684,70.3004379272461,84197844,-0.052353202157994105,7.1488,3040.971923828125,-0.0068207105416461244,0.23836339747660865,0.2670933644863265
2023-11-27,68.72810766456077,68.72810766456077,66.45878821994869,67.7231216430664,64644261,-0.0366614541839263,7.1528,3031.699951171875,-0.003049016198932164,0.2545372934314673,0.27630601989830667
2023-11-28,67.72961089063124,68.65354719470442,67.1104107698567,68.0505599975586,36663429,0.004834956607847163,7.138,3038.550048828125,0.002259490637786188,0.24990121108646038,0.2750528584823804
2023-11-29,68.04082905383139,68.04731422297887,65.28846093878435,65.479736328125,65773890,-0.03777814127504353,7.13,3021.68701171875,-0.0055496986517890035,0.27376259520347174,0.26517968269769737
2023-11-30,65.35654904048748,65.72288694487412,64.33535736741601,64.56228637695312,56172645,-0.014011204116254339,7.136,3029.673095703125,0.002642922299167072,0.2745902168011501,0.2640367599792546
2023-12-01,64.99346183966466,65.10368747066556,62.506925942427856,63.881492614746094,58256955,-0.010544759183901076,7.1386,3031.635986328125,0.0006478885883047791,0.2589799112756133,0.264378808916185
2023-12-04,63.88148850859143,64.60767168838096,62.76303418548746,63.66752243041992,35283945,-0.003349486299836113,7.1424,3022.9140625,-0.0028769693549814956,0.23966506588738828,0.2643225277368866
2023-12-05,63.86526839172042,64.82487305058821,63.414645612419896,63.651302337646484,45711741,-0.0002547624307379648,7.1444,2972.2958984375,-0.016744824039303996,0.24227582224179303,0.26200367644143235
2023-12-06,63.654555573504005,65.23984573753751,63.541094778653424,65.2236328125,52904211,0.024702251440400724,7.158,2968.93310546875,-0.0011313789352257464,0.271489247361569,0.26774266731425966
2023-12-07,65.22362930839483,65.22687189322812,63.96253093193638,64.65953826904297,30950772,-0.008648621966191983,7.1515,2966.2060546875,-0.0009185288736303088,0.2706479781195094,0.2672718890682938
2023-12-08,64.5233819410248,64.95455669969274,64.2932103494662,64.3677749633789,23310057,-0.004512301100110805,7.1645,2969.55908203125,0.0011304094462525338,0.27107308824461535,0.2671115046336192
2023-12-11,63.78422873771187,64.70167983733296,63.10018436862103,64.57524871826172,30325905,0.0032232550371804614,7.1765,2991.43896484375,0.007368057751366175,0.27238491263203,0.26587158196962923
2023-12-12,64.24781974266514,64.42612480994336,63.57999566171741,63.648075103759766,23939163,-0.01435803396665436,7.1755,3003.43798828125,0.004011120928260947,0.27008911273793756,0.2648711471570869
2023-12-13,63.48273004407496,63.48273004407496,62.153555982728946,62.17949295043945,35260476,-0.023073473171438597,7.1725,2968.760986328125,-0.011545769244588056,0.26923991921283935,0.2630617952725143
2023-12-14,62.56852071686111,63.5994400419844,61.955802064159734,61.978492736816406,27749010,-0.0032325804551551762,7.1088,2958.986083984375,-0.0032925864994742815,0.26848693887351166,0.2630153090340662
2023-12-15,62.594457271610025,63.019146845814966,61.94607757337661,62.65929412841797,30552402,0.01098447802679714,7.1179,2942.556884765625,-0.00555230702424514,0.27916997804949417,0.2587204608858301
2023-12-18,61.939589951773705,62.406421980403564,61.048072075801564,61.29121398925781,30153441,-0.021833634709582328,7.1297,2930.800048828125,-0.003995448991442885,0.2821161106202877,0.26099485403992506
2023-12-19,61.11939822690329,61.16802587086815,60.35106883808369,60.947574615478516,23810916,-0.005606666133901705,7.1287,2932.39111328125,0.0005428771757258755,0.2814719226734402,0.25865349570218304
2023-12-20,61.05455441274455,61.37874610871334,59.93286123603187,59.93610382080078,25477446,-0.016595751365975686,7.1355,2902.110107421875,-0.010326387132407966,0.2810604175187486,0.25973246150665946
2023-12-21,59.43361056328992,61.58946938065137,59.27799988539269,61.492210388183594,39944829,0.025962758140491093,7.1381,2918.715087890625,0.005721692097858222,0.3094704169216979,0.266619890395731
2023-12-22,61.563534323221354,63.34008869016933,60.9605433914126,62.325382232666016,35399298,0.013549225816129162,7.1315,2914.77490234375,-0.0013499726517406385,0.2738230393483036,0.2674750473476022
2023-12-25,62.56852480433388,62.95754595010227,61.66403283217584,62.30268478393555,16130958,-0.00036417664709598174,7.1315,2918.81298828125,0.0013853851747704926,0.24884330921919434,0.2620616144741821
2023-12-26,62.296196781163836,62.296196781163836,61.59595058851222,62.16328048706055,12414099,-0.002237532738090686,7.1432,2898.8798828125,-0.006829182119162613,0.24675340027218207,0.26168458123250904
2023-12-27,62.568525376336126,62.730617521888135,61.822886666591295,62.0660285949707,18409206,-0.0015644588143974847,7.1405,2914.614013671875,0.00542765878388507,0.2129476580212192,0.2561757015606481
2023-12-28,61.92986101970066,64.40342614031891,61.80991136480099,64.2056655883789,41633340,0.03447356052650008,7.1065,2954.7041015625,0.013754853199281492,0.24550998599638635,0.26775476068806925
2023-12-29,64.50392466999068,64.77299982268684,63.91390043269811,64.18946075439453,24110187,-0.0002523894711763397,7.0999,2974.93505859375,0.006847033183644768,0.24243715944958905,0.26778105184956774
2024-01-02,64.71140848969065,64.71465107433772,62.36428177216428,62.438838958740234,34178496,-0.02727272943377146,7.1426,2962.27587890625,-0.004255279338260198,0.26140978422744576,0.2718374967923179
2024-01-03,62.40642186829167,62.85056693322103,61.82288276106546,62.62363052368164,25345788,0.0029595611965738122,7.1497,2967.2470703125,0.001678166251039892,0.26175490907988685,0.27207464990970054
2024-01-04,63.00293291515931,63.103430783616545,61.952561753454106,62.57500076293945,26961108,-0.0007765401069137479,7.1589,2954.34912109375,-0.004346772922212971,0.24400217870695035,0.27182389951971425
2024-01-05,62.396699463564396,64.0273707770277,61.96228216720092,62.464778900146484,33720564,-0.0017614360599137457,7.145,2929.179931640625,-0.008519368707448849,0.24271907403764292,0.2655470681968209
2024-01-08,62.50367721350747,62.782480138591445,61.320389784311665,61.40143585205078,24323517,-0.01702308191621904,7.154,2887.5380859375,-0.01421621295889508,0.24868935177746226,0.2656083150781315
2024-01-09,61.92014148981764,63.54109261359953,61.66079405887829,62.523136138916016,33655953,0.01826830710552141,7.1675,2893.25,0.0019781259649240823,0.25860930233999724,0.26887261419890895
2024-01-10,62.147076104983455,62.665778371882936,61.46627798840866,61.68996810913086,21424869,-0.013325755572049292,7.1711,2877.701904296875,-0.005373920574829327,0.2579530502719098,0.2694049968547332
2024-01-11,61.66079219065918,64.41639566141328,61.21016565491146,63.79395294189453,47958522,0.03410578570962586,7.167,2886.64990234375,0.0031094249315797295,0.27370878102333634,0.2606082035164987
2024-01-12,63.79395175915348,64.27051525440461,63.310910514527414,63.49894332885742,26106792,-0.004624413434699881,7.1665,2881.97705078125,-0.001618780150203225,0.27406711740189504,0.25289820479168684
2024-01-15,63.12612655702858,63.86527262174715,62.380487902848394,63.0904655456543,21065979,-0.006432828040738303,7.1665,2886.2900390625,0.0014965380380391746,0.27292007038662686,0.2529274935952228
2024-01-16,62.86028258405613,63.71938196735968,62.59120743345381,63.31414794921875,25142580,0.0035454232526241913,7.1874,2893.989013671875,0.0026674292968407176,0.25995681523293074,0.25331028597314714
2024-01-17,62.957545062511834,63.07101327181261,60.55854797363281,60.55854797363281,48238413,-0.04352265749190953,7.196,2833.614990234375,-0.02086187029469677,0.3051099219337091,0.26576774520525637
2024-01-18,60.18572571107424,61.92013751448995,59.945826384815994,61.75156021118164,34377495,0.019700146015196207,7.1961,2845.780029296875,0.0042931164270463285,0.30635266878253964,0.26905934709582213
2024-01-19,61.430616166637414,62.555551925038415,61.17450762136337,61.381988525390625,24271548,-0.0059848153557113815,7.1931,2832.279052734375,-0.0047442094692876635,0.2934714123844461,0.26850123684368676
2024-01-22,61.22961938773723,62.017400566415944,59.83236580948321,60.08523178100586,39671919,-0.021126013925866216,7.192,2756.340087890625,-0.026811964297951518,0.29812716246739224,0.26825851523788574
2024-01-23,59.975001054491564,61.258793732442975,59.748072071424794,60.89894104003906,33217686,0.013542583342258663,7.172,2770.97607421875,0.005309934863417354,0.3029767950026652,0.2689387590666875
2024-01-24,61.36253241873315,61.54731892651791,59.6767483368418,61.174503326416016,28992363,0.004524910970057361,7.158,2820.77197265625,0.017970526306886114,0.3035505844761522,0.2660750637170693
2024-01-25,61.23286062131065,61.88772177494804,60.188970909245356,61.563533782958984,39230724,0.006359356192353172,7.169,2906.10888671875,0.030253035300170206,0.30452766600594183,0.2665676441704262
2024-01-26,61.27176361602751,61.27176361602751,60.137100090158064,60.25381088256836,34756392,-0.021274329459514574,7.1763,2910.222900390625,0.0014156433334884255,0.2838571399092219,0.269011273792531
2024-01-29,60.26677633684798,60.29919476409067,57.806177640575285,57.848323822021484,43812756,-0.039922571291549525,7.1798,2883.360107421875,-0.009230493294910325,0.312238615518613,0.275677767936377
2024-01-30,56.11066915272093,56.888722533139116,55.20942352331346,55.75082015991211,57228354,-0.03625867654458992,7.1755,2830.527099609375,-0.01832341637678414,0.3222093992268533,0.2790828717531306
2024-01-31,55.4655344466209,56.82388811848766,55.215911063257124,55.34882736206055,37610523,-0.007210527068454042,7.1673,2788.548095703125,-0.014830807983447047,0.3207071401734216,0.2790603846207336
2024-02-01,55.1121651184788,56.084732781864325,54.580496230381186,55.40069580078125,34995222,0.0009371190175613275,7.1799,2770.739990234375,-0.006386156830570866,0.32113188819327565,0.27936311814432263
2024-02-02,55.42339160834394,55.72164263247131,52.846085750117226,54.13959884643555,44397513,-0.022763197034213367,7.192,2730.152099609375,-0.014648754761563465,0.3261778933427264,0.28153451510705774
2024-02-05,53.491223199026926,55.689224556237086,52.76827888779579,54.46379089355469,55864860,0.005988076269990428,7.1982,2702.18505859375,-0.010243766645684826,0.32695497325323997,0.2824407690237831
2024-02-06,53.81541101231855,57.09296680305798,53.65331516042694,57.015159606933594,52856925,0.046845228206118916,7.1908,2789.486083984375,0.032307567208612165,0.3679864674679754,0.30196763145231303
2024-02-07,57.46253680937717,59.32662602216722,57.08972119284983,58.2114143371582,48028110,0.02098134493477999,7.1943,2829.696044921875,0.014414827580019995,0.3769230256345066,0.30625165449502956
2024-02-08,58.837100741810254,59.440091651135745,58.58099219834018,58.733360290527344,35773698,0.00896638501765401,7.1965,2865.903076171875,0.012795378258020573,0.354311866430809,0.30697721037580383
2024-02-19,59.611912191182604,60.0884719813595,58.95056958958696,59.48871994018555,35906121,0.012860828086828091,7.1928,2910.5439453125,0.015576545317175894,0.35923094527557337,0.3089576191164608
2024-02-20,59.48872041020103,59.54707580641372,57.38149291766557,58.036354064941406,34007208,-0.024414138961209142,7.1905,2922.72998046875,0.004186858327934084,0.3670863087082337,0.31170756691095336
2024-02-21,57.41391266930894,60.16951991310992,57.27126861531211,59.326629638671875,44307894,0.022232195569809265,7.1891,2950.9560546875,0.009657434798072906,0.37795296182620725,0.3163917513677986
2024-02-22,59.294207489376184,59.53410681419843,58.76253490512305,59.32338333129883,24271839,-5.471922798949702e-05,7.1944,2988.35791015625,0.012674487445971439,0.34627250662711245,0.31649148468375826
2024-02-23,59.32338299571309,59.64757467990214,58.62313311312195,59.22288513183594,27352470,-0.0016940739691403417,7.197,3004.881103515625,0.00552918822180537,0.3376918481578351,0.3151646498068303
2024-02-26,60.299198150634766,61.638100047240215,60.15331150979816,60.299198150634766,46638228,0.018173937598664036,7.1972,2977.02197265625,-0.009271292240741413,0.34460825598751577,0.3182972170252465
2024-02-27,60.76926699949043,62.8700129089916,60.68822093455748,62.795448303222656,61902795,0.04139773378664091,7.1977,3015.48095703125,0.012918609512540868,0.3661644907933171,0.3144880435623281
2024-02-28,63.54109348088805,63.70967079732013,60.947574615478516,60.947574615478516,50487459,-0.02942687308833669,7.1976,2957.85205078125,-0.019111016475042097,0.38040712283014166,0.31138576982247984
2024-02-29,60.62662412933296,62.11789401323805,60.36078783714168,61.98497772216797,36708867,0.017021236911140214,7.1977,3015.1708984375,0.019378537760571968,0.38480324998271037,0.31345043023075086
2024-03-01,61.88772295903375,62.56203963455053,61.19720077916132,62.30268478393555,36647484,0.0051255493418360665,7.196,3027.02001953125,0.00392983399378477,0.3845975354038695,0.3043618073100947
2024-03-04,61.59595164101224,62.14707604535904,60.97999409092929,61.35929489135742,38059530,-0.015142042367030872,7.1987,3039.305908203125,0.004058740474989442,0.3805076034689353,0.3045826162605852
2024-03-05,60.785481542458704,62.13086488857106,60.137101835988695,61.86178970336914,44887329,0.008189383742128076,7.1965,3047.79296875,0.002792433800088423,0.3485582141576508,0.3044073400860721
2024-03-06,61.59595170876024,62.56203792729108,61.27176371941534,62.130863189697266,30030120,0.004349591041874934,7.1977,3039.930908203125,-0.002579591405153625,0.3151960578466412,0.3044927203004947
2024-03-07,62.263779843289996,62.879744817685406,61.206927214567834,61.23610305786133,30398064,-0.014401218426727258,7.1925,3027.40087890625,-0.0041218138422367545,0.3200734696096998,0.30587542301214615
2024-03-08,61.04482885842411,61.64457717404333,60.7044279570825,60.976749420166016,20144904,-0.004235306048953724,7.1855,3046.01904296875,0.006149883945738344,0.3215230301698996,0.3014237614878549
2024-03-11,60.947572944257736,64.80542528717454,60.947572944257736,64.42936706542969,83424138,0.05662187109176786,7.182,3068.455078125,0.00736569103467688,0.3525883895383909,0.3231928773662106
2024-03-12,65.16203315806929,66.9969428553743,64.11490089018282,66.4912109375,73508676,0.03200161612601993,7.1804,3055.93505859375,-0.004080235562353596,0.3616461077442768,0.32954685961974634
2024-03-13,67.08123636873368,68.2094110141545,66.7278688270588,66.89968872070312,53343873,0.006143334997870342,7.1875,3043.8349609375,-0.003959540181399657,0.33492136461197886,0.3296946883588857
2024-03-14,67.56751750431461,69.81738895568652,67.56751750431461,68.7540512084961,63405657,0.027718551808733727,7.1932,3038.23388671875,-0.0018401372908289915,0.3391492371467117,0.3326948326855379
2024-03-15,68.07974073972092,68.52712100274101,66.84134040904355,67.90792083740234,43988406,-0.012306625663815352,7.1953,3054.635986328125,0.005398563843644455,0.3471332574042348,0.33001881676550987
2024-03-18,68.67948874890459,70.75429779371471,68.60168155469859,70.68297576904297,59094546,0.04086496681712837,7.1981,3084.926025390625,0.009916087939142892,0.3665502943332344,0.3394533850829672
2024-03-19,70.68297413045748,71.27299840265371,69.502925586065,70.28421783447266,44091804,-0.0056414989639550495,7.1991,3062.756103515625,-0.0071865327377478305,0.3495797397138324,0.3393710334112663
2024-03-20,70.35230153401714,71.57449633333066,70.35230153401714,70.82886505126953,29041569,0.007749210755671809,7.1992,3079.68603515625,0.005527678688221904,0.3465411051540305,0.33584245290969744
2024-03-21,70.97151135458282,71.25679205287206,70.34906859814693,70.98123168945312,26600127,0.0021511941222451814,7.1993,3077.113037109375,-0.0008354741416829459,0.3458540639867156,0.3354056077570336
2024-03-22,70.98122353700822,70.98770870624556,69.76551400858183,70.33284759521484,31401483,-0.009134584999524908,7.2289,3048.033935546875,-0.0094501245848988,0.34995608226058855,0.3339116129146169
2024-03-25,70.1448301250597,70.60517331143899,69.0036776537566,69.44133758544922,29732820,-0.012675585309676496,7.2102,3026.305908203125,-0.007128538527853223,0.35614546353630877,0.33188922608919247
2024-03-26,70.02487724699749,71.31839412141258,69.78822048212825,71.19195556640625,39403881,0.025210026791359752,7.2176,3031.48095703125,0.001710021717929333,0.33986423571122115,0.33443664235024795
2024-03-27,71.19519180436852,71.22436764673726,68.08297828333008,68.72163391113281,56654694,-0.03469944933552471,7.227,2993.138916015625,-0.012647957074146898,0.34768385487259457,0.34295876881751963
2024-03-28,68.03110625652977,68.67624707186984,66.78622081318933,67.55455017089844,47830593,-0.0169827705456419,7.2262,3010.6640625,0.005855106286781986,0.3545890309393492,0.3450370048594075
2024-03-29,67.57076149865783,67.59993734115585,65.22038471381863,65.82986450195312,30703482,-0.02553026649696033,7.2203,3041.1669921875,0.010131628456139019,0.3702738918851405,0.3494487885364909
2024-04-01,65.82986374534083,69.04581769436754,65.82986374534083,68.73135375976562,42872781,0.044075576940104666,7.2308,3077.37890625,0.011907242895745407,0.39085785503884596,0.35387761376826177
2024-04-02,68.73135010091325,70.4463137288479,68.6632706661237,68.83833312988281,32275437,0.0015564857123446796,7.232,3074.958984375,-0.0007863581147207199,0.3910681654121178,0.35386141312714625
2024-04-03,68.24183222159057,68.43959280165326,67.28547743086044,67.48323059082031,25090137,-0.01968528982980633,7.233,3069.2958984375,-0.00184167852848649,0.4012939694297979,0.3515688868796639
2024-04-08,67.1071676616729,69.70067891436047,66.90941451555925,68.72811126708984,38468154,0.01844725964318128,7.2305,3047.052978515625,-0.007246912861414989,0.39776279909464224,0.35326551369178444
2024-04-09,68.64706817483369,69.6974355833612,68.51738704851118,68.7540512084961,25262538,0.00037742840488430573,7.2316,3048.537109375,0.00048707090747668325,0.3965108718808192,0.3532375677564609
2024-04-10,69.47375183898329,69.53858869457295,68.079737183498,68.6762466430664,21723255,-0.001131636086341259,7.2341,3027.3349609375,-0.006954859880923925,0.34953583392217213,0.3532127049920469
2024-04-11,67.7555404083229,69.8433196503176,67.36651188383348,69.04581451416016,30256185,0.00538130560650063,7.2373,3034.24609375,0.0022829098536092385,0.3330546487909746,0.3510846850830664
2024-04-12,68.72811161484995,70.41065691798671,67.9306064368568,68.27424621582031,34475367,-0.011174729471568612,7.2374,3019.47412109375,-0.004868416140232479,0.33592306621599705,0.35051279858433504
2024-04-15,68.07974006771525,69.86278335238016,67.7847242001711,69.25330352783203,33999576,0.014340067686970048,7.2382,3057.3779296875,0.01255311589821484,0.3251132961930521,0.35003053504105347
2024-04-16,68.85779665231719,69.81415143521752,68.30991110559957,68.60816955566406,29496912,-0.009315569645117372,7.2383,3007.068115234375,-0.01645521607407796,0.3237136939636472,0.3443739642461696
2024-04-17,68.40392357382258,69.11065118099418,67.9500581998096,69.05229949951172,29076486,0.00647342651354843,7.2389,3071.381103515625,0.021387273522481376,0.288201555913002,0.34428978007636535
2024-04-18,68.72810868205808,70.18696009809305,67.88522219420157,69.24681091308594,40199268,0.002816870907761615,7.2382,3074.22509765625,0.0009259658911653368,0.2879627238586358,0.3438863608362007
2024-04-19,68.78971872942758,69.0101625668427,67.12662138333046,68.12188720703125,33531129,-0.0162451337645948,7.2403,3065.260986328125,-0.0029158929627368657,0.29132544499118473,0.34583929982179884
2024-04-22,68.07973551723664,68.57574709649087,67.46377798410798,67.61289978027344,19408434,-0.007471716472136736,7.2403,3044.594970703125,-0.006742008500149166,0.2916023775559237,0.33348576569146643
2024-04-23,67.6096583711953,67.61290095596205,66.13135878196059,66.47175598144531,26189982,-0.016877604754959252,7.2445,3021.97802734375,-0.0074285557116819945,0.29529246569298584,0.3336438885778998
2024-04-24,67.07151200684466,67.69071217224264,66.29669744380588,67.24333190917969,22493676,0.011607575523501223,7.246,3044.822021484375,0.007559285320384745,0.29693969502934736,0.33391869431968146
2024-04-25,67.23684505337147,68.56926547437598,66.98398279369974,67.73609924316406,28405152,0.0073281219117744545,7.246,3052.89990234375,0.0026529895023017502,0.28206439150937096,0.3306733895840169
2024-04-26,68.07973709838735,71.24382461988388,68.07973709838735,71.11739349365234,76036134,0.049918644390044786,7.2464,3088.635986328125,0.011705619289037239,0.31166455847732466,0.3441270130009959
2024-04-29,71.67175716737025,73.07224957833932,70.90991298077033,71.76901245117188,57502779,0.009162582112598017,7.2318,3113.04296875,0.007902188062922422,0.3043930559689177,0.34435645183196206
2024-04-30,72.45628592776909,72.74157400565228,70.83534240722656,70.83534240722656,34667898,-0.013009375663076583,7.2401,3104.824951171875,-0.0026398664138660433,0.2916972904586391,0.3458089105942351
2024-05-06,72.94257432692255,74.041573108878,72.4562904980764,73.36402130126953,56033661,0.03569798363514365,7.2071,3140.719970703125,0.011561044534153853,0.2775386490014761,0.3487272921857421
2024-05-07,73.36401940503613,75.2086568062586,72.63135109596892,74.52461242675781,43257144,0.01581962254662006,7.2185,3147.738037109375,0.00223454063772488,0.2808732756944668,0.3376003593218992
2024-05-08,74.09020532222867,74.20043094420126,73.26676687236089,73.3413314819336,27339534,-0.015877720209375612,7.2185,3128.47998046875,-0.006118062053953488,0.27688952896518454,0.3295921988949047
2024-05-09,73.36402358185096,74.04481799535768,73.31539222941365,73.96377563476562,23702205,0.008486949176609304,7.2198,3154.320068359375,0.00825963025237364,0.2723664986267133,0.3287197578154444
2024-05-10,73.59094881700166,74.40790949154173,73.26676455100356,73.85030364990234,24183990,-0.0015341561986181862,7.226,3154.547119140625,7.19808948772549e-05,0.2727707460138653,0.3288908629193229
2024-05-13,73.00741773689283,73.70766770052441,72.15804596256419,73.16950988769531,24744348,-0.009218564156952325,7.2325,3148.02099609375,-0.002068798721463705,0.2761677156252777,0.3251555921128862
2024-05-14,73.1727461615911,73.77574078273307,72.65404390365806,72.91339874267578,18785559,-0.0035002440963814996,7.2335,3145.77392578125,-0.0007138041059091549,0.2770844810464364,0.3256430190186654
2024-05-15,72.78048592295396,73.26676977673739,70.77050622989341,71.04283142089844,29920053,-0.025654644469103705,7.219,3119.902099609375,-0.008224311976090193,0.2912262152943242,0.3197695601934111
2024-05-16,71.04606784316441,71.30865783658483,70.22262201197871,70.77374267578125,26147166,-0.0037876973613699683,7.2181,3122.40087890625,0.0008009159316850756,0.2882537884103875,0.31813332696610747
2024-05-17,71.12386859124479,71.42861218891626,70.56302016587351,71.18870544433594,21445998,0.005863230526830465,7.2233,3154.02587890625,0.010128424000148906,0.2859069368554922,0.31796733195661314
2024-05-20,70.82886183007845,72.6183827617226,70.82886183007845,72.2520523071289,22787571,0.014937016429164007,7.2344,3171.14501953125,0.0054277108946665376,0.28922255164450894,0.3182593610994916
2024-05-21,71.96352145490422,71.9667640396374,70.48522188097841,70.92611694335938,25224129,-0.018351525270635216,7.2376,3157.966064453125,-0.004155897947572651,0.2984537477936255,0.3162290897484332
2024-05-22,70.73484674424995,71.15952886963368,69.75255136379997,70.3231201171875,26519451,-0.00850176003084191,7.2405,3158.5400390625,0.0001817545209987781,0.2936205450131617,0.3147394799424136
2024-05-23,69.97623696294218,69.97623696294218,69.2176354101145,69.6844711303711,18686169,-0.009081636107046376,7.2421,3116.386962890625,-0.013345746975044426,0.2943460134587312,0.31565958790192206
2024-05-24,69.3700090275183,69.37649419687727,67.69070632845084,67.85279846191406,30862656,-0.026285234554341286,7.2425,3088.87109375,-0.008829413506178496,0.30394671306806925,0.32115634690164385
2024-05-27,68.07973788716845,68.33908531220771,66.9774964905464,67.5448226928711,22813653,-0.0045388808718896945,7.2425,3124.04296875,0.011386643836049481,0.3020121012531336,0.3197826285126259
2024-05-28,67.69071254390481,67.72637355855139,66.97101450112177,67.23036193847656,18283938,-0.004655586347815266,7.2451,3109.572021484375,-0.00463212171227434,0.30135763860043885,0.3093622449418597
2024-05-29,68.40392301779163,73.26676097118673,68.40068043327986,72.8453140258789,90794331,0.08351809994033155,7.2494,3111.01806640625,0.0004650302073352375,0.38693027836335914,0.34585378377753817
2024-05-30,72.75454681899002,74.36252764021263,72.58596950097689,73.86975860595703,67137543,0.014063287306499639,7.2493,3091.677978515625,-0.006216642744529599,0.3886091816325626,0.34540191506878176
2024-05-31,74.17448943839837,75.08222024202945,73.58770774278517,74.24581146240234,55628952,0.005090755182391771,7.241,3086.81298828125,-0.0015735759895377788,0.38480292341029376,0.34540107493111705
2024-06-03,74.24256292896665,77.96102079323663,73.26351759988016,76.8652572631836,81043767,0.0352807215543427,7.242,3078.489013671875,-0.002696624201393494,0.38432982168224566,0.34942671290510086
2024-06-04,76.80042392207629,77.7405731205888,76.49244516361391,77.20565795898438,47228748,0.004428537780537978,7.2393,3091.198974609375,0.004128636120205087,0.38124919459916184,0.3493189100763188
2024-06-05,77.31263464334812,79.8477939445407,77.31263464334812,78.06151580810547,58330185,0.011085429121992174,7.2475,3065.403076171875,-0.008344949208829111,0.37643087646945694,0.34962585129533813
2024-06-06,78.19444233289283,79.03732887410072,76.99493824639694,77.31912994384766,52759626,-0.009510267083242208,7.2451,3048.7939453125,-0.005418253471617396,0.37860842308608356,0.34866604154243924
2024-06-07,77.49095285645016,78.25603965296897,75.2540441550697,76.34656524658203,54778194,-0.01257857787551342,7.2466,3051.279052734375,0.0008151116364212285,0.38217532874132476,0.3499376279993387
2024-06-11,76.06451701781566,79.75054939873024,75.96726173427673,79.30641174316406,66479079,0.038768561323255346,7.2544,3028.044921875,-0.007614554571321097,0.40110024408427436,0.3402467190528209
2024-06-12,78.33384807300507,80.25304284396853,78.33384807300507,78.74556732177734,56199591,-0.007071867318912739,7.2544,3037.468017578125,0.003111940524743062,0.40222374532332156,0.33575333345590075
2024-06-13,80.65827846456057,83.73158839415005,80.43458463919345,82.01663208007812,87755784,0.0415396684480569,7.2519,3028.9189453125,-0.002814539022682916,0.40687586855987373,0.34486399280057445
2024-06-14,81.52711249333287,82.32137515494163,79.92237424513618,82.03608703613281,60782928,0.0002372074487975162,7.2557,3032.633056640625,0.00122621681041446,0.4056424735258717,0.3412446455974483
2024-06-17,81.69568156262915,84.24705402917823,81.32935111622719,83.38470458984375,62594640,0.016439320821298287,7.2561,3015.89111328125,-0.005520596473983175,0.40673892097465575,0.34076073495688464
2024-06-18,82.86275445463737,83.41387509134115,82.01986799737958,82.87572479248047,38636733,-0.0061039947298113795,7.2543,3030.24609375,0.00475978075121275,0.40899556026244543,0.33234283346647164
2024-06-19,82.99243852920213,83.640814462521,82.15278720639247,82.34405517578125,29732433,-0.006415263553115391,7.2543,3018.049072265625,-0.004025092717562351,0.40123047936169864,0.332431216053007
2024-06-20,81.98097246236104,82.269495726815,80.8203719746788,81.5335922241211,34859982,-0.009842397850458595,7.2604,3005.43701171875,-0.004178878555280541,0.40197978997604955,0.3332786656283659
2024-06-21,81.69243559628845,82.46400747317351,80.33732464498932,81.2645034790039,34899036,-0.003300342077134477,7.2609,2998.137939453125,-0.002428622605353037,0.3992899863677484,0.3334944879194754
2024-06-24,81.04730279737392,82.33757690681372,80.32759742802332,81.02784729003906,32526906,-0.002912171721149881,7.2586,2963.09912109375,-0.01168686000009933,0.38086002865840163,0.3328127880916252
2024-06-25,81.69567915128908,83.88071368684024,81.1640065829018,82.34729766845703,58723929,0.016283912538056278,7.2629,2949.99609375,-0.004422068519568612,0.37807681194214166,0.3324368326883704
2024-06-26,81.69568586891008,82.44131713969065,80.84630672347728,81.9291000366211,33575028,-0.0050784621192995205,7.2666,2972.52490234375,0.007636894381480852,0.3783003602093511,0.329598831105209
2024-06-27,81.37797713066776,81.81239444613162,80.53508317775153,80.88520812988281,24873252,-0.012741405755362534,7.2688,2945.85205078125,-0.008973129726001394,0.2695186377085013,0.3219830843371289
2024-06-28,80.39892356394138,81.7378290901595,80.03583569622452,81.12834930419922,27894621,0.0030060029508236497,7.2672,2967.403076171875,0.007315718854553399,0.26764687368522877,0.31930110059957384
2024-07-01,81.12835735078279,81.64705965618374,78.61589560965737,80.00990295410156,38781996,-0.013786134682759577,7.2683,2994.72998046875,0.009209030116706707,0.2756705644921932,0.31566609033400733
2024-07-02,80.03259461779102,80.30166979394667,78.79418693433396,79.09244537353516,30788211,-0.011466800317114667,7.2712,2997.010986328125,0.0007616732975097573,0.2541638411391041,0.30549122516230987
2024-07-03,79.08920485428945,79.54955544414287,77.80541579054949,78.8104019165039,28972209,-0.0035659974312239884,7.2699,2982.3759765625,-0.004883201907629808,0.2545464911155621,0.30574056616795414
2024-07-04,79.42635770016466,80.9468109045563,79.26426556093311,79.30641174316406,29758902,0.006293710152444731,7.2699,2957.56689453125,-0.008318562859349843,0.2526267482032127,0.3023289978379196
2024-07-05,78.83308927356991,79.26426400157662,77.4423172280265,78.46351623535156,28699434,-0.010628339995286118,7.268,2949.93310546875,-0.0025811044465690047,0.2532687606643831,0.30180138978317755
2024-07-08,78.38894906950387,80.47024319282549,78.18795334334739,79.42311096191406,31612398,0.012229820591830087,7.2683,2922.449951171875,-0.009316534753254335,0.25111806077447624,0.3024416421579074
2024-07-09,79.4911969213768,82.18521361819957,78.2949428000548,81.89019775390625,42228765,0.031062580678503426,7.2725,2959.3720703125,0.01263396114818649,0.23730118600502545,0.30790091714366175
2024-07-10,81.85453024251446,83.16425989086156,81.53358856477224,81.85777282714844,32784768,-0.00039595614184806394,7.2758,2939.364013671875,-0.006760912844092748,0.23519871417318158,0.307947166355695
2024-07-11,82.66825745543741,83.07673412321604,81.59194926122682,82.0393295288086,30107835,0.002217953108051507,7.2573,2970.386962890625,0.010554306671257008,0.18331081170793967,0.30653000366045274
2024-07-12,82.1884513255296,85.58595291999515,81.6600213211366,85.1385726928711,56658966,0.037777529166351576,7.2495,2971.294921875,0.000305670269806102,0.22697929485387258,0.31382980991301523
2024-07-15,85.0348346673164,85.84530278270464,84.486956559211,84.84355926513672,29614656,-0.003465097175150089,7.2592,2974.010986328125,0.0009141012671374238,0.2210503447372044,0.31302660061572796
2024-07-16,84.48696421566058,85.002423942667,83.10591235336985,83.96177673339844,35276304,-0.010393040312968282,7.2685,2976.303955078125,0.0007710021114719634,0.22337984861928772,0.31430179877800124
2024-07-17,83.96501347823475,84.78196678041661,83.19344152388344,84.1303482055664,31557513,0.002007716829328432,7.2607,2962.85498046875,-0.0045186831763027735,0.22179468878451705,0.3143131559063061
2024-07-18,83.60839722073725,85.22934078703764,83.48195868077781,84.7527847290039,28596612,0.007398477918058921,7.26,2977.133056640625,0.004819026333045873,0.21886993032909097,0.31171318372904755
2024-07-19,84.45129222854288,86.23432794842407,84.20490773479489,85.60540008544922,40864137,0.010060027634154256,7.2695,2982.30908203125,0.0017385939063354616,0.21969308663506187,0.3110676505219498
2024-07-22,85.61837609161924,87.56351149304959,85.61837609161924,86.10790252685547,30224865,0.005869985315233306,7.2736,2964.216064453125,-0.006066781504015628,0.2189304822418427,0.30798580569340744
2024-07-23,85.90689994807066,86.04305882172632,82.01987203943882,82.09443664550781,50223147,-0.04660972760422233,7.2748,2915.368896484375,-0.016478949883082183,0.27537847160950135,0.3248958565764149
2024-07-24,82.0944345404875,82.71687720983938,80.55777595423044,81.04405975341797,35592015,-0.012794739022638946,7.2622,2901.951904296875,-0.004602159336912548,0.27860524080356314,0.32650534342643234
2024-07-25,81.03757769687162,82.51911982299804,80.23682994771524,81.17373657226562,30331260,0.0016000780222782396,7.231,2886.741943359375,-0.00524128636142418,0.274801688476729,0.3116524910853172
2024-07-26,82.01014777398157,83.52086578693647,81.42012348967556,82.65203857421875,37452495,0.018211580055047083,7.2502,2890.89697265625,0.0014393490580040247,0.281979145288367,0.31304071877659734
2024-07-29,83.00574007902681,83.02871735815367,80.92182329754142,81.74882507324219,23657796,-0.01092790349224726,7.2597,2891.844970703125,0.0003279252273054034,0.2801570249473009,0.31262780524359474
2024-07-30,81.25327865130463,81.32219546692544,79.29406559748196,80.04558563232422,33118017,-0.020835032667343767,7.2511,2879.300048828125,-0.004338034023985027,0.28765870176820757,0.308488122980065
2024-07-31,79.61896449124848,81.39439691346072,79.60583461692633,81.07606506347656,26247009,0.0128736572168473,7.2193,2938.7490234375,0.020647023096314943,0.29028989017395573,0.30796824015273766
2024-08-01,81.38782220122042,81.63067226742426,78.76241100484842,80.14075469970703,31090464,-0.01153620816497758,7.2441,2932.386962890625,-0.002164887336800647,0.2933314251076386,0.307043792237253
2024-08-02,79.41548834856322,79.50409997677565,76.99026237183541,77.0493392944336,43701351,-0.038574822721063495,7.16,2905.337890625,-0.009224250621739594,0.322911193686032,0.3175425573266145
2024-08-05,75.75631563911453,77.66958915526662,75.4839308453386,75.8678970336914,31580505,-0.015333580684286807,7.13,2860.697998046875,-0.015364785184597607,0.3230828232466023,0.31924449672166094
2024-08-06,76.79335800773023,76.99682598635086,74.16138162554309,75.13278198242188,38730453,-0.009689408564245272,7.1563,2867.283935546875,0.0023022134823376117,0.2991160732083113,0.31930808381701387
2024-08-07,75.16559732645834,75.80882593163756,74.3221832160285,75.13606262207031,24606558,4.3664557093148204e-05,7.176,2869.833984375,0.0008893604140527422,0.29919286283741503,0.3191945298655337
2024-08-08,74.75865586019044,74.75865586019044,73.34749499962147,74.31561279296875,25607223,-0.01091952120552786,7.1747,2869.90087890625,2.3309547386496376e-05,0.29914475580582706,0.31540482902744205
2024-08-09,74.84398763063604,77.41032976111102,74.83743020476682,76.01229858398438,35955654,0.022830812089813746,7.166,2862.194091796875,-0.0026853844207721522,0.27465691764193817,0.3184033183537116
2024-08-12,76.14028045333609,76.62598813339733,75.31656114989276,75.61192321777344,16133703,-0.005267244560017814,7.1744,2858.205078125,-0.001393690834352479,0.27455350862635663,0.3185518030371884
2024-08-13,75.59879535967859,75.60864276523567,74.16794705153619,75.0638656616211,18130950,-0.007248295412006112,7.1558,2867.946044921875,0.0034080713351980485,0.2740517213489301,0.31770907869800075
2024-08-14,75.02119622113277,75.02119622113277,73.90539736079046,74.3648452758789,16898955,-0.009312341958157222,7.1382,2850.654052734375,-0.006029399408722491,0.27291381937807546,0.3159131051889073
2024-08-15,74.35500595057796,76.30109674240099,73.80038892844694,75.96963500976562,26563614,0.021579951224711902,7.1734,2877.35791015625,0.009367624737298685,0.28645991105674645,0.3180644123458945
2024-08-16,76.17310829784971,78.21108561894172,75.64474352899735,77.15763854980469,30665574,0.015637873472557073,7.1644,2879.429931640625,0.0007201125299920452,0.29107354169362293,0.3185917465710908
2024-08-19,77.20357444483552,78.42767977626485,77.12481022566621,77.25936889648438,21054726,0.0013184740823037888,7.1393,2893.674072265625,0.004946861345184406,0.28925771144038476,0.31313927901230454
2024-08-20,77.4497103244232,77.88618850565454,76.60629617894551,77.60723876953125,18745266,0.004502623798454453,7.132,2866.660888671875,-0.009335254392558445,0.2459827809082288,0.3128372653336841
2024-08-21,77.00995716818434,79.78961463448199,76.13700831729336,79.0905990600586,33313014,0.01911368467743646,7.1344,2856.583984375,-0.0035152062585064314,0.25452920150569436,0.3143026303637016
2024-08-22,79.09059576027661,79.67146497666155,78.63771276664528,78.93306732177734,18746535,-0.0019917884066300573,7.144,2848.77197265625,-0.0027347390314726994,0.2543437375377366,0.26572358705104204
2024-08-23,78.69677800783245,79.18904308501958,78.155283418379,78.54581451416016,14935806,-0.004906090954739151,7.1244,2854.367919921875,0.001964336675359446,0.24387310800556036,0.26472749169957965
2024-08-26,78.59832883615499,79.74694488001987,78.0108871851774,78.56878662109375,16954026,0.00029246761365553375,7.1212,2855.52001953125,0.0004036268770168938,0.2419333270119064,0.2646057794146288
2024-08-27,77.94525646781422,79.18248419169117,77.61380226373005,79.02495574951172,15277938,0.00580598413232325,7.1244,2848.73095703125,-0.0023775222914089733,0.23253578503304653,0.2550563949268255
2024-08-28,78.85101673308894,78.85429920134273,76.39953874333956,77.72865295410156,26712210,-0.01640371428386611,7.1245,2837.428955078125,-0.003967381308940143,0.23335940291347282,0.25728028338506537
2024-08-29,76.57348132523488,77.6138060586233,75.90728290463066,77.07231140136719,23815461,-0.008444010384715428,7.0972,2823.10595703125,-0.00504787900371606,0.23193775054586485,0.2568772665515173
2024-08-30,78.09950340342488,82.63162348122408,77.86321073724535,81.85384368896484,57908376,0.06203956000095823,7.09,2842.214111328125,0.006768486407420893,0.28866511316813764,0.28587760628066744
2024-09-02,81.39440084368555,82.18202809091098,79.09060353931181,79.12342071533203,30340446,-0.03335729698910783,7.09,2811.034912109375,-0.010970038849107078,0.3102793590827847,0.2932043758173933
2024-09-03,78.89369124701656,81.20733590702561,78.89369124701656,81.0859146118164,30545970,0.02480294555950735,7.1209,2802.97900390625,-0.002865815777819636,0.31671935799430984,0.2867992528668517
2024-09-04,80.56738872060252,82.66771776354875,80.54769391067975,82.14920043945312,30181788,0.01311307682384788,7.1119,2784.278076171875,-0.006671804429613348,0.31794608877607133,0.28749674090745214
2024-09-05,82.04419143819571,83.88197576198851,81.91291522756278,82.9794921875,30037665,0.010107119042002566,7.0921,2788.31396484375,0.001449527870945877,0.3130034470722498,0.27546813709359147
2024-09-06,82.9827681500302,83.71788332418615,82.51019035381675,82.56926727294922,23442456,-0.004943690347294916,7.0876,2765.806884765625,-0.00807193177020371,0.3083467978648798,0.2756810850210559
2024-09-09,81.8735422964033,83.34377278996568,81.57818020566863,82.03762817382812,21255378,-0.006438704334915002,7.1133,2736.488037109375,-0.010600468101276905,0.3088576030263688,0.2739261037226679
2024-09-10,82.04419278788676,82.96308120921468,81.59130975888294,81.92932891845703,18374487,-0.0013201168510335037,7.1205,2744.19189453125,0.0028152351910197826,0.3066359083535887,0.2736554888870888
2024-09-11,82.04418689653153,85.52285981402582,81.86040622091471,84.7024154663086,46608444,0.033847299672276954,7.1192,2721.794921875,-0.008161591286995562,0.3187703579948605,0.28196672110794074
2024-09-12,84.89932067239765,85.32595144365081,84.34142120579573,84.3447036743164,23175324,-0.00422315928091177,7.1173,2717.123046875,-0.0017164684093030624,0.31596051308943435,0.28131014846698915
2024-09-13,84.40705336903491,84.6695982643075,83.63583853676528,83.6817855834961,17097483,-0.00785962914020144,7.093,2704.090087890625,-0.004796602420845231,0.316897219988084,0.2817432033402387
2024-09-18,83.691633344165,85.10607679119428,83.38970633775105,84.81071472167969,20045943,0.0134907391173813,7.0812,2717.281005859375,0.0048781355428286766,0.31834459260286957,0.28286245215335243
2024-09-19,85.00105311719197,85.12248191614086,83.12716923990773,83.80321502685547,27312969,-0.011879391632655056,7.0675,2736.02197265625,0.006896955727605292,0.32385280552949514,0.2822149137926524
2024-09-20,83.80976601196753,84.93212977556014,82.98932923263003,84.04605865478516,26969379,0.002897784146489668,7.0505,2736.81396484375,0.0002894685040599754,0.3189215188905363,0.282021285878257
2024-09-23,83.99683759721333,84.3282993173397,81.64709338495511,82.044189453125,32274819,-0.023818715995746254,7.0508,2748.91796875,0.00442266228605015,0.332773142865586,0.2851524003612044
2024-09-24,83.02871622673857,83.84915305436601,80.98089160333325,83.45206451416016,46948362,0.01715996063121006,7.0318,2863.1259765625,0.04154653180299639,0.33578068865255506,0.28717415490936254
2024-09-25,84.66960322880163,88.49614290996196,84.55802182955259,86.2448501586914,61713102,0.033465746603037916,7.0315,2896.305908203125,0.011588708255324986,0.35216162316028904,0.2933039195313566
2024-09-26,86.6386620553556,88.50927103382472,86.01512823298913,88.479736328125,44719923,0.025913270941063438,7.0106,3000.952880859375,0.03613118778643565,0.3599918593639214,0.29627908898109895
2024-09-27,89.59224690257156,95.82432478105048,89.09998180970028,93.19890594482422,92976720,0.05333616274802511,7.0111,3087.529052734375,0.028849560560313625,0.3867838773433356,0.31409339968318395
2024-09-30,95.17125370376681,101.10469487167894,95.17125370376681,100.85199737548828,116641377,0.08211567885995197,7.0176,3336.4970703125,0.08063665582600232,0.45834842677816834,0.353468977151394
2024-10-08,110.93686726052385,110.93686726052385,100.85199728149921,107.4384994506836,133031817,0.06530859325148208,7.0595,3489.77490234375,0.04593974722624106,0.4630231394022079,0.3735046618352158
2024-10-09,103.375675362015,105.24956679175361,98.61711002410063,100.32035064697266,97775574,-0.06625324106446884,7.0818,3258.85791015625,-0.06616959507400177,0.5190614025625218,0.40109463875360846
2024-10-10,101.73479428344291,105.67291525555851,101.72822934636704,103.66775512695312,75050061,0.033367152909582476,7.0794,3301.926025390625,0.01321570820874185,0.5226444520275828,0.4017808227396983
2024-10-11,103.054061080049,103.054061080049,97.14359716042622,98.46942901611328,55925547,-0.05014409836958367,7.0667,3217.738037109375,-0.025496630643410678,0.5684775193234285,0.4168890113768343
2024-10-14,98.77791653567311,101.72822466031772,98.51865411270694,100.75025939941406,51709446,0.023162827347435355,7.0667,3284.322998046875,0.02069309563724331,0.5704850067260602,0.4188362647800841
2024-10-15,100.25799450557311,101.20314259591136,97.79666900634766,97.79666900634766,36644706,-0.02931595819874966,7.1192,3201.2919921875,-0.025281011005541143,0.5855177789672503,0.41813743061945374
2024-10-16,96.15578007928598,97.13375285098203,94.1867196850933,95.10233306884766,45096561,-0.02755038555888978,7.1192,3202.947998046875,0.0005172929752788047,0.5976383354654682,0.4225325123113627
2024-10-17,95.99498386127274,97.74744654128848,94.88246735948194,94.98091888427734,30736962,-0.0012766688329550746,7.1216,3169.384033203125,-0.010479085162861557,0.5976292866210129,0.4217798217659071
2024-10-18,94.99075582042235,100.48771883105606,94.54115527990004,98.55147552490234,57327726,0.03759235731310717,7.1015,3261.56298828125,0.02908418611075181,0.5999137937609571,0.427898105535119
2024-10-21,99.43755947510662,101.27535135622641,98.74839127537172,100.56977081298828,47344806,0.02047960497127166,7.1189,3268.110107421875,0.0020073563393221416,0.5994965085666162,0.42931057130652983
2024-10-22,100.09390288566192,101.77417369819274,99.43755191148811,100.0118637084961,31119798,-0.005547463218640747,7.123,3285.866943359375,0.005433365264277512,0.598663606936942,0.4294388754038846
2024-10-23,100.0118667088653,102.3255112858228,99.33253843515479,101.36723327636719,38008500,0.013552087898507592,7.1252,3302.802978515625,0.005154206012655926,0.5986689004026345,0.4299500624675224
2024-10-24,101.36723646751356,101.72495043696712,99.29972438708899,99.66072082519531,29065542,-0.01683495145338776,7.119,3280.262939453125,-0.006824518207450003,0.6012828937021771,0.41945428684874686
2024-10-25,99.76573299863387,102.32551010774081,99.76573299863387,101.12438201904297,41946111,0.014686439970817755,7.1199,3299.699951171875,0.005925443196937996,0.6010532148127665,0.4186531792445748
2024-10-28,101.40660885630946,101.40660885630946,99.02733008434436,100.12671661376953,32797317,-0.009865725607950515,7.1254,3322.197998046875,0.006818209900269823,0.5926315142057559,0.4195963751795256
2024-10-29,101.40661486472814,101.82668070045462,99.70009177356211,100.22518157958984,35563683,0.000983403522559545,7.1301,3286.406982421875,-0.010773293959614016,0.593062710215213,0.41856089900692567
2024-10-30,99.43754964069184,100.91762740076129,98.9452845434607,100.27439880371094,32534460,0.0004910664500219486,7.1229,3266.238037109375,-0.006137080836420505,0.5871752372133549,0.41752601645927595
2024-10-31,99.11265332562091,99.43426762561225,96.15578026037836,96.2181396484375,72255597,-0.040451592865828556,7.1178,3279.823974609375,0.00415950624101602,0.6075391197024795,0.42433882217232394
2024-11-01,96.2214179567749,97.00904514791549,95.20407054985057,95.27298736572266,42912258,-0.009823015557858916,7.1214,3272.013916015625,-0.002381243217383422,0.5815525959146001,0.42472829639436877
2024-11-04,97.14031386034166,101.38036180560837,97.01232763409008,100.74369812011719,65195667,0.05742142558618646,7.0995,3310.20703125,0.011672662835396252,0.541509953040406,0.43792514646331787
2024-11-05,99.78542357573241,101.22283686489298,98.61711262240892,100.91435241699219,50345994,0.0016939451306574593,7.1047,3386.987060546875,0.023194932695155712,0.48462296671730853,0.42880993753132435
2024-11-06,101.0784320438634,101.65274383485577,97.7966696959997,98.5711669921875,55458360,-0.02321954577008356,7.1782,3383.805908203125,-0.0009392277817666939,0.4308419072526341,0.4306966937937968
2024-11-07,96.82198494732584,99.06999521423316,96.48396579468636,99.03717803955078,45202776,0.004727660852389182,7.1412,3470.660888671875,0.02566783758435842,0.4125625863036349,0.4296471633696317
2024-11-08,100.78964495884617,100.92091365333147,97.46849290650727,97.76385498046875,50014716,-0.01285702081064477,7.1785,3452.297119140625,-0.005291144862694219,0.37425867211931463,0.4310901241199697
2024-11-11,96.81214552517183,98.27909352132922,96.02451830621266,98.22002410888672,54257790,0.004666030492650908,7.1785,3470.06591796875,0.005146949470139495,0.364647295684841,0.4298510250516117
2024-11-12,98.50225121454659,101.7347915929107,98.22657644423863,98.71884155273438,73967238,0.005078571791986786,7.232,3421.969970703125,-0.013860240238254162,0.34936992333786704,0.4282451696608711
2024-11-13,97.79666920700808,98.88949833181601,96.910590523195,98.64008331298828,43534737,-0.0007978035247103721,7.2245,3439.278076171875,0.005057936106082739,0.333213543822409,0.4278977871707682
2024-11-14,98.45302280882235,98.55147432935728,96.4839623526459,96.73009490966797,37374870,-0.019363207523455328,7.2272,3379.839111328125,-0.017282395760772284,0.34167502439007086,0.43006890147850635
2024-11-15,96.7432289929893,97.07140074238467,94.52147094614423,95.17125701904297,45970782,-0.016115335067961367,7.2288,3330.72607421875,-0.01453117603875409,0.31802653306795664,0.4312327713218386
2024-11-18,95.17453830162069,96.13938126010702,94.07514417642203,94.73806762695312,34861785,-0.004551682993985895,7.2364,3323.84912109375,-0.002064700900572536,0.30725403401993306,0.4301306539017016
2024-11-19,94.73806482566916,95.65696070809419,92.5524065142591,94.5116195678711,39584007,-0.0023902541476116257,7.2392,3346.010009765625,0.006667236647788233,0.3070847941468685,0.4296415797203118
2024-11-20,94.51818200431066,95.30252670325147,93.69445519586557,94.66586303710938,31805079,0.0016320053549343516,7.2459,3367.989013671875,0.006568720309294562,0.3016103994098751,0.42963450263987174
2024-11-21,94.66914798141083,94.67570540702525,93.20219253164589,93.85855102539062,28659882,-0.008528016180471276,7.2368,3370.404052734375,0.0007170566924941113,0.2980664443119575,0.43036612234753413
2024-11-22,93.69445846931967,93.81260480196026,91.2331328745795,91.3939437866211,37542534,-0.02625873947385793,7.2455,3267.19189453125,-0.0306230815618056,0.3015684093181582,0.4333840951427447
2024-11-25,92.87401580810547,94.9612149747354,92.18155770950871,92.87401580810547,52359945,0.016194421207382348,7.2395,3263.760009765625,-0.0010504080802139493,0.30992181914310324,0.43413170565811043
2024-11-26,91.88949305266378,93.85855356442536,91.19375242956383,92.220947265625,28561935,-0.0070317681086368156,7.252,3259.757080078125,-0.0012264779504383982,0.3096645980709418,0.4343204982157911
2024-11-27,91.65320220080362,92.21766662597656,90.90496459968081,92.21766662597656,33000843,-3.557369280737799e-05,7.2458,3309.779052734375,0.015345306851837881,0.3095695070986603,0.4343298906456136
2024-11-28,92.2832918741648,92.4014381996539,89.59224622544603,90.11076354980469,47576766,-0.022847065570605007,7.2458,3295.697998046875,-0.004254379057679669,0.2876042460042787,0.43750764868747827
2024-11-29,89.5922536286886,91.19375277924125,89.28048671464686,90.19281768798828,38401380,0.0009105919753775726,7.2423,3326.4560546875,0.009332789794105345,0.28680903069925423,0.4357376024639748
2024-12-02,90.77696515206594,93.20219104444391,89.94668090971201,92.67710876464844,45407163,0.027544222925314,7.2714,3363.98193359375,0.011281038525481124,0.21436158924244486,0.43799016550041725
2024-12-03,93.46474344662721,93.81917495287642,92.07983459729272,92.75916290283203,27434913,0.0008853765431113825,7.2858,3378.805908203125,0.004406674857952764,0.2140919012970712,0.4206356698070408
2024-12-04,92.3292450143917,92.9823210489627,91.49567827840366,91.88292694091797,25503858,-0.00944635478041067,7.2632,3364.64990234375,-0.004189647539388663,0.20309291358523812,0.41476031053981777
2024-12-05,90.96731218330973,91.34471343468607,90.02216406493874,90.33393096923828,27080313,-0.016858365566387645,7.2558,3368.85498046875,0.0012497817743446493,0.20602714725700655,0.4141196410229341
2024-12-06,90.46848167030252,92.53927610662504,89.92370457415338,91.98137664794922,37409520,0.018237285381413892,7.27,3404.075927734375,0.010454871898559537,0.21850300456344748,0.41483248468963124
2024-12-09,91.63679207967517,93.19890905330321,91.12811462810322,92.05029296875,27645804,0.0007492421108736824,7.2604,3402.533935546875,-0.0004529840756302139,0.21712940701894676,0.4145155828146317
2024-12-10,96.15578476250101,96.48396401464001,92.54584303445063,92.7263412475586,52778745,0.007344335982049532,7.25,3422.660888671875,0.005915283581665376,0.21841336470492947,0.4143934468128554
2024-12-11,92.55568980520879,93.15953631999989,91.6925808567556,92.14218139648438,28007964,-0.006299826383903584,7.2605,3432.489990234375,0.002871771958195435,0.21853859689324978,0.41438108251551026
2024-12-12,91.92230727058458,93.09717559814453,91.36440781171194,93.09717559814453,30040185,0.010364354166425116,7.2685,3461.5,0.008451593405417013,0.21502618813924765,0.41464057028540463
2024-12-13,92.32596003546001,92.42113659775853,90.7146135497179,90.74414825439453,33707589,-0.02527495951012393,7.2756,3391.8779296875,-0.02011326601545571,0.22531202769750555,0.4132285381413694
2024-12-16,90.74743552586872,91.29221264678853,89.78260006897474,90.2322006225586,21447078,-0.005641660004353399,7.2836,3386.3310546875,-0.001635340396967333,0.22549073759155716,0.41332235533707423
2024-12-17,90.22234334667104,93.74696312552726,89.91385893215677,92.8083724975586,52704621,0.028550471530403243,7.2846,3361.485107421875,-0.007337128846641283,0.2507292264046527,0.4165406335054689
2024-12-18,92.95605653150953,94.14733716341314,92.75258856075975,93.4155044555664,25231914,0.006541780032009337,7.2864,3382.2080078125,0.0061648050574047986,0.25196107262134987,0.41596934583324535
2024-12-19,92.48349313573462,94.1670389894609,91.88949400971269,93.6616439819336,26018556,0.0026348894415515467,7.2965,3370.032958984375,-0.0035997339016411445,0.25038095098141033,0.4149711971241203
2024-12-20,93.53365321699826,94.10468254640224,91.95512390136719,91.95512390136719,29012133,-0.01822005260654591,7.2953,3368.069091796875,-0.0005827442079652245,0.2406298197575049,0.4170684907251486
2024-12-23,92.0535749435134,92.9691883423368,91.52192772696728,92.11920928955078,24454788,0.001784407232810592,7.2977,3351.257080078125,-0.004991587541863907,0.23342559574125418,0.41362819859650723
2024-12-24,91.85338821753234,94.68226755330888,91.60397319907982,94.6527328491211,42686214,0.02750266289853731,7.2946,3393.528076171875,0.012613474610776443,0.25169983389711015,0.41575682661291463
2024-12-25,94.75446899388069,95.61757792862609,93.76009136581278,93.83229064941406,25017309,-0.0086679187701304,7.2946,3393.35009765625,-5.244645443625018e-05,0.25421511341179726,0.4112678509474373
2024-12-26,93.83228730810626,94.12108443222752,93.20218858895218,93.48442077636719,20281365,-0.003707357783117815,7.2981,3398.076904296875,0.0013929616763945774,0.23903767360736322,0.40829881257771955
2024-12-27,94.12108261795743,94.36721516011285,92.87401507710017,93.95043182373047,23604957,0.004984905971424647,7.298,3400.14208984375,0.0006077512678608343,0.23924087359419197,0.39371195430933303
2024-12-30,94.2523597986527,95.00716983459616,92.98232237667231,93.52709197998047,24884043,-0.00450599146307562,7.2993,3407.325927734375,0.0021128052007246545,0.2204312265589783,0.3550801926457357
2024-12-31,93.53036826120092,94.02263335731251,92.54583806897776,92.76243591308594,23285928,-0.008175770792255621,7.2993,3351.762939453125,-0.016306919108908136,0.2225832791850363,0.32730935711609876
2025-01-02,92.87401536822625,92.90026760325829,88.41736984913997,88.96871185302734,50635212,-0.04089720178988332,7.2994,3262.56103515625,-0.026613428786055215,0.2645120602944245,0.3097826579327803
2025-01-03,89.09998753843935,90.11405249313503,88.03012812962764,88.8472900390625,29809428,-0.001364769832403856,7.3199,3211.429931640625,-0.015672075699014854,0.25820539438788576,0.3009888446263914
2025-01-06,89.2443841066305,89.88433025642064,88.28938858467177,89.02778625488281,24734049,0.0020315331592100083,7.3223,3206.923095703125,-0.0014033735854226403,0.24867059354051263,0.28415536179288026
2025-01-07,89.02779137390763,91.14453298583075,87.7872811134413,89.9302749633789,28716654,0.010137157694928067,7.3264,3229.64404296875,0.00708496792332447,0.25201385787777136,0.28055345246311053
2025-01-08,89.58897320010678,89.91715246458824,87.23266395819033,88.338623046875,32724741,-0.01769873290337487,7.3316,3230.16796875,0.00016222400186505226,0.25659462120015203,0.2766592439048424
2025-01-09,88.2795380061021,89.16561668078008,87.51160565850428,88.40753173828125,19683864,0.0007800516810148039,7.3321,3211.39306640625,-0.00581236100580107,0.2563600185496773,0.27132597264860897
2025-01-10,88.27954769862754,88.73571320383125,86.89464635075286,87.30158233642578,24164463,-0.01250967400752101,7.3326,3168.52392578125,-0.013349079274488584,0.25464864042842356,0.272336734791569
2025-01-13,86.31048317286756,88.10561040484778,86.05122824621101,87.29501342773438,20164125,-7.524386747181921e-05,7.3319,3160.7548828125,-0.002451943917966326,0.24086260172688098,0.26004784571875295
2025-01-14,87.40659189738099,90.95418166237067,87.29829297206378,90.67523193359375,37736919,0.0387217823004018,7.3311,3240.93994140625,0.025368958228864535,0.27986170390704046,0.2692732880872494
2025-01-15,90.64242108812712,91.0066999997493,90.08452159162577,90.1468734741211,18700749,-0.005826932539412799,7.3304,3227.116943359375,-0.00426512008762403,0.2598764476027238,0.26929146697629086
2025-01-16,90.1698397675177,90.36346785630239,88.78165601717296,89.51348876953125,21771525,-0.007026141675026243,7.3316,3236.031982421875,0.0027625398208284135,0.2588888287967732,0.26764701352945697
2025-01-17,89.76290674699368,91.62695085336199,89.42160511820468,90.77368927001953,25842459,0.014078330738877654,7.3249,3241.821044921875,0.0017889385925251577,0.2647297683221702,0.26779277515397465
2025-01-20,91.56131768925181,93.99967366391436,91.53506545085932,93.34331512451172,40739127,0.028308046914877094,7.3249,3244.3779296875,0.0007887186646622357,0.27683916928564967,0.2727012931541733
2025-01-21,93.53037015166372,94.32783721984495,92.874019180705,93.87495422363281,22932432,0.005695524081311465,7.2712,3242.623046875,-0.0005408996271495381,0.27735370717462104,0.2724512216916954
2025-01-22,93.53037480799244,93.95700558933434,91.82385168262483,92.70993041992188,24317067,-0.012410379460058851,7.2728,3213.6240234375,-0.00894307571934616,0.2627401517422195,0.27343045585150066
2025-01-23,93.52380987280144,93.53037480999818,90.90496328403377,90.9410629272461,28852176,-0.019079590337991226,7.288,3230.1640625,0.005146849457768221,0.2693359517555344,0.2758586369634423
2025-01-24,90.74414844063256,92.05357543402707,90.57678010620846,91.58756256103516,20443101,0.007108995793311479,7.244,3252.6259765625,0.006953799753785628,0.2708536576459253,0.26413016445523285
2025-01-27,91.59084852262211,91.9288751841879,90.08451843261719,90.08451843261719,19022304,-0.01641100697942821,7.2507,3250.60107421875,-0.0006225438640473646,0.2753136740440919,0.26544528901586945
2025-02-05,92.78540273107816,94.10467705263561,92.41456644228201,92.8083724975586,43605270,0.030236650118508734,7.272,3229.488037109375,-0.006495117865070288,0.29775225707224134,0.24504196342290868
2025-02-06,92.81166270278632,102.08922576904297,92.69352388090266,102.08922576904297,114437604,0.1000001726323616,7.2883,3270.658935546875,0.012748428842099369,0.46181126002794964,0.3211022243539895
2025-02-07,105.01656033052845,108.29833042289087,103.04749977738499,107.2809829711914,146122578,0.05085509428677404,7.2943,3303.6669921875,0.010092173256550874,0.45516299984593633,0.3334867753882111
2025-02-10,107.28425866181523,108.95467455325559,105.53507855049654,108.34098815917969,81813420,0.009880643881431617,7.3045,3322.169921875,0.005600724810114199,0.45325820310784654,0.33385864148241945
2025-02-11,111.35037001269832,111.67854926719549,106.98890069534409,108.26551055908203,84109068,-0.0006966670821458854,7.3072,3318.056884765625,-0.0012380574161160451,0.45402427718251404,0.332519965551186
2025-02-12,107.4778734121136,113.85763216079584,105.88622182673444,113.23737335205078,83807166,0.045922868393582617,7.3088,3346.385009765625,0.008537564599951475,0.4713925480710651,0.34451274835195805
2025-02-13,111.97390432212681,113.66401509636452,111.41600484501842,112.00672149658203,59951955,-0.010867894750990925,7.2888,3332.48291015625,-0.004154363460511901,0.46628195225074043,0.3455710898069004
2025-02-14,112.07891559144483,118.01235660365849,112.07891559144483,116.84732818603516,73093383,0.043217108980382335,7.253,3346.72412109375,0.0042734535544346475,0.4765540065008675,0.35549765707804065
2025-02-17,116.84732863800103,117.74981216426411,113.05688881405275,114.36959075927734,69604527,-0.02120491298536975,7.253,3355.830078125,0.002720856784655945,0.48402075921908816,0.3560136544717067
2025-02-18,115.32131008407997,119.28569090603646,114.48117838972358,116.90312194824219,75539214,0.02215214002380561,7.2786,3324.490966796875,-0.009338706251073026,0.48186068887114786,0.3558587597215697
2025-02-19,116.01703581150629,118.14362466085905,115.8463850108859,117.65135955810547,48575346,0.006400492967113092,7.2833,3351.5390625,0.008136011188860426,0.47447661433213256,0.3554850427615473
2025-02-20,119.28568934119416,120.65746075240195,117.5529139886305,119.05596160888672,47081151,0.011938680998306195,7.2555,3350.782958984375,-0.00022559889696194269,0.46902991181018816,0.35562234423512257
2025-02-21,120.11268647819273,126.84030462034792,119.85998898703161,125.69168853759766,71787735,0.05573620034677562,7.2501,3379.113037109375,0.008454763699045076,0.48367582313327784,0.37097570482719766
2025-02-24,126.34803995094124,127.5491680217167,122.56744750984753,123.48634338378906,59822241,-0.017545672108215116,7.2476,3373.028076171875,-0.0018007568467449664,0.49944939800378846,0.37283565397821544
2025-02-25,121.42539931670235,124.70716179055265,121.03486818519941,122.2425537109375,48330756,-0.010072285232269995,7.2512,3346.0400390625,-0.008001130290028358,0.5054112971126693,0.3685183324382937
2025-02-26,122.24254921125284,123.3288134064086,119.78450615920217,122.11456298828125,41558688,-0.0010470226510393976,7.2595,3380.214111328125,0.01021328850422254,0.5074508375298448,0.3679983647115064
2025-02-27,125.36351573134172,126.01658423152436,121.75684909400967,123.23036193847656,50533842,0.009137312724137425,7.2853,3388.06201171875,0.0023217169481437594,0.4984266544551766,0.36726351698296855
2025-02-28,121.78638294797032,122.99079346428559,117.81872743686583,118.74090576171875,71791287,-0.03643141273089179,7.2828,3320.89697265625,-0.019824028848996034,0.5175027639618023,0.3768852869430386
2025-03-03,121.09722124704096,121.42540050217788,117.41836266868586,118.2125473022461,45623466,-0.004449675165295819,7.2843,3316.925048828125,-0.0011960394618770742,0.5211328373868961,0.37305149966557716
2025-03-04,111.58993532370138,114.20550687697548,110.93358433969253,113.16846466064453,79035990,-0.04266960451080415,7.2651,3324.2099609375,0.0021962848126304557,0.5486241681707055,0.3854761927756729
2025-03-05,113.87732814093408,116.56509899054849,113.87732814093408,116.16143798828125,41720658,0.02644706134886321,7.2506,3341.965087890625,0.005341156894950627,0.5471185268134509,0.3851973132300976
2025-03-06,118.20269124472352,118.85576723862107,117.15909165546425,117.79247283935547,34380297,0.014041104167794138,7.2468,3381.097900390625,0.011709521634978959,0.4375016145936768,0.3856782394349929
2025-03-07,117.78263321503155,118.47180889476485,116.58150511185238,116.96219635009766,26275239,-0.00704863790736554,7.234,3372.5458984375,-0.0025293565004838037,0.408801098792978,0.3853450765788209
2025-03-10,116.79809694312927,117.28707957286268,114.53368199862038,115.19003295898438,29752980,-0.015151591252687724,7.2591,3366.1630859375,-0.0018925798765132562,0.4141679929819078,0.38496022253642187
2025-03-11,113.22097222062543,115.44273009212054,113.1815901115322,114.98656463623047,28610991,-0.001766370904905945,7.2278,3379.827880859375,0.004059457184044657,0.4143253737696179,0.3840581254475933
2025-03-12,116.32224418692346,118.10424143846274,115.19003295898438,115.19003295898438,38853168,0.001769496492025846,7.2372,3371.924072265625,-0.002338523993636099,0.3825593528321307,0.38402682933442406
2025-03-13,115.47555213051149,117.27724426275967,115.23270204034417,116.33865356445312,30663255,0.009971527709152994,7.2439,3358.72900390625,-0.003913216334823666,0.3810402605682831,0.38416151092671924
2025-03-14,117.15909765736752,123.78170695801956,116.70621465182104,123.37476348876953,67409154,0.06047955437629593,7.2377,3419.56201171875,0.018111913090264276,0.40956278558646203,0.4004928489325057
2025-03-17,125.46853572522204,125.69169100470192,123.38132892004802,124.7892074584961,39920661,0.01146461342440852,7.2327,3426.12890625,0.0019203905379534536,0.4002297567564296,0.4005599921302392
2025-03-18,127.5130690912597,127.98892937319815,124.7104419180637,126.2069320678711,52001634,0.011360955312153198,7.2273,3429.759033203125,0.0010595418480907615,0.39578557816725035,0.39566120591074894
2025-03-19,126.19381356212982,130.9425318470126,125.54074499160377,130.30914306640625,56505450,0.03250384849169041,7.23,3426.428955078125,-0.00097093646893609,0.40841773496304434,0.3986565079530496
2025-03-20,131.27068523526836,132.3864840993008,129.95470838347129,131.2674102783203,47823852,0.007353798738632733,7.2477,3408.947998046875,-0.005101800521893907,0.4077729033018865,0.39599479418786937
2025-03-21,128.97673555451348,129.07519458696592,121.42539797714703,122.08174896240234,84632028,-0.06997670858625171,7.2486,3364.8310546875,-0.012941512567704594,0.4437303196280148,0.4255709536737958
2025-03-24,123.72262234364933,124.21488742924923,120.72309229660992,123.18441772460938,44368215,0.009032216294236006,7.2531,3370.028076171875,0.0015445118640162736,0.44066944939576197,0.42563267475597
2025-03-25,124.04424535817168,124.57589258937274,121.09065463685668,121.29084014892578,36925608,-0.015371892083923089,7.2569,3369.97607421875,-1.5430718068087934e-05,0.4427122969646228,0.42501071983759786
2025-03-26,121.29084145931246,124.37899088958297,120.76904162806194,123.39773559570312,36061452,0.017370606421642565,7.2675,3368.697021484375,-0.00037954356535652156,0.44695108424599506,0.425711030884345
2025-03-27,123.42727794626101,128.40899861844886,123.42399547769271,126.8403091430664,43318311,0.02789819060085863,7.2645,3373.7490234375,0.0014996902128345813,0.4563965482920924,0.42580016825388495
2025-03-28,126.84030510287404,128.25146608750757,125.19942390536434,125.52760314941406,34481946,-0.010349280938535932,7.2628,3351.306884765625,-0.0066519881935405145,0.4363367976823091,0.4260485933509758
2025-03-31,124.70715319058053,125.78357745723133,122.73809283751153,123.03345489501953,34735173,-0.019869321104026616,7.2567,3335.74609375,-0.004643200861837338,0.4432744715095945,0.42877244072992354
2025-04-01,123.97532575651219,124.00814292969821,119.57447447880513,119.94860076904297,46221597,-0.025073295134309337,7.2697,3348.43505859375,0.003803936057221069,0.42351928339266864,0.43316215673295055
2025-04-02,119.78450402622082,120.00438433834789,117.77606153591495,118.30770874023438,35130123,-0.013679959735154235,7.2675,3350.126953125,0.0005052791831539061,0.4182940725591519,0.43437781205783815
2025-04-03,116.66682836262832,118.64573616208922,116.25988490795336,117.32646179199219,30306966,-0.008294023768110392,7.2813,3342.008056640625,-0.0024234593488470235,0.41674451886131914,0.4343923719686458
2025-04-07,109.3944418165594,110.82529017799015,105.59415435791016,105.59415435791016,82049520,-0.09999711279866441,7.3081,3096.575927734375,-0.07343852101689952,0.54793713920348,0.4755811565601398
2025-04-08,105.59414926122285,110.22800325821768,104.36020400960784,107.48116302490234,82393053,0.01787038949709463,7.3388,3145.549072265625,0.015815257133733995,0.551959001892437,0.4764081580125327
2025-04-09,104.95092194358946,107.64197526877795,102.9359144182216,106.52616882324219,63581568,-0.00888522392932134,7.3499,3186.81005859375,0.013117260414699627,0.5523493419379925,0.47708862920437883
2025-04-10,109.77511733256041,113.89701880702673,109.61103146963485,110.39865112304688,63268734,0.03635240375752424,7.314,3223.637939453125,0.011556346372154414,0.5698572220714381,0.4816635621220037
2025-04-11,110.5955614216262,117.3395917762115,110.3986508751883,116.49617767333984,56983479,0.05523189358080893,7.2915,3238.22705078125,0.0045256668404267675,0.6035820497609685,0.4908131871047
2025-04-14,119.19378873070869,119.35787459384103,116.6996460542505,117.81544494628906,42620751,0.011324554155317523,7.3119,3262.80810546875,0.0075908990636002205,0.562940181777281,0.4908932202320522
2025-04-15,119.65324137309528,119.78451006877305,117.2673975257148,118.13378143310547,34954671,0.0027019928241287516,7.315,3267.662109375,0.0014876767953697634,0.5610813099315659,0.4895282688577212
2025-04-16,117.03439164447747,117.15909539969275,114.23832193238783,115.56743621826172,39548379,-0.021724058806133928,7.3053,3276.00390625,0.0025528333700926,0.5628223612587262,0.49258639071280386
2025-04-17,114.84217272676831,115.99407131684606,113.76903084807053,114.75684356689453,25586592,-0.007014022962630206,7.299,3280.341064453125,0.001323917286804921,0.5462709172144032,0.4881748409166184
2025-04-18,114.17269000096717,114.17269000096717,112.89279769187544,113.54915618896484,22158039,-0.010523881107148969,7.2996,3276.72998046875,-0.0011008257719009595,0.5442632396184233,0.4886896799403141
2025-04-21,113.54915192890212,114.819196784819,113.29973691118467,114.45491790771484,22486023,0.007976824744013511,7.2914,3291.43408203125,0.004487431570542988,0.4917711895969143,0.4881688587718944
2025-04-22,114.45492077904593,117.13612665324499,113.8051272270511,116.45023345947266,33636618,0.017433200671784554,7.3118,3299.757080078125,0.0025286844091187977,0.4953322693664534,0.48849626156677417
2025-04-23,123.7226320347146,124.05081128794349,120.51635130194288,122.0784683227539,74378067,0.04833167522364823,7.286,3296.35498046875,-0.0010310151707575432,0.523879829160824,0.49433122440056126
2025-04-24,122.23927502579545,122.9350081082151,119.24301980420199,120.11268615722656,45267633,-0.016102611644259524,7.2879,3297.2880859375,0.00028307190041076957,0.5233569047803613,0.4962076411824822
2025-04-25,121.42539201273966,123.16472466720968,120.80185072043736,121.6977767944336,40160826,0.01319669626847042,7.2864,3295.06005859375,-0.0006757150984932903,0.515195575425521,0.4952331679245155
2025-04-28,120.48352004273038,120.48352004273038,117.0146945943629,118.14362335205078,53934960,-0.02920475242852072,7.2942,3288.4150390625,-0.0020166611269859525,0.5237412690533559,0.4977662053150907
2025-04-29,117.84826572361129,118.35037824493479,115.8463880866868,116.50274658203125,35694921,-0.013888830589950274,7.269,3286.655029296875,-0.0005352152160594814,0.5215358939951003,0.49921800867727517
2025-04-30,116.46992977519285,116.47976966935423,114.63213800063204,115.87592315673828,39143841,-0.0053803317405192175,7.2706,3279.031005859375,-0.002319690800993812,0.5147200265162888,0.4977537801699016
2025-05-06,118.14363066777594,118.89843319097841,116.80466891929822,118.13050079345703,44488059,0.019456825674382117,7.2164,3316.114013671875,0.011309136066794068,0.5175078174876859,0.4958772687122524
2025-05-07,119.78450670682463,120.00766949230909,117.53321408683702,117.8810806274414,32651970,-0.0021113951463874736,7.225,3342.6650390625,0.008006668432134267,0.5165879104023481,0.45430374463168954
2025-05-08,117.00156749427438,118.79341970183592,116.73246517197946,117.90734100341797,25014507,0.00022277006485516004,7.234,3351.99609375,0.0027915015649060404,0.35437170385551114,0.4431448022035653
2025-05-09,118.38975858391952,120.11268646351917,117.91389830634733,119.20035552978516,43117848,0.010966361512042777,7.2364,3341.9990234375,-0.002982423019865732,0.35208322955087873,0.44323323403136067
2025-05-12,119.78451284174368,121.51728820800781,118.33397719591187,121.51728820800781,48411051,0.019437296708764595,7.2018,3369.2451171875,0.008152633665935438,0.3511751398292001,0.4446321289535023
2025-05-13,123.39445555290081,123.58479365359375,120.122533086072,120.27677154541016,39531321,-0.010208561110038872,7.2057,3374.87109375,0.0016698032843618371,0.33790836762752857,0.4359149414979919
2025-05-14,120.2767779383935,122.4427490234375,119.24630813784967,122.4427490234375,40707921,0.01800827749362721,7.208,3403.947998046875,0.008615708123111077,0.2855760054121557,0.43646587272917453
2025-05-15,122.40993003891695,126.34804352063446,121.18910712287374,123.65699768066406,62640411,0.00991686863379826,7.2067,3380.821044921875,-0.0067941558267839985,0.28505178188826613,0.4282475616029106
2025-05-16,123.0761333930381,128.31383422418898,122.60027308115781,127.71654510498047,68798382,0.032829095809037145,7.209,3367.4619140625,-0.003951445723352043,0.3046189181770724,0.43042700536900474
2025-05-19,127.33256652230453,127.33256652230453,123.72262498787593,125.62933349609375,48411843,-0.0163425310884433,7.2144,3367.5830078125,3.595994641969469e-05,0.2991218542553074,0.4300381046826913
2025-05-20,125.85577792812744,129.56417846679688,125.19941946331544,129.56417846679688,51629973,0.03132106858487371,7.2194,3380.47802734375,0.0038291615978982563,0.31053934894565627,0.4342467146818349
2025-05-21,129.28195069106874,132.58340789238352,128.3203902394727,131.27069091796875,59843658,0.013171174867667501,7.2019,3387.573974609375,0.002099095810778273,0.3048859331567653,0.4343747463392306
2025-05-22,131.26413325305933,133.09536016357993,130.61435468951186,130.87689208984375,43908840,-0.0029998991044473122,7.2037,3380.18896484375,-0.0021800290771440967,0.3071166134549109,0.4197741698827138
2025-05-23,136.53794485143283,136.55763966381136,132.79672670474068,132.91159057617188,70672254,0.015546659565627285,7.1798,3348.3720703125,-0.009412756169009273,0.3063306651891453,0.4189994847074241
2025-05-26,131.86469158338838,132.25522270962216,124.70716010796376,125.03533935546875,92865189,-0.059259325590488854,7.1798,3346.839111328125,-0.0004578221751300182,0.34811839234826925,0.4365956160394467
2025-05-27,123.35506947957654,125.03533271574591,121.05782989177048,122.21629333496094,69082632,-0.022545994076869857,7.195,3340.68701171875,-0.0018381820591709674,0.3531373338470214,0.43919011477369
2025-05-28,122.2162995959023,122.39351533763109,118.82295577785723,119.08877563476562,53326164,-0.025590022531804757,7.1941,3339.931884765625,-0.00022603941957932694,0.36224630799855284,0.4419956890851101
2025-05-29,118.0090778483793,120.11268949633065,116.52900001718577,118.51446533203125,57618339,-0.0048225393171874575,7.1855,3363.446044921875,0.0070403112900310205,0.34693346719924306,0.435624408762637
2025-05-30,117.16566334402174,117.74981504792916,115.28848945114399,115.61666870117188,57167973,-0.02445099526661898,7.1991,3347.487060546875,-0.0047448313907383355,0.3546378870288251,0.4384837784523359
2025-06-03,115.27208284534497,117.48399337987694,114.53368517767665,116.83091735839844,54567810,0.010502366750982706,7.1872,3361.97607421875,0.004328325519952214,0.35600484311693475,0.4298326985715112
2025-06-04,117.9795409783219,119.56135277093037,117.53649787083087,118.31427764892578,44071230,0.012696641643041184,7.1844,3376.202880859375,0.0042316799187605,0.3520556818903285,0.42725775983232767
2025-06-05,118.92797505334087,119.04283140780957,116.84076821367816,118.38976287841797,32583825,0.0006380060884636496,7.175,3384.09912109375,0.0023387931688410024,0.3519396749495319,0.4263479839524586
2025-06-06,118.47180992342078,118.92469293961622,117.32318628434868,118.13050079345703,26909304,-0.0021899028991821945,7.1886,3385.35791015625,0.0003719716880199453,0.35206468063711244,0.42609943262092476
2025-06-09,116.87029599589319,116.96546504467409,113.25707198553215,114.25144958496094,76527402,-0.03283699961010367,7.1802,3399.77197265625,0.004257766204500024,0.36846730855862225,0.43039851547084584
2025-06-10,114.73058983264157,116.50274726453598,114.28098929331435,115.88905334472656,51535764,0.014333330261581123,7.187,3384.81591796875,-0.004399134650143854,0.36498370470628866,0.43134300122489927
2025-06-11,116.17785294287532,120.10612657013588,116.17785294287532,118.79669952392578,60932022,0.025089912250383595,7.1928,3402.31591796875,0.005170148221975257,0.3759433274859209,0.434273983536319
2025-06-12,118.10753154994589,118.10753154994589,115.8496738847186,115.92515563964844,43214088,-0.024171916356135914,7.1726,3402.657958984375,0.00010053182122748971,0.37843223670840226,0.4368533832503139
2025-06-13,114.69777229181693,114.83232345519569,112.06907836905935,113.54915618896484,63071961,-0.020495978095292355,7.181,3376.99609375,-0.007541711668849205,0.3806332941445715,0.4204356690059217
2025-06-16,113.54587258174165,113.8904566580046,111.84263198854265,113.0339126586914,30685215,-0.004537625355982233,7.179,3388.72900390625,0.003474362963571398,0.35495154429809467,0.4196827705259747
2025-06-17,112.89279387323558,113.68042103855325,112.3677116001469,112.8074722290039,21013590,-0.0020032963945186832,7.1845,3387.405029296875,-0.0003906994651531326,0.3529720432644514,0.4188540231486031
2025-06-18,112.50554969703616,114.599321447147,112.22659996310587,113.86092376708984,30869091,0.009338490769010388,7.1888,3388.80908203125,0.00041449213254152184,0.33079090412366535,0.4134727498839467
2025-06-19,112.90264995963545,113.31615087310557,111.69495688298602,111.74418640136719,30114363,-0.01859055148764277,7.1888,3362.10791015625,-0.007879219875967514,0.32525097136791603,0.41440871841352506
2025-06-20,111.58993298043546,112.55477589224154,111.51445122925611,111.6621322631836,22061448,-0.0007343034194984277,7.1785,3359.89501953125,-0.0006581854848606294,0.32579502123093057,0.38969703420898955
2025-06-23,110.5463366498219,111.48491984210679,109.47975971901886,110.98937225341797,28378002,-0.006024961158541675,7.179,3381.58203125,0.00645466944433748,0.31416732526719526,0.3892324682155089
2025-06-24,111.98375054430313,113.6147918895567,111.98375054430313,112.6893310546875,43413777,0.015316410632435051,7.1713,3420.56591796875,0.011528298399533288,0.2625315900537111,0.3896201212672595
2025-06-25,113.54586717915885,114.77324743277228,112.57117689520209,114.62228393554688,37721481,0.01715293597688783,7.1764,3455.97412109375,0.01035156286244776,0.26525509441648853,0.3895767203122516
2025-06-26,112.99452725493387,112.99452725493387,110.53976670245615,110.73995971679688,61479642,-0.03387058855792002,7.1675,3448.452880859375,-0.002176301086419752,0.2759909712786747,0.3906210075424937
2025-06-27,109.61103211051622,110.5036682236936,109.42725143614345,109.68978881835938,41585247,-0.009483215463715,7.1721,3424.22705078125,-0.007025130084447495,0.2767856761736187,0.39054555734289237
2025-06-30,109.68979028154331,109.68979028154331,107.8355937051169,108.92514038085938,43201032,-0.006971008384073163,7.1636,3444.426025390625,0.005898842077299404,0.26616892442839435,0.38890788602553295
2025-07-01,108.3967736565788,109.39771619983333,107.90122608754955,108.73807525634766,26555412,-0.0017173732699140576,7.1647,3457.7470703125,0.003867420819515077,0.2615374009116257,0.3858530667858347
2025-07-02,108.95467622593097,109.56508767230498,107.94717622836566,108.51492309570312,27981033,-0.002052198920373116,7.1649,3454.7919921875,-0.0008546252993377745,0.2546062971539733,0.3849994220471554
2025-07-03,108.61993910508164,110.02125269093172,108.5182051163341,109.79480743408203,37049343,0.011794546794730909,7.1684,3461.15087890625,0.001840599009471422,0.2604258783236524,0.3856067392149373
2025-07-04,109.13517292953733,109.93592246922043,108.22284199674893,108.62650299072266,31231065,-0.010640798692240439,7.1684,3472.319091796875,0.003226733904808654,0.2615302346252422,0.32636838895279235
2025-07-07,108.03577968586946,108.45912798242576,107.78637217289321,107.8355941772461,26462316,-0.007280993051429707,7.1744,3473.126953125,0.0002326575717173096,0.23898934796841148,0.32477646616766986
2025-07-08,107.3137961734693,108.22612712871077,106.89373033828963,107.2744140625,35075442,-0.005204034150576464,7.1738,3497.47509765625,0.007010438967496535,0.23034256397157435,0.32442113016138774
2025-07-09,107.28097168054407,107.71088489197858,106.91341034415312,106.91997528076172,36489933,-0.0033040383845096555,7.18,3493.050048828125,-0.0012652123902441303,0.20369320169246746,0.31567138845860854
2025-07-10,106.9232670465838,107.015153632987,104.63915714716546,105.42021942138672,63006618,-0.014026900543483878,7.1748,3509.681884765625,0.00476140785417023,0.19410102735397317,0.29481725359254096
2025-07-11,104.98373646949513,107.26456379678214,104.69493933766726,106.29972839355469,50480949,0.008342886943276007,7.1681,3510.177001953125,0.0001410718132743849,0.18985577181511837,0.2943264738829063
2025-07-14,106.29972600965291,106.29972600965291,104.21580176732702,104.52100372314453,51692742,-0.016733106446187418,7.167,3519.64990234375,0.0026986959305339564,0.19581598413983317,0.2958204474918202
2025-07-15,104.42583504951614,106.65744033089666,104.3602007046769,106.01749420166016,48837282,0.014317605315765425,7.1729,3504.9990234375,-0.004162595517381962,0.20613834995740296,0.29470650130364934
2025-07-16,106.02078312347005,106.9560838614144,106.02078312347005,106.23738098144531,33227505,0.002074061280555206,7.1791,3503.777099609375,-0.0003486231579392651,0.20193256296134743,0.294537935571535
2025-07-17,106.65744898103404,107.87826441906691,106.36208689393371,107.6485366821289,47067405,0.013283043008468498,7.1832,3516.824951171875,0.0037239388213237135,0.2017884522758487,0.29532952864175405
2025-07-18,108.012813411279,108.13424221459108,106.73948601195539,108.0062484741211,41059947,0.0033229600979014506,7.1776,3534.48291015625,0.005020994570255954,0.2025818530505958,0.2948980012623175
2025-07-21,107.63869602545601,109.65042114257812,107.39912088427894,109.65042114257812,46183509,0.015222940262118012,7.176,3559.791015625,0.007160341728072339,0.2102988741130902,0.29434872767459325
2025-07-22,109.93920650156164,112.23972867694255,109.3517723343905,112.13471221923828,64249251,0.022656466347993787,7.1748,3581.861083984375,0.006199821355383772,0.2190626291340811,0.280404802092643
2025-07-23,112.26598323852222,112.56462778671865,110.59556728614263,110.94671630859375,47672205,-0.010594363575141985,7.1599,3582.298095703125,0.00012200688650487734,0.21201295496448838,0.2793848682068681
2025-07-24,110.94999764689514,113.72637262396927,110.80231660858244,112.47273254394531,56718981,0.013754496627975898,7.1541,3605.72705078125,0.006540202532622219,0.18079933806992238,0.27950967951716105
2025-07-25,111.9082644406263,112.0395406433268,109.93920402518202,110.90076446533203,47112228,-0.013976437159994193,7.1679,3593.655029296875,-0.003348013123111837,0.1848592972623903,0.274684043322322
2025-07-28,110.9007677657369,111.28473395726581,110.11314057157168,110.59556579589844,35117010,-0.002751997886624169,7.1778,3597.93701171875,0.001191539640551742,0.18316231654294204,0.2733808201617086
2025-07-29,111.59316414055093,112.08133850888679,109.36149468329683,111.00535583496094,38735984,0.003705302614200212,7.1769,3609.7109375,0.003272410201429654,0.18317569011580728,0.27335336798154486
2025-07-30,107.64790382331581,110.74633082135311,106.72136443803453,108.29547882080078,52483427,-0.02441212852998831,7.1934,3615.717041015625,0.0016638738169392209,0.2042544441779209,0.2744094428784334
2025-07-31,107.79734190994957,107.79734190994957,104.60925341762302,104.84835815429688,59949943,-0.0318306978651246,7.2002,3573.2080078125,-0.011756736691758585,0.2280894624376825,0.28145379578010027
2025-08-01,104.55943761394427,105.84463793953867,103.97163687951877,105.40628051757812,36233692,0.0053212312820407615,7.2116,3559.951904296875,-0.003709860575326629,0.22729444298285773,0.28180363773665174
2025-08-04,103.61297029111655,104.74872724199669,102.18829164557361,104.48969268798828,41293694,-0.008695761059863916,7.178,3583.30908203125,0.006561093622130976,0.2278343160120596,0.2809054717662795
2025-08-05,104.48969456599411,104.81846832110593,103.39378964995706,104.46977233886719,33834986,-0.00019064415454428385,7.1835,3617.597900390625,0.009569037326787821,0.22744107385707593,0.27735406666245893
2025-08-06,104.46977413386875,104.60925252916077,103.51334759429386,103.961669921875,30561960,-0.0048636309395224675,7.1822,3633.9951171875,0.0045326255842597085,0.22769731783986855,0.2769244106885389
2025-08-07,103.8819659469024,106.03393136453388,103.7723822941735,104.93802642822266,42876298,0.0093915046486015,7.1806,3639.6669921875,0.0015607822292258433,0.2255049882467931,0.27478340544271196
2025-08-08,104.60925358270654,104.63914072471262,103.52331355113871,103.5432357788086,32661461,-0.01329156547810717,7.1839,3635.1279296875,-0.001247109284927217,0.2277846993059215,0.27444938995408485
2025-08-11,103.4934154544676,105.26679769972226,102.8458404626468,105.12731170654297,35669790,0.015298690598372966,7.1884,3647.547119140625,0.0034164380713259668,0.22721799643676877,0.2669771108596336
2025-08-12,105.0077644130255,106.03393013974566,104.31036484269941,105.2767562866211,31219504,0.0014215580865921673,7.1785,3665.91796875,0.005036494117642398,0.22126470953658803,0.26569222241588986
2025-08-13,105.89445037022116,107.24938983673599,105.44612045204951,106.43244171142578,45983014,0.010977593398283192,7.1744,3683.465087890625,0.004786555315804852,0.22473903086901934,0.2576830675287381
2025-08-14,106.97043785785495,107.0999513417212,105.39631581854529,105.97415924072266,41954793,-0.004305853209171762,7.1795,3666.443115234375,-0.004621184740479789,0.21976278539457864,0.2554370186157078
2025-08-15,105.45608757389395,106.24314857467117,104.92806113563894,105.6752700805664,36135346,-0.0028203966164743743,7.1817,3696.77099609375,0.008271744550831794,0.21935572296955824,0.2554385820499136
2025-08-18,105.26679889945949,109.08254010179334,105.26679889945949,107.96671295166016,61925173,0.021683813718637923,7.1847,3728.027099609375,0.008454974232553925,0.22676660411600782,0.25768566982402613
2025-08-19,108.26559231336738,108.51466196032057,106.7811393458071,107.22946166992188,38973519,-0.006828505393772333,7.1819,3727.2880859375,-0.000198231840093821,0.21006664599522334,0.22999262714758725
2025-08-20,106.78114252272019,107.85712525381075,105.61549836454007,107.84716033935547,38505345,0.005760531292556603,7.1757,3766.2099609375,0.010442411239111493,0.2093680586352661,0.22672320672217233
2025-08-21,107.39883082060105,108.42499651180255,106.60180493953081,106.70143127441406,44946378,-0.01062363683323897,7.1793,3771.09912109375,0.0012981645226792793,0.2038793727893493,0.22209431760739942
2025-08-22,106.71139981734235,110.55703576243825,106.71139981734235,110.2481918334961,76312005,0.03324004670528269,7.1651,3825.759033203125,0.014494424663523908,0.2352610446138955,0.23325065912388623
2025-08-25,110.8957697483954,112.07137881331273,109.89949113748249,111.19465637207031,61162758,0.008584853164790518,7.151,3883.56201171875,0.015108891598755392,0.23705890851269262,0.22890880233409044
2025-08-26,111.3341334751674,114.26319498951946,110.29800281974353,113.32669067382812,69291585,0.019173891725729808,7.152,3868.382080078125,-0.003908765096274802,0.24612571416575693,0.23137321100643607
2025-08-27,113.53590466867703,113.63553100525158,110.24818995570317,110.26811218261719,68974693,-0.026989039148897387,7.1536,3800.35009765625,-0.01758667603498487,0.24981759225842587,0.23602449473272377
2025-08-28,108.98291668898973,109.77994261848168,106.71140267124102,108.91317749023438,76252199,-0.012287638425684477,7.1306,3843.596923828125,0.011379695307162985,0.22403308159519197,0.23711036261441537
2025-08-29,108.47481267322371,116.15611986918476,107.7176463998831,113.63553619384766,114490194,0.043358928758062465,7.1304,3857.927001953125,0.0037282988848705845,0.26790787241390224,0.25412759308618516
2025-09-01,108.09622443718088,111.06513790902093,108.09622443718088,109.29175567626953,132986738,-0.03822554689378321,7.1304,3875.531005859375,0.004563073354508118,0.3043488008902833,0.2572748554826035
2025-09-02,108.3851467981172,110.68654786792584,108.1958514370499,109.61056518554688,77322410,0.0029170499394453042,7.139,3858.133056640625,-0.00448917817776362,0.3041946785671388,0.2555003276751156
2025-09-03,110.08878502478149,110.31793244664972,106.6117748477546,106.81102752685547,73522327,-0.02554076474245337,7.1415,3813.556884765625,-0.01155381922307619,0.3193797874700446,0.25465509596476144
2025-09-04,106.19333404143197,106.6914733494811,103.32405436342994,103.61297607421875,81574074,-0.029941210441334243,7.1414,3765.8759765625,-0.012503001697339422,0.33661481756533035,0.257097746816443
2025-09-05,103.47349123952388,107.09994456845945,102.72628232392998,106.86083984375,78752385,0.03134611023241707,7.1323,3812.513916015625,0.012384353532453929,0.35096530018251965,0.262833075651409
2025-09-08,105.75497266134248,106.73132141201921,105.11735497898148,105.85459899902344,55592345,-0.009416366614728777,7.1293,3826.841064453125,0.0037579268569525315,0.3493279103806186,0.2633130795911452
2025-09-09,105.6055315823599,106.80106286175919,104.87824486004028,105.09742736816406,38163622,-0.007152940335321323,7.1209,3807.2919921875,-0.005108409765749888,0.3503764420235798,0.2636117416046103
2025-09-10,105.12731103463288,106.05385040588808,104.6291717511839,104.80850219726562,32236895,-0.002749117444010407,7.1207,3812.220947265625,0.0012946091574377316,0.3481287416798349,0.26274092314224695
2025-09-11,104.85831922550227,106.20329377137715,104.49965833313533,106.19332885742188,53778149,0.013212922912969383,7.1184,3875.30908203125,0.01654891876371334,0.3511566574476446,0.26185597564753305
2025-09-12,106.20329619920781,107.17965256208247,105.50590422644194,105.515869140625,45591018,-0.00637949411781269,7.1242,3870.597900390625,-0.001215691843127975,0.351807502415682,0.26211320016875067
2025-09-15,105.60552968985633,110.43747929225778,105.60552968985633,108.29547882080078,97480407,0.026343048707406114,7.1186,3860.50390625,-0.0026078643146079106,0.3559530456548699,0.26769652483451983
2025-09-16,108.59436548705473,108.59436548705473,106.82099082645404,107.39883422851562,53316021,-0.008279612427485095,7.1142,3861.864990234375,0.00035256640517089544,0.3563803686737837,0.266192150432321
2025-09-17,107.79733954636598,111.58320119887149,107.79733954636598,110.57695770263672,98123971,0.02959178744304536,7.1033,3876.341064453125,0.00374846719275701,0.37094965658409257,0.27092649614686903
2025-09-18,110.57695500336744,112.38022436169018,108.15599780384213,109.30171966552734,93401380,-0.011532583854755196,7.1125,3831.656005859375,-0.011527638525805073,0.3713577679128316,0.26290809917453256
2025-09-19,109.3913931190686,110.38767171723497,108.5943672001345,108.68402862548828,47297748,-0.005651247225837319,7.1142,3820.089111328125,-0.0030187716521425934,0.3523956350643655,0.26243978795779394
2025-09-22,108.46484950379426,108.50470155829255,106.75124916537813,107.58811950683594,49155923,-0.01008344218108359,7.114,3828.575927734375,0.0022216278623143904,0.35225630497077287,0.2628690837848674
2025-09-23,107.05012983461002,107.28924216531216,104.2505894714093,105.20701599121094,65096262,-0.022131658463216408,7.1116,3821.8330078125,-0.0017612083576634685,0.3507475756751056,0.26671620512772165
2025-09-24,104.6092477558386,105.43616077662526,103.61296920578299,105.31660461425781,54816227,0.0010416474796322017,7.1315,3853.64208984375,0.008322991079470654,0.339769655442834,0.26671028199454555
2025-09-25,104.94797973292339,108.39511023516832,104.47973519514076,107.09994506835938,69348204,0.016933136618232147,7.1338,3853.302001953125,-8.825103180221117e-05,0.3439306475989725,0.26791567041258546
2025-09-26,107.05013243486107,110.81607192437036,106.60181010565883,106.89073181152344,75661207,-0.001953439441097715,7.1328,3828.10595703125,-0.006538819150199937,0.30216060112759896,0.26707017178957204
2025-09-29,106.60180903964883,108.73384461236161,105.99407849218372,108.20581817626953,61398368,0.01230309066519375,7.1194,3862.531982421875,0.00899296565378327,0.27586065110518,0.2678449652181775
2025-09-30,107.78738044531507,109.57071998987142,107.35898035806407,108.80358123779297,56775550,0.00552431534272646,7.119,3882.777099609375,0.00524141088789265,0.2764256320741144,0.2678233822745681
2025-10-09,108.26558996120544,112.06141646698596,107.66782434170524,110.18840789794922,100872197,0.012727767270175327,7.1275,3933.971923828125,0.01318510512073967,0.2629938564455966,0.2688957133652735
2025-10-10,110.13860127878165,110.13860127878165,107.17965264726178,107.38887023925781,59010253,-0.025406825564484037,7.134,3897.028076171875,-0.00939097898296648,0.25616498286403777,0.2725341987642358
2025-10-13,104.60924962102072,105.58560596192457,103.71259738978294,105.29668426513672,74442980,-0.01948233526863441,7.134,3889.501953125,-0.0019312468116134962,0.24184789642265633,0.27504797729718455
2025-10-14,106.28300045642644,108.95302738596706,105.22694758164627,105.59556579589844,76778627,0.0028384704879134137,7.1384,3865.22900390625,-0.006240631708450017,0.2398447384840616,0.27288161504035274
2025-10-15,106.05384869616975,107.10990912873814,105.1073871132757,106.70143127441406,47579133,0.010472650723356125,7.1262,3912.208984375,0.012154514110618297,0.2410440431646099,0.2721517464216424
2025-10-16,106.60181036917183,108.89325419320923,106.11363598267782,106.56195831298828,52309638,-0.0013071329949368993,7.123,3916.22802734375,0.001027307841887204,0.24081136496529076,0.2721432528808452
2025-10-17,106.2032969381621,106.23318407991681,103.8720086692646,104.04137420654297,62572494,-0.023653695430802646,7.1264,3839.7548828125,-0.019527245093314716,0.2512216532293576,0.275068249489162
2025-10-20,104.82843442446615,105.23690469372217,103.69267744028757,104.13103485107422,35561452,0.0008617787415345912,7.1195,3863.89306640625,0.006286386587278647,0.2504422288352314,0.27497141990613017
2025-10-21,104.30040850749188,104.67899163710257,103.85207857929247,104.37014770507812,29907419,0.002296268872636009,7.1218,3916.33203125,0.013571536256960393,0.22990837509860276,0.273091856539674
2025-10-22,103.7126000445532,103.9317825512443,102.98532092798999,103.39379119873047,35787419,-0.009354748726681628,7.1257,3913.758056640625,-0.0006572411605645367,0.23034496199315865,0.2692627759498667
2025-10-23,102.91558250794888,103.34398261035342,101.62041728644611,103.30413055419922,37860342,-0.0008671762926162341,7.1221,3922.409912109375,0.0022106260385896803,0.19845997305694973,0.26855184209468785
2025-10-24,103.59305336028302,103.98160141065807,103.22442753769529,103.37387084960938,30554268,0.0006750968720807826,7.1211,3950.31201171875,0.007113509356386993,0.19648174494328505,0.26680459427229786
2025-10-27,103.61297514912381,104.57936661427124,103.49341897989852,103.62294006347656,34598784,0.0024094020260645443,7.1102,3996.945068359375,0.01180490465114814,0.19696456709377144,0.26558101699210407
2025-10-28,103.63289390412218,103.93178051666855,103.11483239017777,103.33401489257812,26541583,-0.00278823560421515,7.0988,3988.22412109375,-0.002181903207692737,0.19483561833296897,0.2655820524195015
2025-10-29,103.34398145409281,104.78858236875783,102.61669473917026,104.13103485107422,39734040,0.0077130454993414865,7.098,4016.3310546875,0.007047480969058828,0.182211762458897,0.2660115820548653
2025-10-30,103.6129743151328,104.46977451851122,103.11483501554082,103.22442626953125,35898945,-0.0087064205482984,7.1097,3986.90087890625,-0.00732762697609346,0.18442480798040872,0.26200631006119496
2025-10-31,100.62413457770404,100.94294341292004,99.62785601752876,100.4149169921875,63705259,-0.027217485036030054,7.1169,3954.7900390625,-0.008054085320666204,0.19401874066314187,0.2598240289204037
2025-11-03,100.41492119758529,100.61417387756421,98.1334422871148,99.2293472290039,55167021,-0.011806709587539044,7.1222,3976.52099609375,0.00549484468621797,0.19635407756912326,0.26053027105846344
2025-11-04,98.63158169825324,99.16957305600039,97.34638138824661,97.43605041503906,43501704,-0.01807224237630256,7.1295,3960.18603515625,-0.004107852304450654,0.19322429455572096,0.2624343747034891
2025-11-05,96.30028924426428,96.30028924426428,94.37747131970006,95.44348907470703,58721510,-0.020449939543367268,7.126,3969.248046875,0.002288279297564033,0.1961549975051606,0.26542489955122794
2025-11-06,95.22430637071673,97.3862290167195,95.0449759262878,97.1570816040039,40200367,0.017954001324863356,7.1195,4007.760009765625,0.009702584075325094,0.20366742724706258,0.2682455348205051
2025-11-07,96.63901942497283,97.78474127856211,96.46965389558196,96.83827209472656,32256073,-0.0032813821083753636,7.1219,3997.555908203125,-0.002546085977612411,0.1907165221036895,0.2674072015683709
2025-11-10,96.98771715034589,99.97655285668013,96.98771715034589,99.02012634277344,55487690,0.02253090850188455,7.1193,4018.596923828125,0.005263470007216942,0.20632917386246027,0.27054705515936706
2025-11-11,99.12971999712168,99.40867678698334,97.77478050264867,98.34265899658203,31985788,-0.006841713611294042,7.1193,4002.758056640625,-0.003941392353531192,0.20556358415101195,0.26878857178946025
2025-11-12,98.43232411267691,98.62161186913444,97.17701100715878,97.4061508178711,26064335,-0.009522908860370438,7.112,4000.139892578125,-0.0006540900113002346,0.19974472220059175,0.26930787751801855
2025-11-13,96.64899069970319,100.1260009424591,96.64899069970319,99.45849609375,57999022,0.0210699761631723,7.095,4029.5009765625,0.007340014292713137,0.21928407660485577,0.2720300377961714
2025-11-14,98.63158192315183,100.12599983107836,97.96407708185191,98.0039291381836,34298466,-0.01462486376423111,7.0992,3990.491943359375,-0.009680859597756664,0.21035805725275306,0.2733867486892277
2025-11-17,97.4360471838528,98.22310056525022,96.88809092996622,97.71500396728516,20724759,-0.0029480978307621086,7.1075,3972.034912109375,-0.004625252102241295,0.20988833326000753,0.2733901930550058
2025-11-18,97.17701598517597,97.48585992021877,95.66266824992842,96.13092041015625,30475645,-0.0162112622710352,7.1074,3939.81298828125,-0.00811219552222242,0.21383134008389437,0.2708856787974341
2025-11-19,96.04126008733655,96.30029465573611,94.65643341939685,94.81583404541016,34829235,-0.01368015992289573,7.1106,3946.741943359375,0.001758701516730632,0.21580549535944984,0.2717923717441256
2025-11-20,94.815834674763,95.14460844441365,93.15205119950447,93.26164245605469,39181087,-0.016391688213290623,7.1098,3931.051025390625,-0.00397566352042622,0.21959631893236778,0.2729132005011736
2025-11-21,92.1458010321818,94.03873179883999,91.35874006495541,92.35501861572266,45171313,-0.009721293947393628,7.1066,3834.89111328125,-0.024461629088068038,0.21912717254750816,0.27280152774479466
2025-11-24,92.75353131669566,94.05866138351172,91.8568791031203,93.5804443359375,32730213,0.013268642447181733,7.102,3836.764892578125,0.0004886134290451594,0.2275727403387034,0.26465005263265134
2025-11-25,93.65018540947206,95.02504709720775,93.35129879861539,93.5605239868164,27748887,-0.00021286871698944498,7.0845,3870.02294921875,0.00866825504605706,0.228085705024644,0.26367550937700357
2025-11-26,94.39739868044927,95.08483335645886,94.09851205583573,94.73612976074219,30657697,0.012565190144632421,7.0758,3864.18408203125,-0.0015087422643523807,0.23224491221815735,0.26166997723744
2025-11-27,94.24795373492624,94.80587491780318,93.86937060451179,93.9391098022461,20227996,-0.008413051710144615,7.0758,3875.260009765625,0.002866304373510209,0.23217869063579574,0.2570792894886466
2025-11-28,94.24795553842051,94.87561593104243,93.84944257188332,94.81583404541016,21935062,0.009332899204704814,7.0751,3888.595947265625,0.00344130134917231,0.22093277510236015,0.25739567590220414
2025-12-01,95.03501397954254,95.94163114385069,94.78594433233732,95.4135971069336,23371272,0.006304464518417374,7.0717,3914.006103515625,0.006534532410822358,0.22046358777766742,0.24001075941259134
2025-12-02,96.06117673951455,97.43604601421592,95.89181120889262,96.26043701171875,35921746,0.008875463565597208,7.07,3897.7119140625,-0.0041630465109621095,0.21487287873158004,0.2294944284704624
2025-12-03,96.2803607161804,96.29032563019409,94.53687321289546,94.69628143310547,23157284,-0.016249205043842307,7.0636,3878.0,-0.005057304002222818,0.2101710957773904,0.23109236910475756
2025-12-04,94.56675788034715,94.93538367918892,93.84943611016972,94.88556671142578,16614164,0.001998867066961063,7.0714,3875.79296875,-0.0005691158457967749,0.19912207128697343,0.22611677596478483
2025-12-05,94.93539094006165,95.8619303639043,94.35754751422371,95.6228256225586,21161847,0.007769979530975801,7.0696,3902.80810546875,0.0069702218195268895,0.2013733418844728,0.21922432599237057
2025-12-08,95.85195990078608,96.78846418493231,95.85195990078608,96.17076873779297,24780498,0.005730254378773614,7.071,3924.077880859375,0.00544986451186813,0.1839001202022381,0.20900734659303777
2025-12-09,95.85196075754052,96.30029067674649,95.34385655617467,95.6726303100586,16322702,-0.005179728042858156,7.0633,3909.52099609375,-0.0037096319715339554,0.18334103515277092,0.20851644200558628
2025-12-10,95.24422736131628,96.29032287374214,94.5468354203671,96.11099243164062,19840224,0.004581896830487153,7.064,3900.49609375,-0.002308441968406738,0.18179256902723104,0.20856835969395413
2025-12-11,96.61910380056366,96.75858219912251,95.49330409662089,95.87189483642578,25090767,-0.0024877237157331367,7.0579,3873.318115234375,-0.006967826107856845,0.16277391902073005,0.20856184581144718
2025-12-12,95.84199691806997,97.3364147968403,95.29404825645561,96.63902282714844,55462088,0.008001594127575284,7.0548,3889.345947265625,0.004138010758323762,0.1588689024511196,0.20727182373412395
2025-12-15,96.19070029423418,96.7984308383562,95.17449188232422,95.17449188232422,29330099,-0.015154653906670035,7.047,3867.9208984375,-0.005508650842229068,0.16691247728435918,0.20893019072874908
2025-12-16,95.14460203944846,95.34385471012497,93.78966259604212,93.89925384521484,25876771,-0.013398947679028383,7.0417,3824.81201171875,-0.011145234830465256,0.16384239552338564,0.20196031770488018
2025-12-17,94.14832549572834,95.34385674733666,93.33137736689545,94.85568237304688,27282500,0.010185688263387283,7.0431,3870.278076171875,0.011887137018452787,0.16146648343911912,0.2031649912487546
2025-12-18,94.03873839320894,94.24795599142098,93.15205102892824,93.18193817138672,25279734,-0.017645165368983196,7.0404,3876.37109375,0.0015743100258449605,0.16321331242309167,0.19469211276980866
2025-12-19,93.65018607933096,94.91545652553623,93.38119420843773,93.87933349609375,27206794,0.007484232871657337,7.0409,3890.447998046875,0.003631464572515064,0.1610226648938331,0.1949388281714406
2025-12-22,94.34758024769252,95.00512777125441,93.89925791872031,94.01881408691406,20623482,0.001485743300745801,7.0367,3917.364013671875,0.006918487443737353,0.15427799858004534,0.1949881139949506
2025-12-23,94.14832465540982,95.14460322319194,94.14832465540982,94.45716857910156,23661741,0.004662412480360256,7.028,3919.97900390625,0.0006675382285763476,0.15504065593414704,0.194828192355465
2025-12-24,94.44720948768376,94.44720948768376,93.70000057591729,94.06861877441406,19280995,-0.004113502559227267,7.0142,3940.947021484375,0.005349012726147295,0.14904591246473373,0.19036077162376777
2025-12-25,94.07859026573868,94.87561620108158,93.76974632626955,94.487060546875,18220163,0.004448261045103763,7.0142,3959.62109375,0.004738473307005053,0.14674779342609143,0.1907051065177389
2025-12-26,94.92542388513446,101.07246102893532,94.8955367432655,99.63782501220703,102095895,0.05451290828098876,7.0063,3963.678955078125,0.0010248105139478714,0.2409192673863696,0.21975646697643697
2025-12-29,100.12599597631468,100.9230218702584,99.22934374587858,99.83707427978516,51916696,0.0019997352165577187,7.0056,3965.280029296875,0.0004039364027448311,0.24052339578457374,0.21984093168849422
2025-12-30,98.89061741619534,99.7773047751335,98.37254828002763,99.37879180908203,31875638,-0.004590303492055692,6.9961,3965.115966796875,-4.1374757592915756e-05,0.24044629375115245,0.218180262123138
